γράφω τήν|I write …|A close‑up of an ancient scribe at a wooden desk, quill pen poised over vellum parchment. The scene is lit by a warm, flickering oil lamp that casts soft amber glows and deep shadows, highlighting the delicate ink strokes. Rendered in the style of a Byzantine illuminated manuscript with gold leaf accents and intricate marginalia, the composition frames the hand in the lower third, the parchment filling the center, and a dimly lit library background. Mood: contemplative and reverent. Colors: ochre, burnt sienna, ivory, and metallic gold. Technical: ultra‑high resolution, shallow depth of field, subtle film grain for a timeless texture.|γράφω_τήν_0001
ἡ οἰκοδομή|the building, structure|A soaring marble temple perched on a cliff at golden hour, its colossal columns catching the last slant of sun. Shot from a low angle to emphasize grandeur, with clouds swirling behind and a turquoise sea far below. Rendered in a hyper‑realistic 3D style with volumetric lighting, slight lens flare, and soft shadows that accentuate the stone's veining. Mood: awe‑inspiring and serene. Palette: warm golds, cool blues, stark white marble. Technical: 8K resolution, HDR, subtle depth‑of‑field blur on distant horizon, slight atmospheric haze.|ἡ_οἰκοδομή_0002
ἡ πηγή|the spring, source, fountain|A crystal‑clear spring bubbling from a moss‑covered rock in an enchanted forest, mist rising in delicate spirals. The composition centers the water source, with ancient ferns framing the sides and dappled sunlight filtering through emerald canopy. Rendered as a digital watercolor with soft pastel tones, luminous highlights on the droplets, and a gentle glow that makes the water appear magical. Mood: tranquil and rejuvenating. Colors: jade green, pale turquoise, soft earth browns, sunrise gold. Technical: high‑detail macro focus, shallow depth of field, slight motion blur on the flowing water, 4K resolution.|ἡ_πηγή_0003
ἡ σελήνη|the moon|A full moon dominating a night sky over a calm ocean, its silvery disc reflected perfectly in the water. The composition uses a symmetrical vertical split, with the moon in the upper third and its mirror image below. Rendered in a cinematic, high‑contrast style reminiscent of classic sci‑fi posters, with rim lighting around the lunar craters and subtle starbursts. Mood: mystic and solemn. Palette: deep indigo, pale silver, faint navy accents. Technical: 8K ultra‑sharp detail, volumetric clouds, gentle lens flare, shallow depth of field on the horizon line.|ἡ_σελήνη_0004
Ἰησοῦς|Jesus|A reverent portrait of Jesus Christ in Renaissance style, seated against a dark draped backdrop, a soft halo of light surrounding his head. The lighting is Rembrandt‑like, with a warm golden key light from the left creating gentle chiaroscuro on his serene face and flowing robes. Composition places his eyes at the upper third, hands folded in prayer occupying the lower right. Mood: compassionate and holy. Colors: rich earth tones, deep reds, muted golds. Technical: oil‑painting texture, 4K resolution, subtle canvas grain, shallow depth of field to blur background.|Ἰησοῦς_0005
κλαίω|I weep, cry|A solitary figure in profile, tear streaks glistening on a porcelain‑smooth cheek, caught in a stark spotlight that isolates the subject against a deep black void. The composition is tight, filling the frame with the face, the eyes reflecting a faint, cool blue light. Rendered in hyper‑realistic digital art with extreme detail to the droplets, subtle skin texture, and a soft vignette. Mood: raw, poignant melancholy. Palette: monochrome with a hint of icy cyan. Technical: 8K resolution, high dynamic range, shallow depth of field, crisp focus on the eyes, gentle bokeh on the surrounding darkness.|κλαίω_0006
ὁ θρόνος|the throne|An ornate golden throne perched on a raised marble platform, encrusted with ruby and sapphire inlays, bathed in warm candlelight that creates a halo of amber glow. The perspective is slightly high, looking down at the throne's intricate carvings, while heavy velvet drapes frame the sides. Rendered in a baroque painting style with rich textures, subtle reflections on the polished metal, and soft shadows. Mood: regal and solemn. Colors: molten gold, deep crimson, royal blue, ivory. Technical: high‑resolution (6K), depth of field focusing on the throne, gentle film grain, slight vignette.|ὁ_θρόνος_0007
ὁ κλάδος|the branch|A close‑up macro view of a twisted olive branch with silvery leaves, dew droplets catching the early morning light. The composition centers the branch’s bark texture, with leaves radiating outward, creating a natural golden‑spiral. Rendered in high‑detail digital photography style, with soft diffused sunlight producing a warm backlight. Mood: peaceful and fresh. Palette: muted greens, earthy browns, gentle gold highlights. Technical: 4K ultra‑macro resolution, shallow depth of field blurring the distant foliage, subtle bokeh from distant light sources.|ὁ_κλάδος_0008
ὁ κύριος|the lord, master, Lord|A towering, divine figure personifying ὁ κύριος—The Lord—stands on the marble steps of an ancient Greek temple at sunrise, his regal form bathed in soft golden light that seeps through towering Ionic columns. He wears flowing, white‑to‑ivory chiton robes embroidered with subtle, iridescent laurel motifs that catch the light, and a crown of laurel leaves glows with a faint amber aura. Behind him, a dramatic sky gradient shifts from deep indigo to warm amber, with delicate rays piercing the clouds, creating a celestial halo around his head. The composition uses a low-angle perspective to emphasize his authority, with the temple’s vaulted ceiling framing him like a throne. Warm, rim lighting outlines his sculpted features, while gentle rim shadows add depth and chiaroscuro. The mood is reverent and majestic, evoking awe and solemnity. Color palette: muted stone greys, soft pearl whites, rich golds, and sunrise oranges, with touches of deep sapphire for contrast. Rendered in ultra‑realistic, photorealistic style with 8K resolution, hyper‑detail on textures (marble veining, fabric folds, subtle skin pores). Use a cinematic aspect ratio 16:9, depth‑of‑field blurring the distant colonnade, while the Lord remains razor‑sharp. Include subtle film grain and slight vignette to enhance timeless, painterly quality reminiscent of classical Renaissance masters fused with modern digital realism.|ὁ_κύριος_0009
ὁ λόγος|the word, message, reason|An abstract surreal scene of floating luminous glyphs spelling an ancient word, each letter rendered as a glowing neon filament against a dark cosmic background. The composition layers the letters in a spiral, with a faint aurora borealis flowing behind, creating depth and movement. Rendered in a digital matte‑painting style with vibrant neon cyan, magenta, and electric violet, soft glows, and subtle star dust. Mood: mysterious and intellectual. Palette: black void, radiant neon colors, gentle pastel highlights. Technical: 6K resolution, depth of field fading into background, slight lens flare on the central glyph, high contrast.|ὁ_λόγος_0010
ὁ λύκος|the wolf|Hyper‑realistic close‑up portrait of a lone gray wolf standing on a mist‑laden pine forest floor. The wolf faces forward with icy blue eyes, fur detailed in fine strands, a slight wind ruffling its mane. Golden hour light filters through the trees, creating rim light on the silhouette and soft deep‑shadow contrasts on the underbrush. Mood is solemn and mysterious, colors muted earth tones with cool blues. Shot with a 85mm f/1.4 lens, shallow depth of field isolates the wolf’s face, background blurred into bokeh. High‑resolution 8K, cinematic aspect ratio 2.35:1.|ὁ_λύκος_0011
ὁ ποταμός|the river|Panoramic digital painting of a winding river cutting through a lush valley at sunrise. The river glistens with amber reflections, flanked by towering cliffs covered in emerald moss. Light spreads warm pastel hues across the sky, casting gentle fog over the water. Composition follows the golden spiral, leading the eye from foreground rocks to distant horizon. Mood is tranquil and awe‑inspiring, color palette of turquoise, amber, and soft lavender. Rendered in high‑detail Octane style, 4K resolution, 16:9 ratio, with subtle volumetric lighting and slight motion blur to suggest a gentle current.|ὁ_ποταμός_0012
ὁ τόπος|the place|Dreamlike illustration of an ancient, forgotten place: a circular stone plaza surrounded by towering marble columns covered in ivy. A soft violet twilight sky overhead, with a faint aurora casting ethereal glows. In the center, a crystal fountain emits shimmering silver spray. Composition centers on the fountain, with leading lines from the columns. Mood is enigmatic and reverent, colors muted teal, violet, and ivory. Styled like a classic oil on canvas with impasto texture, rendered in 8k, chiaroscuro lighting, subtle depth of field focusing on the fountain.|ὁ_τόπος_0013
ὁ χόρτος|the grass, fodder|Vibrant macro photograph of dewy summer grass blades forming a lush carpet. Each blade is sharp, emerald green with silver droplets catching the morning sun. Light comes from a low angle, creating long, soft shadows and a warm amber rim. Mood is fresh and serene. Colors dominated by various greens, highlighted with pearl white. Shot with a 100mm macro lens at f/2.8, ISO 100, shallow depth of field blurring background. High‑definition 6K, aspect ratio 3:2, subtle bokeh of distant wildflowers.|ὁ_χόρτος_0014
ὁ χρόνος|the time|Surreal representation of time as a cascading hourglass composed of translucent crystal sand flowing upwards. Background is a dark velvet void speckled with distant stars. Soft, cool blue and violet lighting emanates from the hourglass, casting gentle glows. Composition centers the hourglass, with the sand forming delicate arches. Mood is contemplative and otherworldly. Colors: icy blues, soft purples, hints of gold. Rendered in high‑detail 3D (Cinema 4D) with ray‑traced reflections, depth of field focusing on the central glass, 4K resolution, 2.39:1 cinematic frame.|ὁ_χρόνος_0015
οἶκος τοῦ θεοῦ|(the) house of God|Majestic celestial temple perched on a floating island above radiant clouds. The structure features soaring golden columns, stained‑glass windows that spill multicolored light, and an immense vaulted dome. Sunlight pierces the clouds, creating a halo effect around the edifice. Composition uses a low angle to emphasize grandeur, with the island framed by swirling aurora. Mood is reverent and awe‑inspiring, palette of gold, ivory, sapphire, and sunrise pinks. Rendered in ultra‑realistic style with V-Ray, 8K resolution, subtle god‑ray volumetric lighting, aspect ratio 21:9.|οἶκος_τοῦ_θεοῦ_0016
σαλεύω τήν|I shake …|A hyper‑realistic, cinematic close‑up of a translucent hand grasping a glowing crystal sphere that appears to be mid‑shake, frozen in a burst of motion. The crystal erupts in a cascade of sparkling light particles and fine, glass‑like shards radiating outward, creating dynamic, swirling trails that blur gently to suggest rapid movement. The scene is lit by a dramatic, high‑contrast rim light from a soft, teal‑blue source on the left, while a warm amber fill light from the right catches the edges of the hand, emphasizing the delicate veins and subtle skin texture. The background is a deep, matte midnight blue with faint, out‑of‑focus nebulae, adding a surreal, otherworldly atmosphere. The composition follows the rule of thirds: the hand occupies the lower left third, the crystal positioned at the intersection point, and the particle streams sweeping across the top right, guiding the viewer’s eye through the motion. Mood is both tense and magical, evoking a sense of controlled chaos and wonder. Color palette balances cool blues, purples, and silvers with warm golds and oranges from the light reflections. Rendered in 8K ultra‑detail, sharp focus on the hand and crystal, with slight motion blur on the particle trails to enhance the feeling of shaking. Use a shallow depth of field (f/1.4), high dynamic range, and subtle volumetric fog to give depth, and apply a slight vignette for dramatic emphasis.|σαλεύω_τήν_0017
τὸ ξύλον|the wood, tree, stake|High‑detail illustration of a massive ancient oak tree split open to reveal a golden wooden stake embedded in its heart. Sunlight streams through the canopy, casting dappled light on the bark. Composition centers the tree trunk, with the stake glowing faintly. Mood is mystical and hopeful. Color palette of deep browns, warm amber, and emerald leaves. Rendered in painterly style reminiscent of classic fantasy art, 6K resolution, subtle depth of field blurring outer branches, soft rim lighting on the stake.|τὸ_ξύλον_0018
τὸ πλοῖον|the boat, ship|Epic cinematic scene of a tall square‑rigged sailing ship cutting through towering white‑capped waves at dusk. The sky burns orange and magenta, with dramatic cloud formations. Low‑angle perspective from the deck, showing ropes and billowing sails. Mood heroic and adventurous. Colors: deep navy sea, fiery sunset, ivory sails. Rendered with photorealistic Unreal Engine, 8K resolution, volumetric fog, motion blur on water spray, aspect ratio 2.39:1.|τὸ_πλοῖον_0019
τὸ σουδάριον|the face-cloth, handkerchief|Elegant vintage handkerchief laid delicately on an antique wooden table. The cloth is white linen with embroidered lavender roses and gold thread. Soft window light from the left creates gentle shadows and highlights the embroidery. Mood is nostalgic and refined. Color scheme: ivory, pastel lavender, muted gold. Shot with a 50mm lens at f/2, shallow depth of field, focus on the embroidery. High‑resolution 5K, 4:3 aspect ratio, slight vignette for classic portrait feel.|τὸ_σουδάριον_0020
τὸ χρυσίον|the gold|Close‑up macro of a pure golden ingot glimmering on a dark velvet cushion, shot with a macro lens at f/2.8, shallow depth of field. Warm, soft directional light from the left creates a gentle halo and highlights the intricate grain of the metal. The background fades into deep charcoal, emphasizing the rich amber‑yellow hue. Reflections ripple across the surface, suggesting ancient craftsmanship. Include subtle bokeh of tiny metallic flecks and a faint halo of dust particles caught in the beam, giving a timeless, reverent mood. Render in hyper‑realistic style with ultra‑sharp detail and slight film‑grain texture.|τὸ_χρυσίον_0021
τότε|then, at that time|A nostalgic, sepia‑toned scene of an old marketplace at twilight, reminiscent of a 19th‑century photograph. Composition places a cobblestone street vanishing into a hazy horizon, with silhouettes of traders and lanterns casting amber glows. Soft, diffused lighting from a low sun creates long shadows and a gentle vignette. Mood is wistful and reflective, evoking memory. Include subtle grain, slight scratches, and a faint matte finish. Style blends vintage photography with painterly brushstrokes, rendered in high resolution, 4k, with a focus on texture and atmospheric depth.|τότε_0022
φεύγω ἀπό|I flee from …|Dynamic action shot of a lone figure sprinting out of a burning ancient ruin. The composition is diagonal, emphasizing motion; foreground blur conveys speed, while the background shows towering flaming columns and swirling smoke. Strong backlighting from the fire creates a dramatic rim of orange‑red light around the runner, contrasted with deep shadows. Mood is urgent, tense, heroic. Use cinematic color grading with high contrast, vivid reds and cool blues in the smoke. Capture with a wide‑angle lens, shallow depth of field, motion blur on the legs, and crisp focus on the determined face. Render in hyper‑realistic style with volumetric lighting and dust particles.|φεύγω_ἀπό_0023
φυτεύω τήν|I plant …|Serene garden scene at golden hour, centered on a pair of hands gently placing a young sapling into freshly turned earth. The composition is balanced: the hands in the lower third, the sapling rising toward a soft, warm sky. Warm, directional sunlight filters through nearby trees, casting dappled light on the soil and highlighting the rich browns and vibrant greens. Mood is calm, hopeful, nurturing. Include shallow depth of field to blur distant foliage, while the soil texture and leaf veins are razor‑sharp. Render in a realistic painterly style with delicate brushstroke detail, subtle lens flare, and a pastel color palette with hints of amber and emerald.|φυτεύω_τήν_0024
