βλέπει τήν|(he/she) sees / is looking at…|Graphic-novel panel: a lone, wide-eyed youth on a clifftop, seen from a low ¾ angle, staring down at a ghostly trireme emerging from wine-dark waves. High-contrast black ink with digital cerulean highlights; sharp speed-lines and hatching carve the wind. Moon slashes silver across the character’s iris, leaving the whites luminous. Negative space frames the ship like a prophecy; Ben-Day dots texture the sky. Dramatic chiaroscuro, 35 mm lens, cinematic 2.35:1, 600 dpi line art ready for flat color.|βλέπει_τήν_0001
ἐσθίει τήν|(he/she) eats / is eating…|Tight graphic-novel close-up: battle-worn woman crouched by ember glow, biting into a pomegranate whose seeds spray like spattered blood. Inked with heavy crow-quill cross-hatching; selective crimson spot color on arils and her cracked lip. Light flickers from below, casting long noir shadows across weathered bronze armor. Speed-lines imply motion; halftone texture on smoke. Grainy 1200 dpi, shallow depth, evokes Frank Miller meets ancient pottery red-figure style.|ἐσθίει_τήν_0002
ἡ ἀδελφή|the sister|Medium shot in classic graphic-novel layout: young woman in chiton and worn leather satchel stands at a threshold, backlit by blazing white Aegean sun. Stark black ink outlines, white highlights on her determined eyes; background village sketched with minimal brushstrokes. Negative space halo suggests impending departure. Warm umber flat-wash on doorframe contrasts cool line art. 45° Dutch tilt heightens tension; crisp 600 dpi, ready for screen-print color separation.|ἡ_ἀδελφή_0003
ἡ ἐπιστολή|the letter (message)|Extreme close-up panel: weather-scarred parchment held by calloused fingers, wax seal cracked like lightning. Macro ink texture shows every fiber; single crimson spot color on a bloody thumbprint. Side-lit by taper flame, shadows form Greek key patterns. Overlay of semi-transparent flashback vignettes inside the letter’s silhouette—graphic-novel memory device. High-resolution 1200 dpi, chiaroscuro reminiscent of noir detective epistolary scenes.|ἡ_ἐπιστολή_0004
ἡ κεφαλή|the head|Severe graphic-novel bust: severary hero’s head on rough wooden pike, yet eyes blaze with defiant life. Heavy black ink, white gouache catch-lights; angular speed-lines radiate like pain. Background abstract—negative space shaped into mourning laurel. Limited palette: monochrome with gold-leaf accent on a laurel sprig clenched in teeth. High-contrast, 900 dpi, evokes Moebius meets propaganda poster.|ἡ_κεφαλή_0005
ἡ κώμη|the village|Wide establishing panel: hillside hamlet at blue hour, white cubes stacked like comic blocks. Overhead, sweeping brush-ink clouds; windows glow with amber spot color. Foreground silhouette of traveler, cloak whipping, drawn with minimal lines to invite reader projection. Depth via overlapping Ben-Day dot layers. Cinematic 2.4:1 ratio, 600 dpi line art, ready for soft cel-color flatting.|ἡ_κώμη_0006
ἡ ποίμνη|the flock (of sheep)|Dynamic graphic-novel aerial: swirling sheep rendered as collective white mass using negative space against charcoal scrubland. Shepherd staff breaks the pattern—bold black diagonal. Motion lines and stipple dust imply bleating chaos. One sheep singled out with subtle blue wash, foreshadowing narrative focus. High-resolution 1200 dpi, stark contrast, echoes Frank Miller action sequences.|ἡ_ποίμνη_0007
ἡ σκηνή|the tent / dwelling|Night scene panel: low-angle view of goat-hair tent, interior lantern projecting sharp silhouettes—warrior arming, shadow puppets telling myth. Exterior inked with rough dry-brush; interior warm sienna flat color split by canvas slit. Diagonal composition creates tension; halo of stars dotted with white ink. 600 dpi, ready for screen-print overlays, evokes cinematic campfire chapter break.|ἡ_σκηνή_0008
κράζει|(he/she) cries out, shouts|Explosive graphic-novel inset: mouth wide in anguish, inked with jagged speed-lines radiating like shattered pottery. Background falls away into white void; sound effect ‘ΚΡΑΖΕΙ’ lettered in fractured Greek typography, integrated into the line art. Selective crimson on tongue and uvula for visceral punch. High-contrast 900 dpi, shallow focus, evokes raw emotion of manga scream filtered through European ligne claire.|κράζει_0009
νεύει|(he/she) nods, beckons|Subtle beat panel: cloaked figure in profile, single eye visible under helm, slight downward tilt of chin. Economy of line—three confident strokes define motion; negative space arrow directs reader to next panel. Soft cel-shaded twilight palette: indigo and bronze. Minimal background, just horizon hatching. 600 dpi, quiet tension, invites reader into conspiratorial moment.|νεύει_0010
ὁ ἄνθρωπος|the human being, man|Graphic-novel splash page: a lone man stands on a rooftop at dusk, wind whipping his trench-coat into bold, ink-heavy folds. High-contrast chiaroscuro—deep obsidian shadows carved by razor-edged white highlights—defines every muscle and seam. His face, half-lit by a distant neon crucifix, is rendered with fine hatch lines and sharp negative space; eyes are masked in mystery, reflecting the city’s amber glow. Background sky is a duotone wash of bruised violet and sulfur yellow, with speed-line clouds streaking toward vanishing point. Dramatic low-angle perspective exaggerates stature; gutters and panel borders bleed off the page. Palette limited to black, warm grey, and single accent pop of crimson on a wristband. High-resolution halftone texture, 45-degree Ben-Day dots for tonal gradation, emphasize graphic authenticity.|ὁ_ἄνθρωπος_0011
ὁ ἄρτος|the bread, loaf|Close-up graphic panel: a rustic loaf cleaved in two, center-frame against stark negative space. Inked with thick, confident brush lines; crust texture built from cross-hatching that mimics woodcut engraving. Dramatic side-lighting from unseen window casts blade-sharp shadow shaped like an open scroll across worn wooden table. Monochrome sepia palette with single spot color—warm ochre highlight on steaming crumb—to focus reader’s eye. Diagonal composition creates tension; crumbs scattered like motion lines. Overlay subtle halftone dots for newsprint feel, contrast pushed to maximum for vintage comic gravitas.|ὁ_ἄρτος_0012
ὁ θεός|God, god|Full-bleed graphic novel page: colossal figure emerges from swirling negative space, composed of radiant geometric halos and cascading black ink ribbons. Face obscured, implied by white-hot gap in darkness; eyes are twin spot-white lenses with speed-lines suggesting omniscience. Lightning-bolt cross-hatching spirals outward, forming panel gutters that fracture smaller scenes of creation within robes. Palette strictly binary—absolute black versus blinding white—with metallic silver overlay ink for divine highlights. Extreme仰视 perspective forces reader to crane upward; tiny human silhouette in foreground for scale. Ben-Day dots and coarse newsprint texture reinforce printed authenticity.|ὁ_θεός_0013
ὁ ἵππος|the horse|Dynamic action panel: black stallion rears against fractured cityscape at twilight, inked with bold Kirby-style energy lines. Coat rendered glossy through dense reflective cross-hatching; mane explodes into abstract speed whips that double as motion graphics. Low-key lighting—deep indigo shadows pierced by magenta rim-light from neon signs. Composition uses Dutch tilt to amplify urgency; foreground gutters splinter like broken glass. Limited palette: black, cold cyan, and hot magenta only. Halftone dots and slight misregistration evoke vintage pulp printing, while extreme contrast heightens dramatic tension.|ὁ_ἵππος_0014
ὁ καρπός|the fruit / produce|Macro panel detail: a single pomegranate split open, seeds scattering in bullet-time across page. Seeds inked as tiny perfect circles with white specular dots; arils glow via saturated crimson spot-color against desaturated olive background. Surrounding space filled with swirling speed lines and botanical cross-hatching reminiscent of old botanical etchings. Light source from upper left, casting dagger shadows that form hidden letterforms. Overlay coarse halftone for print texture; high contrast gives pop-art punch while maintaining graphic-novel gravitas.|ὁ_καρπός_0015
ὁ νόμος|the law|Vertigo-inducing panel: towering stone tablets loom above viewer, inscribed with angular script that morphs into panel borders crushing tiny figures below. Stark chiaroscuro—granite blacks versus surgical white highlights—creates oppressive mood. Lightning cracks behind, inked with razor-negative strokes. Palette reduced to black, white, and cold slate grey; single blood-red droplet on corner hints at consequence. Extreme foreshortening and heavy cross-hatching reference classic EC horror comics. Misaligned Ben-Day dots add unsettling print aberration, underscoring authority’s flawed humanity.|ὁ_νόμος_0016
ὁ ὀφθαλμός|the eye|Tight first-person inset: extreme close-up of a single human eye filling entire panel, iris drawn with concentric halftone rings that spiral into deep black pupil. Surrounding sclera textured with fine stipple; reflected within cornea, miniature cityscape silhouetted at sunset—orange and violet duotone. Thick ink outlines echo classic comic inking; tear duct highlighted by single white spot for dimensional pop. Subtle speed-lines radiate outward, implying surveillance or revelation. Palette limited to warm greys, amber, and pitch black. Coarse newsprint grain completes vintage graphic-novel authenticity.|ὁ_ὀφθαλμός_0017
ὁ χριστός|the anointed one, Christ|Iconic splash page: silhouetted figure stands beneath colossal cosmic cross constructed of negative space amid starfield. Robe inked with sweeping brush lines; folds form hidden gospel panels. Halo rendered as thin white line-art circle fractured like broken chains. Lighting from behind creates pure rim-light, turning silhouette into glowing cut-out against indigo cosmos. Palette strictly black, white, and single gold accent for sacred highlight. Perspective places viewer at foot level, forcing reverent upward gaze. Halftone dots and slight off-register cyan overlay evoke hand-printed pamphlet, grounding divinity in tactile humanity.|ὁ_χριστός_0018
τὸ βιβλίον|the book / scroll|Dynamic still-life panel: ancient scroll unfurls mid-air, pages fluttering like dove wings, each sheet inked with varying cross-hatch density to show depth. Candle off-frame provides warm amber side-light, casting elongated shadows that spell hidden text on cracked stone floor. Scroll edges bordered by black ink speed-lines suggesting motion. Palette: sepia, umber, and stark white highlights; single spot of vermilion wax seal for focal accent. Extreme diagonal composition creates tension; coarse halftone texture and slight ink bleed emulate underground-press authenticity.|τὸ_βιβλίον_0019
τὸ ἱμάτιον|the garment, cloak|Noir vignette: long trench-coat suspended on deserted alley clothesline at midnight, wind inflating it into ghostly human shape. Inked with heavy brush shadows; interior folds become abstract panels telling silent stories. Single streetlamp provides high-contrast top-light, carving blade-sharp shadows on wet cobblestones. Palette limited to black, cold steel grey, and white; inner lining revealed in blood-red flash for dramatic reveal. Low-angle perspective with exaggerated perspective lines draws eye upward. Halftone dots and slight misregistration add 1950s pulp comic texture, evoking mystery and anonymity.|τὸ_ἱμάτιον_0020
τὸ πετεινόν|the bird|Graphic-novel panel: a razor-beaked crow frozen mid-screech, wings scything across a sulphur-yellow sky. High-contrast inks—jet black feathers etched with white hatch-lines, blood-red rim-lighting from a low, angry sun. Dutch-angle composition, extreme close-up on one obsidian eye reflecting a tiny, distant city. Speed-lines carve the air; halftone dots texture the sky. Mood: ominous, prophetic. 35 mm grain, chiaroscuro shadows, limited palette of noir blacks, hazard yellow, and arterial red.|τὸ_πετεινόν_0021
τὸ ποτήριον|the cup / drinking-vessel|Graphic-novel splash: a chipped clay kylix levitates above a cracked stone altar, moonlight slicing through it like liquid silver. Cross-hatching builds volume; negative space forms ghostly faces inside the cup. Cool cyan and desaturated umber dominate, with a single white ink highlight glinting on the rim. Low-key lighting, long shadows streak outward like spilled wine. Mood: ritual, foreboding. 45° downward shot, deep depth of field, visible ink brushstrokes, halftone shadows.|τὸ_ποτήριον_0022
τὸ τέκνον|the child|Graphic-novel frame: barefoot child stands in rain-slick alley, oversized adult coat draped like a cape. Neon teal sign buzzes overhead, casting split-tone light—magenta on left cheek, green on right. Wide-eyed, inked with sparse lines, pupils reflect approaching danger. Low-angle street-lamp backlight, puddles mirror comic-book speed-lines. Palette: urban noir—midnight blues, electric highlights, paper-white skin. Grainy 50 mm lens, shallow focus, tension in clenched fists, silent scream implied.|τὸ_τέκνον_0023
τύπτει τήν|(he/she) strikes / hits…|Graphic-novel action beat: fist meets jaw in extreme freeze-frame, impact drawn with white-on-black Ben-Day burst. Foreground fist inked in heavy silhouette, background face contorted, motion lines radiate like shattered glass. Monochrome except for a crimson spray across the panel border. Low, gritty lighting—single overhead bulb casts razor shadows. Mood: raw violence. 24 mm wide-angle, slight fisheye distortion, ink splatter texture, sound effect ‘KRAK’ lettered in jagged white strokes.|τύπτει_τήν_0024
