ἀτενίζω εἰς αὐτήν |I look intently / fix my gaze on her/it|Color pencil sketch of a solitary male figure seated on weathered stone steps, body angled forward, hands clasped between knees, eyes locked on a translucent female silhouette standing three meters away. Cross-hatched indigo shadows pool beneath the steps; warm sanguine strokes highlight his cheekbones and the ghostly edges of her form. Diffused moonlight from upper left creates soft lavender mid-tones on marble textures. Grainy paper tooth visible, loose pigment dust in background suggesting starlight. Moody, reverent atmosphere, tight 85 mm composition, focus on the intensity of his gaze.|ἀτενίζω_εἰς_αὐτήν_0001
 δέω αὐτήν |I bind / tie her/it|Color pencil sketch showing strong hands wrapping faded crimson ribbon around antique parchment scrolls on a cedar table. Foreground dominated by overlapping loops of ribbon rendered in burnt umber and scarlet cross-hatching; background fades into cool cerulean smudges. Single candle off-frame left casts warm ochre highlights across knuckles and creates sharp graphite-edge shadows under twine. Paper texture emphasized with white chalk flecks, giving dusty archival feel. Tight 50 mm macro perspective evokes tension and reverence, while muted palette maintains solemn mood.|δέω_αὐτήν_0002
 δοξάζω σε |I glorify / honor you|Color pencil sketch of robed figure kneeling on mosaic temple floor, arms outstretched toward burst of radiance overhead. Prism-like rays rendered in layered yellow, magenta, and cyan strokes that fragment across rough paper grain. Kneeling figure drawn with earthy sepia and umber contours, white gel-pen highlights on fingertips catching divine light. Low-angle 24 mm perspective amplifies vertical space; background columns loosely suggested with diagonal hatching. Atmosphere triumphant yet intimate, edges softly smudged to evoke incense haze.|δοξάζω_σε_0003
 ἐλεύθερος |free (man), at liberty|Color pencil sketch of barefoot traveler standing on cliff edge at dawn, wind pressing tunic against body. Open sky rendered in layered powder-blue strokes blending into warm peach sunrise; distant birds suggested by quick flicks of white charcoal. Figure outlined with confident sepia line work, broken contours implying motion. Loose, expressive hatching on rocky ground contrasts with soft pastel clouds, symbolizing liberation. Wide 35 mm landscape format, horizon placed low to emphasize vast sky, evoking expansive, hopeful mood.|ἐλεύθερος_0004
 εὐαγγελίζομαί σοι λόγον |I proclaim (the) good-news word to you|Color pencil sketch of cloaked messenger leaning toward listener across rough wooden tavern table. Speaker’s face lit by warm candle glow rendered in cadmium orange and peach cross-hatch; listener half-lit, eyes widening, drawn with cooler violet tones. Scroll partially unrolled, text hinted by delicate graphite lines. Background patrons fade into indigo scumbles, keeping focus on animated gestures. Shallow 50 mm depth of field, paper tooth visible, conveying intimate yet urgent atmosphere of shared revelation.|εὐαγγελίζομαί_σοι_λόγον_0005
 Ἑρέσιος |Erastus (proper name)|Color pencil portrait bust of Erastus, middle-aged public official, slight smile, curly hair and short beard rendered with dense umber and sienna cross-hatching. Subtle crimson stroke on cloak clasp denotes civic status. Light source from upper left produces warm highlights on forehead and bridge of nose; shadows in cool Payne’s grey. Background loosely suggested with vertical blue-grey lines, evoking marble portico. Fine white chalk touches bring out reflective sheen on eyes, giving lifelike spark. Neutral 85 mm lens feel, dignified yet approachable mood.|Ἑρέσιος_0006
 Ἕφεσος |Ephesus (city)|Color pencil aerial sketch of ancient Ephesus at golden hour: Library of Celsus centered, its two-story façade drawn with precise sepia lines, amber and peach strokes for fading sunlight. Marble streets suggested by parallel cream hatching; distant amphitheater lightly outlined in muted violet. Cypress trees indicated with quick vertical green lines; rolling hills beyond rendered in layered blue-green scumbles. Visible paper grain gives texture to sun-bleached stones, while soft smudging in sky evokes warm breeze. Wide 28 mm vista, nostalgic yet vibrant mood.|Ἕφεσος_0007
 ἡ Αἴγυπτος |Egypt|Color pencil sketch of Nile at dawn: felucca with raised sail gliding past silhouetted palms, rendered in burnt umber and indigo. Water surface created with horizontal lavender and turquoise strokes reflecting early pink sky; pyramids barely suggested on horizon by faint ochre outlines. Foreground sand dunes drawn with loose sienna hatching, paper tooth leaving sparkling highlights. Warm 35 mm perspective, atmosphere serene and timeless, slight graininess conveying desert dust suspended in air.|ἡ_Αἴγυπτος_0008
 θύω σοι τι |I sacrifice something to you|Color pencil sketch of weathered stone altar at twilight, small bronze bowl emitting thin ribbon of smoke rendered with swirling grey and mauve strokes. Offerer’s hands, foreshortened, place ripened fruit into flame, highlights picked out in white chalk. Background cypress trees fade into violet dusk; sky gradates from deep indigo to warm amber at horizon. Dramatic side lighting from unseen torch creates sharp sepia shadows across chiseled altar glyphs. Tight 50 mm framing, solemn reverent mood emphasized by rough paper texture catching loose pigment like drifting ash.|θύω_σοι_τι_0009
 ὁ ἀετός |the eagle|Color pencil sketch of mature eagle descending onto craggy outcrop, wings spread wide. Primary feathers rendered with sharp graphite lines layered over cool slate-blue and ivory strokes; body built from warm burnt umber cross-hatch. Rock surface suggested with diagonal sepia hatching, white chalk speckles for granite shine. Backdrop sky loosely blended using cerulean and peach, hinting sunrise. Low-angle 70 mm perspective amplifies majesty; visible paper tooth adds kinetic texture to wing edges, conveying power and freedom, mood noble and alert.|ὁ_ἀετός_0010
 ὁ πειρασμός |the temptation / testing|Color pencil sketch of a lone figure standing at a crossroads beneath a gnarled olive tree, one path bathed in warm amber light, the other in cool indigo shadows. Cross-hatched strokes build tension; fingers drum against a weathered staff. Negative space swirls like whispered voices. Wax-based highlights glint on a serpentine vine curling around the ankle. Moody chiaroscuro, muted earth palette with jolts of crimson on the figure’s cloak lining, 1950s illustration texture, soft vignette edges.|ὁ_πειρασμός_0011
 ὁ τύπος |the pattern / imprint / example|Color pencil sketch of an ancient clay tablet half-buried in sand, its surface bearing a crisp intaglio pattern of interlocking Greek keys. Side-lighting rakes across the relief, leaving cobalt shadows in the grooves. Layered ochre and sienna strokes suggest desert dust; a single cerulean fingerprint smudge implies human touch. Fine line hatching radiates outward like an echo. Dusty rose sky gradation in the background, paper tooth visible, giving tactile toothiness to the composition.|ὁ_τύπος_0012
 περιτέμνω σε |I circumcise you|Color pencil sketch of steady hands in mid-gesture, holding a small flint blade above soft linen. Candlelight warms the umber skin tones while indigo shadows pool beneath the wrists. Delicate cross-contour lines trace tendons; a single crimson wax highlight marks the blade’s edge. Background fades into unfinished parchment, symbolizing transition. Ethereal violet smoke curls upward, suggesting ritual. Soft graphite undertones enhance solemnity, keeping detail respectful and symbolic rather than graphic.|περιτέμνω_σε_0013
 σός |your, yours (sing.)|Color pencil sketch of a small wooden keepsake box open on a sun-bleached windowsill, inside lies a solitary bronze ring catching morning light. Hatched sepia strokes describe worn grain; a single initial is carved on the lid. Cool cerulean shadows contrast with honey highlights, implying ownership and intimacy. Dust motes rendered in white pastel dust sparkle in diagonal shafts of light. Background window shows faint vineyard silhouette, soft focus, evoking personal memory.|σός_0014
 τὸ βρῶμα |the food / that which is eaten|Color pencil sketch of a rough linen cloth spread on weathered marble, bearing a crust of barley bread, a handful of purple olives, and a clay bowl of figs. Warm sienna and burnt umber layers build texture; loose linear strokes trace breadcrumbs. Cool viridian shadows anchor the objects while a honey-colored spotlight suggests late afternoon. Visible paper fibers give organic tooth; subtle grease bloom on the cloth rendered with ochre washes, inviting yet humble.|τὸ_βρῶμα_0015
 τὸ γόνυ |the knee|Color pencil sketch of a single bent knee protruding from layered robe hems, pressed against dusty flagstone. Cross-hatched terracotta and umber define muscular contours; a scar is hinted with a fine white chalk line. Cool periwinkle shadows fill crevices, while a shaft of golden side-light grazes the patella, creating a subtle halo. Background fades into loose vertical strokes of indigo, suggesting prayer or rest. Paper tooth peeks through, giving raw authenticity.|τὸ_γόνυ_0016
 τὸ κτῆμα |the possession / property|Color pencil sketch of an old iron key lying atop a rolled parchment map, both resting on a cracked cedar plank. Oxidized rust rendered in layered sienna and maroon pencil, with white wax highlights on worn teeth. Cool slate shadows pool beneath, implying weight. Fine line hatching across the parchment hints at boundaries of land. Background vignettes to warm gray, focusing eye on the key’s silhouette; visible paper fibers add tactile nostalgia, evoking legacy.|τὸ_κτῆμα_0017
 τὸ οὖς |the ear|Color pencil sketch of a close-up human ear against a muted olive backdrop, every ridge delicately cross-hatched in sepia and warm sienna. A single translucent ray of candlelight grazes the helix, leaving lavender shadows within the concha. Tiny graphite speckles suggest faint hair; a faint blue vein implied by light cyan line. Negative space forms an abstract spiral, hinting at sound. Paper tooth gives soft fuzz, evoking whispered secrets, overall intimate and contemplative mood.|τὸ_οὖς_0018
 τὸ πόμα |the drink / beverage|Color pencil sketch of a shallow terracotta kylix tilting, deep crimson wine lapping at the rim. Layered scarlet and burgundy strokes describe liquid depth; white wax highlights catch trembling surface tension. Cool indigo shadows anchor the cup on a rough wooden table, while ambient candlelight warms the earthenware lip. Loose radial hatching beneath implies spilled droplets. Background fades into warm umber haze, evoking convivial warmth and ancient feasts, visible paper tooth adding rustic charm.|τὸ_πόμα_0019
 τὸ πρᾶγμα |the deed / matter / thing|Color pencil sketch of an ink-stained hand releasing a small sealed scroll onto a mosaic floor; tessellated tiles rendered in muted teal and ochre cross-hatching. Diagonal light slices through, leaving cobalt shadows under the scroll’s wax seal—crimson wax highlighted with a touch of white. Surrounding strokes blur, suggesting consequence rippling outward. Background softens into graphite gray, focusing attention on the decisive moment. Paper tooth visible, giving tactile urgency to the symbolic act.|τὸ_πρᾶγμα_0020
 τὸ τέρας |the wonder / sign / portent|Color-pencil sketch: a colossal, coiling sea-serpent erupts from moonlit waves, its iridescent scales rendered in layered indigo, viridian, and burnt-sienna strokes. The creature’s single luminous eye—highlighted with white pencil—glows like a comet, casting radial graphite shadows across a small, terrified fishing boat in the lower-left corner. Cross-hatched crests sparkle with ultramarine flecks; sky gradates from Prussian-blue to soft lavender using circular, feathery pencil swirls. Jagged lightning, scratched in silver pencil, forks behind, creating a halo of portent. Paper grain left visible for tactile, sketchbook authenticity. Soft, moonlit back-lighting, high contrast, awe-tinged dread mood.|τὸ_τέρας_0021
 τὸ χάραγμα |the mark / stamp / brand|Color-pencil sketch: extreme close-up of weather-beaten forearm branded with an angular, runic sigil burned into flesh. Vermillion and rust-red pencils layer the scar, while violet-blue cross-contours suggest swelling and pain. Surrounding skin modeled with ochre, sienna, and olive hatching; fine white pencil glints imitate sweat. Background fades into loose, diagonal strokes of sepia and charcoal, focusing eye on the mark. Sharp rim-light from upper right creates metallic sheen, hard graphite shadows carve depth. Mood: solemn, branded identity, permanence. Paper texture visible, sketchy outlines remain slightly unfinished for raw energy.|τὸ_χάραγμα_0022
 φαίνομαί σοι |I appear / seem to you|Color-pencil sketch: translucent figure of a woman materializes inside a sun-dappled archway, edges dissolved into swirling, pastel scumbles of peach, lilac, and pale turquoise. Core drawn with warmer, firmer terra-cotta and mahogany lines that taper into ghostly, lifting fibers. Floor tiles rendered in burnt-umber and cream cross-hatching cast cobalt shadows, anchoring reality. Soft morning side-light diffuses through graphite-smudged dust motes, creating ethereal glow. Composition centers on the apparition’s blurred hands reaching toward viewer, inviting belief. Mood: tentative, dreamlike, uncertain presence. Visible paper tooth enhances sketch spontaneity.|φαίνομαί_σοι_0023
 φημὶ λόγον|I say / assert (a) word|Color-pencil sketch: mid-shot of ancient orator on marble step, mouth open in declaration. His bearded face modeled with warm sienna, umber, and peach layering; a single, glowing golden word—drawn in radiant yellow and white pencil—radiates from his lips like sound-waves into the air, dissolving into violet and cerulean spirals. Background crowd loosely suggested by hatched silhouettes in indigo and charcoal, giving depth without detail. Strong, directional sunlight from left creates sharp crimson shadows under cloak folds; highlights picked out in white. Dramatic, assertive mood, energetic stroke direction conveys vocal force. Paper grain evident for tactile, classical sketch feel.|φημὶ_λόγον_0024
