ἀγαθός |good, beneficial, upright|A radiant marble statue of a youthful Greek hero stands on a dais in a sun-drenched temple portico, golden hour light streaming through fluted columns, warm honey tones on white Pentelic marble, serene expression, chiton fluttering in a gentle breeze, backdrop of clear Aegean sky, cinematic 35 mm depth of field, ultra-sharp 8 K, classical idealism, soft rim-light outlining the figure, palette of ivory, gold, and cerulean, mood of noble calm.|ἀγαθός_0001
 ἄλλος |other, another|Split-composition mirror scene: left side shows a modern scholar in denim at a wooden desk, right side reveals the same figure transformed into an ancient Greek scribe in chiton and sandals, both writing on matching papyrus/tablet, tungsten lamp vs oil-lamp glow, cool vs warm color grading, subtle seam down center, 50 mm lens, shallow focus on hands, indigo and ochre palettes clashing yet harmonizing, sense of temporal duality and alternate selves.|ἄλλος_0002
 ἀναβαίνω εἰς |I go up / ascend into …|Low-angle shot of weather-worn sandstone steps climbing into the glowing colonnade of an Acropolis temple at dawn, a lone traveler in dusty himation mid-stride, sandals catching first light, long shadows stretching downward, sky shifting from lavender to rose-gold, volumetric god-rays between columns, 24 mm wide lens exaggerating ascent, textures of rough stone and smooth marble, palette of dusty ochre, blushing pink, and deep indigo, mood of hopeful pilgrimage.|ἀναβαίνω_εἰς_0003
 ἀποδίδωμί σοι αὐτήν |I give / pay / return it (fem.) to you|Intimate indoor tableau: seated woman in peplos tenderly hands back a small ivory spindle to another woman across a low bronze table, single oil-lamp creates dramatic chiaroscuro, warm amber light glinting on tearful eyes, background shelves of clay tablets fade into bokeh, 85 mm portrait lens, shallow depth isolating intertwined hands, palette of burnt umber, creamy ivory, and flickering gold, mood of quiet reconciliation and feminine solidarity.|ἀποδίδωμί_σοι_αὐτήν_0004
 ἀποστέλλω σε εἰς τόπον |I send you into (a) place|Misty harborside dawn, elder in indigo chiton places a hand on the shoulder of a younger man boarding a small trireme, lantern glow reflecting on wet cobblestones, distant unknown island silhouetted against platinum horizon, cool desaturated teal palette with touches of ochre and rust, 35 mm cinematic lens, low-key lighting, diagonal composition leading from elder’s staff to ship’s prow, mood of solemn farewell and impending voyage.|ἀποστέλλω_σε_εἰς_τόπον_0005
 αὔριον |tomorrow|Time-lapse single frame: star-filled night sky over an ancient agora gradually blends into the first pastel streaks of dawn, marble statues and temple silhouettes remaining constant anchors, cool indigo transitioning to soft peach and lavender, subtle star trails above, 14 mm ultra-wide, long-exposure softness on clouds, crisp foreground textures of flagstones, palette of nocturnal blue into hopeful morning warm, mood of quiet anticipation and renewal.|αὔριον_0006
 γυμνός |naked, poorly clothed|High-contrast monochrome scene: gaunt boy wrapped only in a torn himation clutches knees beside a cold brazier in a narrow alley of white plaster walls, harsh midday sun casts razor shadows, chipped plaster texture emphasized, 50 mm lens at f/1.4 isolating the figure, deep blacks and blown-out whites, minimal palette of graphite and ash, mood of stark vulnerability, documentary realism, faint steam from brazier the only warmth.|γυμνός_0007
 εἰσέρχομαι εἰς |I enter into …|Dramatic doorway shot from inside a dimly lit temple sanctuary: tall bronze doors swing inward, silhouetted priestess in flowing white peplos steps across threshold, blazing sunlight outside creates blinding halo, dust motes sparkling in volumetric beam, interior cool cyan shadows contrast with exterior gold, 24 mm wide lens emphasizing depth, textures of rough bronze and smooth marble floor, palette of molten amber vs mystic teal, mood of sacred transition.|εἰσέρχομαι_εἰς_0008
 ἐχθές |yesterday|A weathered brass pocket watch lies half-submerged in pale silver sand, its cracked glass face stopped at 11:11, Roman numerals tarnished sea-green. Behind it, a translucent curtain of fine linen billows from an unseen ocean breeze, printed with faint sepia photographs—faces blurred, edges burnt—hovering like ghosts. Golden-hour light slices through the fabric, scattering dusty amber motes that settle on the watch, igniting tiny sparks on the corroded gears. In the distance, a sun-bleached Victorian pier dissolves into a calm indigo horizon; its skeletal rails echo the watch’s Roman numerals, creating converging lines that pull the eye toward the vanishing point. Color palette: muted ochre, antique bronze, desaturated cyan, with single accents of vermilion where rust bleeds into cloth. Shot on a vintage large-format lens simulation: shallow depth of field, f/2, focus locked on the watch, background melting into creamy bokeh; subtle film grain, 4:5 aspect ratio, ultra-sharp macro detail on oxidized textures. Mood: wistful, suspended between memory and forgetting, the hush just after the last echo.|ἐχθές_0009
 καλῶς |well, rightly, beautifully|Golden ratio composition: master artisan in short chiton finishes painting delicate meander on a red-figure amphora inside sunlit studio, warm late-afternoon light catching flecks of ultramarine and cinnabar on brush, sharp 100 mm macro on steady hands, smooth bokeh of orderly shelves in background, palette of rich terracotta, lapis, and honeyed marble, serene expression, atmosphere of perfected craft, subtle lens flare adding ethereal glow to flawless execution.|καλῶς_0010
 μανθάνω αὐτήν |I learn it (fem.)|Ancient Greek courtyard at dawn, a young woman in flowing chiton sits on marble steps, one hand touching a papyrus scroll unfurled across her lap, other hand raised to temple in contemplation. Warm Attic sunrise rakes across honey-colored stone, casting long shadows and picking out the ochre and lapis pigments of the scroll. Dust motes glow like tiny stars. Soft diffused backlight halos her braided hair; shallow depth of field isolates her serene face. Color palette: warm terracotta, muted indigo, aged ivory. Cinematic, 35 mm, low-angle shot, subtle film grain, quiet scholarly mood, hints of owl and olive branches in background symbolizing Athena and wisdom.|μανθάνω_αὐτήν_0011
 ναί |yes, truly|A radiant Greek amphora floats against a star-pricked indigo sky, its terracotta surface cracked yet glowing from within by liquid gold light that spells “ΝΑΙ” in flowing Ionic script. The letters bloom like luminous coral, casting warm honeyed reflections onto surrounding clouds which curl into Ionic volutes. Below, an endless marble staircase ascends through translucent layers of Aegean blue mist, each step etched with tiny affirmations in ancient Greek, shimmering under soft moonlight. A single olive leaf, edged in dawn pink, drifts across the scene, leaving a trail of golden pollen that sparkles like fireflies. Hyper-real style, 8K clarity, shallow depth of field with the amphora tack-sharp while background elements melt into bokeh reminiscent of vintage Zeiss optics. Color palette: deep lapis, burnished gold, blush rose, and alabaster white, all suffused with subtle volumetric light rays creating a sacred, jubilant mood. Shot from a low heroic angle, rule-of-thirds placement of the amphora, ultra-wide 14 mm lens perspective for majestic scale, cinematic contrast, gentle film-grain overlay for timeless texture.|ναί_0012
 νεκρός |dead, a corpse|Moonlit marble sarcophagus in an overgrown olive grove, pale body draped in translucent linen, silver moonbeams carving chiaroscuro across still face. Deep blue-black sky, cool cyan highlights on stone, muted umber shadows. Low-key lighting, 24 mm wide-angle, slight Dutch tilt suggesting unease. Fireflies drift like wandering souls; a single white lily rests on chest. Color palette: cold ivory, desaturated teal, charcoal. Somber, reverent atmosphere, subtle volumetric fog, fine film-grain texture.|νεκρός_0013
 ὁ τρόπος |the way, manner, custom|Dusty ancient stone path winding through cypress hills toward a distant temple colonnade, shot at golden hour. Lone traveler in hooded himation walks with staff, elongated shadow stretching ahead. Warm sienna earth, muted viridian foliage, azure sky gradating to peach horizon. Rule-of-thirds composition, 35 mm lens, moderate depth of field keeps path sharp while background temple glows softly. Gentle lens flare, timeless pastoral mood, color-graded like hand-tinted postcard, subtle dust particles glinting in backlit air.|ὁ_τρόπος_0014
 πίμπλημι αὐτὴν αὐτοῦ |I fill her (it) with / from him (it)|Macro shot of terracotta amphora being poured with thick golden olive oil, liquid swirling into vortex, warm backlight turning stream translucent. Female hands gracefully tilt vessel, male hand steady below, droplets suspended like tiny glass planets. Palette: rich ochres, molten amber, earthenware red. High-speed shutter freezes motion, shallow DOF isolates pour; subtle steam shows freshness. Sensual, nourishing mood, Renaissance-style chiaroscuro, 100 mm macro lens, fine canvas texture overlay.|πίμπλημι_αὐτὴν_αὐτοῦ_0015
 προστίθημι αὐτὴν αὐτῷ |I add her (it) to him (it)|Overhead flat-lay of white marble table: pharmacist’s mortar and pestle, woman adding dried lavender sprigs to crushed myrrh resin. Soft diffused morning light from left, casting delicate shadows; cool whites of stone contrast warm purples and golds. Symmetrical composition, minimal negative space, palette: alabaster, muted mauve, antique gold. 50 mm lens, f/4, crisp focus on falling petals, serene alchemical mood, subtle parchment texture background.|προστίθημι_αὐτὴν_αὐτῷ_0016
 στρέφομαί σοι |I turn (myself) to / toward you|Inside dimly lit taverna, warm candlelight flickers across weathered faces; central figure in indigo chiton pivots on wooden stool to face viewer, motion blur on trailing sleeve conveying movement. Background musicians soften into creamy bokeh of ochre walls and copper utensils. Palette: burnt umber, indigo, honeyed skin tones. 35 mm, f/1.8, cinematic grain, intimate inviting mood, shallow DOF keeps gaze razor-sharp while surroundings glow like memory.|στρέφομαί_σοι_0017
 τὸ ἔλαιον |the oil|Still-life of small glass aryballos catching sunrise through open window, olive oil inside refracting emerald and gold rays onto nearby parchment. Dust particles orbit in beam, background fades into cool shadows. Palette: viridian, antique gold, parchment cream. 60 mm macro, f/2.8, high dynamic range, serene contemplative mood, subtle surface reflections, Caravaggio-esque single-source lighting.|τὸ_ἔλαιον_0018
 τὸ μέλι |the honey|Close-up of wooden dipper slowly twirling viscous honey against matte black background, golden spiral catching focused key light like liquid sunshine. Warm tungsten glow, palette: molten gold, dark espresso brown, specular highlights. 100 mm macro, ultra-shallow DOF, suspended driplets frozen mid-fall, luxurious, indulgent mood, subtle bokeh sparkles suggesting bees in soft focus distance.|τὸ_μέλι_0019
 τὸ ὄνομα |the name|Worn marble stele in wildflower meadow, inscription partially legible, late afternoon sun grazing letters so they stand out in sharp relief. Soft breeze bends poppies and chamomile around base, shallow DOF keeps chiseled name sharp while meadow blurs into impressionistic pastels. Palette: sun-bleached ivory, poppy red, cornflower blue, muted greens. 50 mm lens, nostalgic reverent mood, gentle lens flare, subtle vignette frames the enduring stone.|τὸ_ὄνομα_0020
 τὸ πνεῦμα |the spirit, wind, breath|A translucent figure of light emerges from swirling nebula clouds, arms outstretched as golden streams of wind spiral around their ethereal form, particles of stardust transforming into dove feathers mid-flight, rendered in the style of classical Renaissance meets digital surrealism, soft volumetric lighting with rays breaking through dramatic storm clouds, cool blues and warm golds contrasting against deep purple shadows, the composition centered with dynamic diagonal movement from bottom left to top right, shallow depth of field with bokeh effects on floating luminescent orbs, ultra-detailed photorealistic rendering with subtle motion blur on the wind currents, inspired by William-Adolphe Bouguereau's heavenly figures but with contemporary digital art techniques, 8K resolution, cinematic atmosphere with god rays piercing through the spirit's translucent form, particles suspended in air like frozen time, the breath of the cosmos visible as shimmering mist trails|τὸ_πνεῦμα_0021
 τὸ σῶμα |the body|Marble Greek kouros half-emerged from rough stone, shot from low angle against a muted gradient sky, late-afternoon golden-hour light carving sharp shadows along muscle lines, subtle violet fill to cool the whites, hyper-real 85 mm f/1.4 look, surface pores and chisel marks in extreme detail, centered composition, quiet dignity, desaturated warm palette with hints of raw umber, 32-bit color depth, tangible texture inviting touch.|τὸ_σῶμα_0022
 τὸ ὕδωρ |the water|Infinite cerulean wave caught at the millisecond of curl, backlit by sunrise that turns droplets into liquid glass, complementary orange horizon glow, 1/8000 s shutter freeze, 200 mm telephoto isolation, razor-thin focus plane, deep indigo shadows, glossy highlights, mood of quiet power, ultra-sharp 16 K, cinematic teal & orange grade, foreground spray sparkling like diamonds, low horizon rule-of-thirds composition.|τὸ_ὕδωρ_0023
 τυφλός|blind|Close-up of a weathered face with closed eyelids draped in translucent black silk that flutters against a cold graphite backdrop, single overhead softbox creating soft gradient across skin, subtle blue rim light defining cheekbones, monochrome with a single desaturated gold accent on lips, 50 mm f/1.2, shallow depth isolating the subject, tactile grain, contemplative stillness, high-dynamic-range, 8 K, chiaroscuro mood evoking inner vision.|τυφλός_0024
