ἀσπάζομαί σε|I greet / salute you|A lone figure in flowing white linen stands on a marble cliff at dawn, right arm extended in a classical Greek salute—palm forward, fingers together—against a rose-gold sunrise that ignites the Aegean below. The scene is painted in the style of Alma-Tadema meets cyberpunk: hyper-real marble textures laced with faint holographic circuitry, ionic columns half-eroded to reveal glowing copper veins. A translucent olive wreath, its leaves edged in liquid gold, hovers above the figure’s wind-tossed curls. Background: distant triremes rendered as ghostly 3-D wireframes drifting on molten turquoise water. Lighting: low-angle amber sun cuts horizontal god-rays through mineral dust, rim-lighting the silhouette and scattering violet lens flares across a vintage anamorphic lens. Palette: warm ivory, oxidized teal, cyber-magenta accents on garment seams. Mood: timeless reverence colliding with digital afterlife. Ultra-sharp 8K, f/1.4 depth of field, chromatic aberration on highlights, subtle film grain, square format for classical balance.|ἀσπάζομαί_σε_0001
ἐκεῖ|there|A lone figure stands on a marble outcrop that projects like a ship’s prow into a violet–gold sea of clouds, ankle-deep in mist that glows with the last ember of sunset. The scene is painted in the manner of J. M. W. Turner fused with vaporwave surrealism: oil-on-canvas impasto meets soft digital bloom, 8-k resolution. The sky is an ombré furnace—cadmium orange bleeding into ultramarine—while the horizon line is impossibly high, tilting the world 15° upward so “there” feels both precipice and portal. A single Doric column, half eroded and crowned with wild olive, rises behind the figure, its flutes catching rim light that scatters like powdered gold. The traveler wears a linen chiton, edges frayed into luminous threads that echo cirrus clouds; hair and cloth stream sideways in a silent, spectral wind. Depth-of-field is shallow: foreground rock and skin razor-sharp, mid-ground clouds creamy bokeh, background stars already pin-pricking through. Palette: burnt sienna, quinacridone magenta, viridian, and electric cyan glitches at the corners—subtle chromatic aberration suggesting dimensional rift. Lighting is dual-source: warm tungsten sunset from below horizon, cool mercury moonlight from above, creating violet shadows and a halo around the raised hand that points toward the void. Mood: expectant, liminal, “I have arrived at the edge of everywhere.” Camera angle 24 mm, low, tilt-shift for miniature effect; film grain 5%, 65 mm lens distortion, square format 1:1.|ἐκεῖ_0002
ἐνώπιον|before, in the presence of (+ gen.)|Point-of-view shot from marble temple steps looking into sacred cella, massive gold-and-ivory cult statue glowing within; flickering oil-lamp warm light, deep crimson tapestries, volumetric incense smoke, reverent hush, rich jewel tones against cool stone, 24 mm wide-angle, slight barrel distortion, shallow depth, cinematic grain.|ἐνώπιον_0003
ἐργάζομαι|I work, do, accomplish|Close-up of bronze-skinned artisan’s hands hammering red-hot iron on an anvil, sparks flying; dark smithy interior, single furnace blaze as key light, molten orange reflections on sweaty skin, gritty industrious mood, 85 mm macro, ultra-fast shutter freezing sparks, high contrast, earthy umbers and metallic silvers.|ἐργάζομαι_0004
εὔχομαί σοι|I pray / wish for you|Young woman in simple linen chiton kneeling beside olive-tree roots, cupped hands raised toward crescent moon; cool nocturnal blue palette, soft lunar rim light, fireflies like scattered bokeh, tranquil hopeful mood, 50 mm f/1.4, creamy background blur, delicate film-like grain.|εὔχομαί_σοι_0005
ἡ ἁμαρτία|the sin|Broken black-figure kylix on cracked mosaic floor, spilled dark wine forming ominous puddle; single overhead oil lamp casting long shadows, deep crimson and obsidian tones, somber guilty atmosphere, 35 mm tilt-shift, selective focus on fractured pottery, high detail, slight vignette.|ἡ_ἁμαρτία_0006
ἡ γλῶσσα|the tongue / language|A colossal marble tongue emerges from a cracked ancient Greek amphora, each taste bud sculpted as a tiny glowing letter from different alphabets—Greek, Latin, Cyrillic, Arabic, Sanskrit—casting prismatic light through a misty azure void. The tongue's surface ripples like liquid mercury, reflecting forgotten texts that dissolve into constellations of phonetic symbols. Dark indigo shadows pool beneath, while golden hour light fractures through the amphora's fissures, creating a chiaroscuro effect that makes the letters appear to breathe. Baroque composition with the tongue as central spiral, surrounded by floating papyrus fragments that transform into monarch butterflies mid-flight. Hyperrealistic style with surrealist elements, shot as if through a 35mm lens at f/1.4, shallow depth of field blurring the edges into an impressionist haze. Color palette of weathered marble whites, oxidized bronze greens, and deep lapis lazuli blues, punctuated by the warm amber of dying sunlight. The mood evokes the weight of millennia of human expression—simultaneously sacred and profane, eternal yet fleeting.|ἡ_γλῶσσα_0007
ἡ δόξα|the glory / honor / splendor|Golden laurel wreath suspended in shaft of morning light inside dark temple, radiant particles swirling, backdrop of polished bronze shields reflecting gleams; regal triumphant mood, warm amber and cool marble contrast, 50 mm, shallow depth, high dynamic range, subtle lens flare.|ἡ_δόξα_0008
ἡ εἰρήνη|the peace|"A serene Greek coastal sanctuary at golden hour, where an ancient olive tree with gnarled silver-green trunk spreads its branches over a weathered marble altar inscribed with ""ΕΙΡΗΝΗ"". A solitary figure in flowing white linen robes stands in meditation, back to viewer, overlooking the endless Aegean. Soft Mediterranean light filters through the olive leaves, creating dappled shadows on pale stone. Wild sage and lavender grow between cracked mosaic tiles depicting doves. The composition uses the rule of thirds: tree left, figure center, sea right. Colors: warm ochres, sage greens, azure blues, touched with rose gold from the setting sun. Shot in ethereal, dreamlike style reminiscent of Sally Mann's atmospheric photography mixed with classical Greek pottery aesthetics. Depth of field draws eye from sharp foreground textures to hazy distant islands. Mood: transcendent calm, timeless peace, the weight of history meeting eternal present. Technical: 35mm perspective, f/2.8 for shallow depth, soft focus edges, film grain texture, HDR capture of subtle light variations."|ἡ_εἰρήνη_0009
ἡ ζύμη|the yeast / leaven|Overhead shot of weathered terracotta bowl, creamy dough swelling with visible yeast bubbles, scattered flour on dark walnut table; warm bakery window side light, earthy browns and ivory tones, cozy domestic mood, 50 mm macro, selective focus on bubbling surface, tactile texture emphasis.|ἡ_ζύμη_0010
ἡ θάλασσα|the sea / lake|Cinematic wide shot of an ancient Aegean seascape at golden hour, ultrarealistic 8K, long lens compression. Sunlight skims cobalt waves, white marble ruins half-submerged in foreground, gulls wheeling. Palette: warm amber, deep ultramarine, weathered ivory. Soft rim-lighting halos spray; subtle lens flare. Mood: timeless, serene, slightly melancholic. Style: classical oil-painting texture, shallow depth of field, 3:2 aspect, shot on virtual 50 mm, f/1.4, ISO 50, polarized sky.|ἡ_θάλασσα_0011
ἡ τράπεζα|the table / dining-table|Intimate low-angle interior, Roman triclinium lit by flickering olive-oil lamps, 35 mm anamorphic. Low wooden table laden with silver bowls of figs, honey, wine; scattered laurel leaves, terracotta cups. Warm tungsten glow, chiaroscuro shadows across stone walls. Colors: burnt umber, gold, deep crimson cushions. Dust motes in air, shallow depth, cinematic grain. Mood: convivial, hushed anticipation. Style: Caravaggio-inspired realism, 4:3 frame, subtle vignette.|ἡ_τράπεζα_0012
ἡ φυλακή|the prison / guard|Dramatic noir dungeon corridor, single shaft of cold moonlight slicing through iron-barred oculus onto wet flagstones. Guard silhouette in scaled armor, torch ember glowing red. Palette: desaturated slate, rust, ember orange. High contrast, low-key lighting, volumetric haze. Mood: oppressive, claustrophobic. Style: high-detail monochrome with selective color, 21:9 aspect, shallow DOF, 85 mm virtual lens, f/1.8, film grain.|ἡ_φυλακή_0013
ἡ χαρά|the joy / gladness|Explosive golden-hour meadow, children in ancient chitons releasing hundreds of translucent butterflies into lens flare. Slow-motion particles, backlit pollen swirling. Palette: sunlit yellow, viridian, magenta wildflowers. Soft pastel rim-light, dreamy bokeh. Mood: euphoric, weightless. Style: fine-art photography mixed with watercolor splashes, 3:2 aspect, high-resolution, airy highlights.|ἡ_χαρά_0014
ἡ χήρα|the widow|Solemn vertical portrait on weathered marble stoop, elderly woman draped in deep indigo veil, eyes reflecting distant funeral pyre. Side-lit by cool dawn, single tear catching light. Palette: muted indigo, ash gray, warm olive skin. Soft diffused shadows, Rembrandt triangle. Mood: quiet dignity, gentle sorrow. Style: classical charcoal-and-oil hybrid, 4:5 aspect, 85 mm, f/1.2, creamy bokeh.|ἡ_χήρα_0015
ἰδού|behold!, look!|Dynamic first-person POV, hand thrust outward parting heavy indigo theater curtain to reveal blinding celestial portal. Rays of prismatic light flood dark auditorium, particles suspended. Palette: midnight blue, iridescent white-gold. High contrast, lens flare, chromatic aberration. Mood: awe, revelation. Style: hyperreal digital painting, 16:9 aspect, motion blur on curtain edges.|ἰδού_0016
λέγω αὐτήν|I say / speak it (fem. obj.)|Close-up profile of young woman in white linen, lips parted, breath visible as shimmering golden script swirling toward viewer. Softbox key light, subtle fill from antique bronze mirror. Palette: ivory, soft rose, molten gold typography. Shallow DOF, micro-detail on skin pores. Mood: intimate, incantatory. Style: modern portrait meets calligraphy art, 3:2 aspect, 105 mm macro, f/2.|λέγω_αὐτήν_0017
μένω|I remain / stay / abide|Serene long-exposure interior of Byzantine chapel, lone monk seated in center, candle trails streaking concentric halos. Dusty sunbeam through dome oculus, floating incense lit like galaxies. Palette: umber, gold, ultramarine shadows. Motion blur on flames, tack-sharp figure. Mood: timeless stillness. Style: ethereal realism, 4:5 aspect, tripod stability, ND-filter softness.|μένω_0018
ὁ διάκονος|the servant / deacon|Low-angle shot in candlelit basilica aisle, deacon in simple linen alb carrying gilded gospel, mosaic tiles glowing behind. Key light from handheld candle, warm spill on stone floor. Palette: ochre, candle amber, tessellated gold. Moderate contrast, slight barrel distortion. Mood: humble devotion. Style: Renaissance tableau, 3:2 aspect, 24 mm, f/2.8, subtle film grain.|ὁ_διάκονος_0019
ὁ θάνατος|the death|Moody allegorical scene at twilight seashore, translucent hooded figure standing where waves meet sand, scythe silhouetted against blood-red horizon. Foam swirling like souls, gulls frozen mid-flight. Palette: deep crimson, charcoal, silver moon glints. Low-key lighting, high dynamic range. Mood: solemn, inevitable. Style: dark romanticism, 21:9 aspect, long exposure blur on water, 50 mm, f/1.8.|ὁ_θάνατος_0020
ὁ σῖτος|the wheat / grain|Golden wheat field at dawn, hyper-realistic style, low-angle shot looking up through dense wheat stalks catching first light, warm amber and honey tones, shallow depth of field with bokeh sun-flares, gentle breeze creating soft motion blur, cinematic 35 mm lens, high dynamic range, peaceful and abundant mood, subtle dust motes in back-light, ultra-sharp detail on individual kernels|ὁ_σῖτος_0021
παύω αὐτήν|I stop / cease it (fem. obj.)|A lone woman in a flowing white dress stands at the edge of an ancient marble pier that dissolves into misty Aegean dawn, her outstretched palm facing the viewer in a commanding gesture of cessation. Behind her, time itself freezes—waves arrested mid-crash hang like crystalline sculptures, gulls suspended mid-wingbeat, olive leaves petrified in silver. The scene rendered in high-resolution photorealism with subtle Renaissance chiaroscuro: warm honeyed light from a low sun grazes her profile, carving gold from her cheekbones while cool indigo shadows pool beneath the immobile waves. Palette of bleached marble, oxidized bronze, and Aegean ultramarine, punctuated by a single drop of crimson at her throat—a pomegranate seed pendant. Composition uses the golden ratio spiral, the pier’s broken columns leading the eye to her hand, which occupies the power point. Depth of field at f/1.4 isolates her sharp against the blurred, frozen world. Cinematic 70mm film grain, subtle lens flare where light kisses the wet stone. Mood: the hush before eternity resumes, a goddess’s pause between heartbeats.|παύω_αὐτήν_0022
τὸ ἱερόν|the temple precinct / sanctuary|Ancient Greek temple precinct at golden hour, classical oil-painting style, wide aerial view over marble columns and limestone steps, warm terracotta roofs contrasting cool white stone, long shadows stretching across flagstones, soft volumetric light, tiny robed figures for scale, serene reverent mood, rich cobalt sky transitioning to peach horizon, ultra-detailed textures on fluted columns, 50 mm equivalent lens, subtle atmospheric haze|τὸ_ἱερόν_0023
τὸ σάββατον|the Sabbath|Golden hour light streams through towering arched windows into an ancient stone synagogue, illuminating dust motes that dance like tiny stars above a heavy wooden table. At the table’s center rests a pristine white challah beneath an embroidered silk cloth—threads of deep crimson and sapphire forming pomegranates and seven-branched menorahs—while two tall twisted Shabbat candles burn with steady, tranquil flames, their warm glow reflecting in polished silver Kiddush cups filled with deep garnet wine. Surrounding the scene, worn leather-bound Torah scrolls lean in carved alcoves, their gilt edges catching glints of light, and faded Persian rugs hush the flagstone floor. In the background, a bearded elder in a black silk kaftan softly recites, his face serene, eyes half-closed, one hand lifted in blessing; beside him, a small child in a white linen robe watches, wide-eyed, clutching a plush velvet bag of aromatic cloves and cinnamon. The palette is rich yet subdued: ochre stone, burnished gold, wine-red, midnight indigo, and candle-cream, all bathed in chiaroscuro reminiscent of Rembrandt. Composition places the table on a low diagonal, guiding the eye from challah to candles to elder, while a shallow depth of field blurs distant arches into dreamy bokeh. Capture the image with ultra-sharp 8K clarity, subtle film grain, 50 mm lens perspective, f/1.8 aperture, evoking timeless reverence, quiet joy, and the sacred pause of τὸ σάββατον.|τὸ_σάββατον_0024
