βλέπει τήν|(he/she) sees / is looking at…|A moonlit elven seer in flowing silver robes stands atop an ancient marble balcony, gazing down at a glowing ethereal vision swirling in the courtyard below. The vision manifests as a translucent dragon made of starlight and mist. Cool blue moonlight bathes the scene, contrasted by warm golden magical emanations from the vision. The composition uses dramatic diagonal lines with the seer's outstretched arms framing the mystical sight below. Fantasy style with intricate Celtic patterns on clothing, soft painterly textures, and luminous magical effects. Shot from a low angle to emphasize the seer's divine connection to the vision.|βλέπει_τήν_0001
ἐσθίει τήν|(he/she) eats / is eating…|A fierce dragonborn warrior sits at a massive stone table in a torch-lit feasting hall, devouring glowing magical fruit that leaves trails of sparkles in the air. The scene is lit by flickering orange torchlight creating dramatic shadows across rough stone walls adorned with mystical runes. Rich burgundy and gold tapestries hang behind. The composition centers on the warrior's powerful form, with dynamic diagonal cut by the table. Fantasy style with exaggerated proportions, rich textures of food and fabric, and particle effects from the magical meal. Warm color palette with deep reds, golds, and mystical purples.|ἐσθίει_τήν_0002
ἡ ἀδελφή|the sister|A graceful high elf priestess in flowing white and gold robes stands in a sacred grove, her hands raised in blessing as butterflies of pure light flutter around her. Dappled sunlight filters through ancient trees creating a magical atmosphere. Soft pastel colors dominate - pale golds, mint greens, and pearl whites. The composition uses the rule of thirds with the sister positioned off-center, surrounded by natural archways of twisted vines. Fantasy style with ethereal glowing effects, delicate fabric textures, and an otherworldly quality to her serene expression. Soft focus edges enhance the dreamlike quality.|ἡ_ἀδελφή_0003
ἡ ἐπιστολή|the letter (message)|An ancient scroll sealed with crimson wax floats suspended in mid-air within a wizard's study, glowing with arcane symbols that spiral off the parchment like golden smoke. The scene is lit by candlelight and the scroll's own magical radiance, creating dramatic interplay of shadows. Rich leather-bound tomes and mystical artifacts frame the composition. Deep browns, antique golds, and mystical purples dominate the palette. Fantasy style with intricate details on the wax seal showing a phoenix emblem, aged parchment texture, and swirling magical typography that seems alive.|ἡ_ἐπιστολή_0004
ἡ κεφαλή|the head|A magnificent marble statue of a goddess's head floats mysteriously in a cloud-filled void, her eyes closed in eternal serenity while tiny galaxies swirl within her crystalline hair. Ethereal light from within illuminates her features with soft blue and purple tones. The composition is tightly framed on the head and shoulders, creating an iconic image. Fantasy style with neoclassical sculpture techniques merged with cosmic elements. Her crown morphs into constellation patterns, and stardust trails from her lips. Cool color palette with iridescent highlights suggesting divine power.|ἡ_κεφαλή_0005
ἡ κώμη|the village|A mystical village built into massive mushroom structures glows warmly in the twilight, connected by rope bridges and illuminated by thousands of firefly-like sprites. The scene captures golden hour lighting with the setting sun casting long shadows across the fantastical architecture. Rich oranges and purples in the sky contrast with the warm yellow glow from windows. Fantasy style with exaggerated proportions - oversized mushrooms with intricate carved details, whimsical curved structures, and floating lantern spirits. The composition uses depth of field to show the village nestled in an enchanted forest valley.|ἡ_κώμη_0006
ἡ ποίμνη|the flock (of sheep)|A flock of cloud-sheep grazes on floating islands in the sky, their wool actually made of cumulus clouds that drift and reform as they move. The shepherd is a young sky spirit with translucent wings, playing a crystal flute that creates visible musical notes in the air. Bright midday light creates strong shadows beneath the floating islands. Soft whites and sky blues dominate, with touches of gold from the sun. Fantasy style with impressionistic cloud textures, ethereal qualities to the creatures, and dreamlike floating elements. The composition shows depth with multiple island layers receding into misty distance.|ἡ_ποίμνη_0007
ἡ σκηνή|the tent / dwelling|An elaborate fantasy pavilion tent stands in an ancient forest clearing, its silk walls embroidered with glowing constellation patterns that shift and move like the night sky. Magical lanterns float around the entrance casting dancing shadows. The scene is lit by moonlight filtering through the canopy and the tent's own starlight emanations. Deep purples, midnight blues, and silver dominate the palette. Fantasy style with Persian-inspired architectural details, impossible geometry in the tent's structure, and mystical symbols that seem to breathe with power. The composition frames the tent through natural archways of twisted trees.|ἡ_σκηνή_0008
κράζει|(he/she) cries out, shouts|A battle-worn Valkyrie stands atop a craggy cliff, her head thrown back in a primal war cry that manifests as visible sound waves of golden light shattering the dark storm clouds above. Lightning strikes behind her, creating a dramatic backlight that outlines her winged silhouette. The color palette contrasts deep storm grays and blacks with brilliant golds and whites. Fantasy style with dynamic motion blur on her hair and clothing, energy effects radiating outward from her mouth, and atmospheric perspective showing the power of her voice reaching to the horizon.|κράζει_0009
νεύει|(he/she) nods, beckons|A mysterious fae queen in an gown of living flowers and butterflies sits on an ivy-covered throne, gracefully beckoning with one hand while trails of golden pollen and light follow her movement. Soft forest light filters through the canopy creating a dappled effect. Pastel greens, soft pinks, and golden highlights create an enchanted atmosphere. Fantasy style with Art Nouveau influences in the flowing lines, intricate natural details in her clothing, and ethereal transparency in her beckoning gesture that leaves light trails. The composition uses leading lines of vines to draw the eye to her welcoming gesture.|νεύει_0010
ὁ ἄνθρωπος|the human being, man|A lone mortal stands on a jade-marble causeway that bridges starlit clouds, robed in dawn-gold silk that flares like phoenix wings. His face is half-lit by ethereal moonlight, half-shadowed by the crimson glow of a floating sigil above his palm, symbolizing mortal choice. Background: towering alabaster columns entwined with silver vines that drip stardust. Cinematic rim-lighting, low-angle shot, 50 mm lens, soft bokeh on drifting feathers of light. Palette: ivory, amethyst, living gold. Ultra-sharp 8K, depth-of-field, fantasy realism.|ὁ_ἄνθρωπος_0011
ὁ ἄρτος|the bread, loaf|A single, luminescent loaf rests on a weathered oak slab floating in a twilight lake of liquid sapphire. Golden crust cracks to release spirals of glowing runic steam that form ancient blessings in the air. Fireflies shaped like miniature angels orbit the bread, their wings scattering particles of light. Rim light from an unseen aurora, gentle mist, macro focus on textured crust. Color scheme: warm amber against cool indigo. 35 mm, shallow depth, high dynamic range, painterly fantasy style.|ὁ_ἄρτος_0012
ὁ θεός|God, god|An imposing figure robed in nebula fabric stands atop a crystalline mountain that pierces a violet sky. His eyes are twin galaxies; a halo of rotating zodiac wheels crowns his head. Lightning shaped like olive branches arcs from his outstretched hand, turning into white doves mid-flight. Low-angle, volumetric god-rays, particles of gold drift like snow. Palette: deep cosmic purples, molten gold, star-silver. 85 mm portrait, ultra-sharp 8K, dramatic chiaroscuro, epic fantasy grandeur.|ὁ_θεός_0013
ὁ ἵππος|the horse|A celestial stallion gallops across a sky-bridge of translucent moonstone, mane and tail streaming liquid starlight. Its hooves strike sparks that bloom into silver roses mid-air. Armor of etched mithril plates glows with soft runes. Background: aurora curtains swirling above ancient floating temples. Backlit, motion blur on mane, freeze-frame on hoof-sparks. Palette: pearl, cobalt, rose-gold. 70 mm action shot, high shutter speed, fantasy realism, ultra-detailed.|ὁ_ἵππος_0014
ὁ καρπός|the fruit / produce|A crystal bowl cradles seven fruits carved from living gems—ruby pomegranate seeds pulse like hearts, sapphire grapes drip nectar that becomes tiny butterflies. Vines of light wrap around the bowl, sprouting miniature constellations. Soft morning rays filter through emerald leaves, casting dappled shadows on an ancient stone altar. Macro focus, shallow depth, pastel-acid color grading. 50 mm lens, high-resolution fantasy still-life.|ὁ_καρπός_0015
ὁ νόμος|the law|An immense floating marble tablet levitates above a cyclopean amphitheater, its surface etched with glowing runes that rearrange themselves like clockwork. Chains of golden light descend from the tablet, binding shadowy chaotic beasts below. Storm clouds swirl overhead, pierced by righteous beams of sunlight. Wide-angle 24 mm, dramatic low-key lighting, palette: cold marble whites, burning gold, storm-grey. Ultra-sharp, epic fantasy scale.|ὁ_νόμος_0016
ὁ ὀφθαλμός|the eye|A colossal eye manifests within a rose-window of stained crystal, iris a spiral of verdant forests and golden cities. Tears of liquid starlight drip onto a marble balustrade, each droplet sprouting tiny winged lions. Candlelight from unseen torches flickers across ornate baroque frames. Macro close-up, soft rim light, palette: jade, antique gold, twilight violet. 85 mm, shallow DOF, mystical fantasy realism.|ὁ_ὀφθαλμός_0017
ὁ χριστός|the anointed one, Christ|A robed figure stands on a lake of mirrored gold, arms outstretched; wounds glow with soft white doves that spiral skyward. Crown of woven olive branches emits gentle sun-flares. Behind, a shattered bronze gate floats, symbolizing liberation. Halo of subtle fractal light, low warm sunrise, 50 mm lens, pastel-ivory and living gold palette. Serene yet majestic, ultra-sharp 8K, fantasy devotional style.|ὁ_χριστός_0018
τὸ βιβλίον|the book / scroll|An ancient grimoire floats open above a obsidian pedestal, pages of beaten gold etched with shifting constellations. Ribbons of light tether floating translucent ghosts who whisper into the text. Background: candlelit library whose shelves fade into starry void. Warm chiaroscuro, 35 mm, palette: sepia, celestial silver, ember orange. High-detail fantasy texture, depth-of-field on fluttering pages.|τὸ_βιβλίον_0019
τὸ ἱμάτιον|the garment, cloak|A mantle of midnight velvet billows on an invisible breeze, embroidered phoenixes that ignite and reform in looping flames. Silver threads sketch moon phases that actually wax and wane. It drapes across a spectral mannequin of starlight within a ruined celestial observatory. Soft blue rim light, swirling dust motes become tiny galaxies. 50 mm, palette: onyx, argent, ember. High-resolution, dramatic fantasy still-life.|τὸ_ἱμάτιον_0020
τὸ πετεινόν|the bird|A luminous phoenix-like bird perches atop a twisted crystal spire in an enchanted twilight forest. Its feathers shimmer with iridescent sapphire and gold, trailing motes of starlight. Low-angle cinematic view, rim-lit by a magenta setting sun filtering through violet-leafed canopy. Ethereal bokeh, deep purple and teal palette, subtle volumetric god-rays. Fantasy illustration style, painterly brushwork, 8K detail, soft diffused glow, magical atmosphere.|τὸ_πετεινόν_0021
τὸ ποτήριον|the cup / drinking-vessel|An ornate silver chalice levitates above an ancient rune-carved altar, overflowing with swirling liquid starlight. Surrounding candles cast warm amber light, creating dramatic chiaroscuro on engraved Celtic knotwork. Background fades into misty obsidian ruins. Color scheme: burnished gold, midnight blue, ember orange. High fantasy realism, macro focus on intricate filigree, subtle particle effects, mystical lens flare, 35 mm depth of field.|τὸ_ποτήριον_0022
τὸ τέκνον|the child|A translucent winged child, eyes glowing with eldritch moonlight, stands barefoot on a floating stone in a celestial void. Wisps of aurora curl around tiny hands clutching an orb of living light. Soft rim lighting from distant galaxies, cool cyan and rose tones, delicate fairy-tale brushwork. Ethereal mist, glittering stardust particles, dreamlike atmosphere, painterly fantasy style, gentle vignette, ultra-soft focus edges.|τὸ_τέκνον_0023
τύπτει τήν|(he/she) strikes / hits…|A battle-etched Valkyrie mid-swing, her flaming warhammer arcing toward a cracked marble column in a storm-shattered temple. Dynamic diagonal composition, sparks and stone shards frozen in time. Lightning backlights flying braids and tattered crimson cloak. Palette: iron gray, electric violet, ember orange. High-speed motion blur on edges, sharp center focus, epic fantasy realism, dramatic low-key lighting, swirling debris, visceral energy.|τύπτει_τήν_0024
