αἴρω τήν|I lift up / take away / remove …|Color pencil sketch of ethereal hands lifting a translucent veil from ancient stone tablets, soft graphite strokes creating floating particles dissolving into light, warm ochre and cool cerulean layers, gentle cross-hatching suggesting weightlessness, diffused morning light streaming from upper left, contemplative mood with delicate paper texture visible throughout|αἴρω_τήν_0001
διώκω σε|I pursue / persecute you|Dynamic color pencil sketch showing shadowy figure in pursuit through narrow alley, dramatic chiaroscuro with deep indigo shadows and burnt sienna highlights, motion lines rendered in swift gestural strokes, tense diagonal composition, scattered colored pencil dust suggesting urgency, moonlight creating stark contrast between hunter and hunted|διώκω_σε_0002
δύο|two|Minimalist color pencil sketch depicting two ancient Greek amphorae standing side by side, subtle variations in terracotta and umber tones, delicate contour lines with visible construction marks, soft graphite shadows grounding the forms, balanced symmetrical composition, warm afternoon light creating gentle gradients on curved surfaces|δύο_0003
εἰμί|I am / exist|Surreal color pencil portrait emerging from misty graphite clouds, translucent layers of lavender and sage green building form, tentative construction lines visible beneath, soft blending stumps creating ethereal transitions, centered composition with figure dissolving at edges, contemplative expression rendered in delicate colored pencil strokes|εἰμί_0004
ἡ ἀρχή|the beginning / rule / authority|Regal color pencil sketch of ancient crown floating above rough stone pedestal, bold strokes in gold and crimson prismacolor, visible paper tooth adding texture, strong vertical composition with radiating lines suggesting power, dramatic side lighting creating deep shadows, layered hatching building dimensional form|ἡ_ἀρχή_0005
ἡ δικαιοσύνη|the righteousness / justice|Classical color pencil rendering of balanced scales suspended in space, pristine white and deep indigo layers, precise geometric construction visible, delicate cross-hatching creating metallic sheen, centered symmetrical composition, soft diffused light from above suggesting divine presence, subtle color pencil dust adding atmospheric quality|ἡ_δικαιοσύνη_0006
ἡ ζωή|the life|Color-pencil sketch: “ἡ ζωή” — an open hand rises from the center of the page, palm cupping a single translucent green seed that glows like a tiny sun. Radiating outward, swirling pencil strokes bloom into a spiral of living things: microscopic cyan bacteria, scarlet blood cells, cobalt butterfly wings, golden wheat ears, and silver dolphin silhouettes, all interlaced like a living mandala. Background is warm cream paper left slightly speckled for organic texture; negative space shaped like an hourglass subtly frames the spiral, suggesting time. Lighting is soft, morning-gold side-light that kisses the paper grain, creating gentle halos around each colored line; shadows are drawn with complementary purples and olives, never black, keeping the palette luminous. Edges of forms blur into loose cross-hatching and visible loose sketch lines, letting burnt-sienna under-drawing peek through, true to color-pencil spontaneity. Highlights are picked out with white pencil flicked over vermilion and viridian, giving a velvety, waxy sheen. Mood: exuberant, reverent, quietly hopeful. Composition balanced on the golden ratio, seed at the focal intersection; outermost strokes drift off the page, implying life uncontainable. 4:5 aspect, 300-dpi paper texture retained, no digital smoothness.|ἡ_ζωή_0007
ἡ παραβολή|the parable / comparison|Whimsical color pencil sketch showing mirror reflecting altered reality, soft graphite and colored pencil layers blending dreamlike imagery, visible construction lines suggesting transformation, muted purples and golds creating mysterious atmosphere, diagonal composition breaking conventional perspective, delicate paper texture visible through translucent applications|ἡ_παραβολή_0008
ἡ σοφία|the wisdom|Intricate color pencil sketch of ancient owl perched on weathered books, detailed feather textures in layered browns and grays, knowing eyes rendered with precise circular strokes, warm lamplight creating golden highlights, vertical composition emphasizing stature, visible colored pencil marks building dimensional form, subtle wisdom symbols scattered throughout|ἡ_σοφία_0009
ἡ συναγωγή|the synagogue / assembly|Color-pencil sketch of an ancient Galilean synagogue at twilight: weathered limestone walls rise in warm ochre and burnt-sienna strokes, their chisel-marks rendered with visible cross-hatched graphite lines. A wide, low archway frames the interior where flickering olive-oil lamps cast amber glows; the light is drawn as soft radial smudges of yellow and peach pencil, spilling across stone benches arranged in semicircular assembly. Loose, expressive strokes of indigo and violet define deepening shadows and the night sky, while fine white highlights pick out chipped menorah carvings and mosaic tesserae peeking from the earthen floor. In the foreground, a single woolen prayer shawl, draped over a rough-hewn pillar, is colored with layered scarlet, ultramarine and gold, its fringes suggested by quick, thread-thin flicks. Composition uses diagonal perspective—corner of the courtyard leads the eye through the arch toward the ark—creating depth without hard perspective lines, true to sketchbook spontaneity. Paper texture remains visible, lending toothy granularity; occasional erased lines ghost beneath color, adding history. Overall mood is hushed reverence, a gathering place suspended between daily life and sacred time, captured in the gentle, tactile softness of color-pencil pigment.|ἡ_συναγωγή_0010
ἡ τροφή|the food / nourishment|Color pencil sketch of a rustic wooden table laden with humble Mediterranean fare: crusty bread, olives, figs, and a clay bowl of olive oil. Composition viewed from above at 45°, loose cross-hatching in warm ochres and burnt siennas, with highlights of white pencil on bread crust and olive skins. Soft window light from left casts gentle shadows; paper texture shows through, creating earthy, nourishing mood. Suggestive, sketchy strokes keep the scene intimate and immediate, 1950s Greek taverna atmosphere.|ἡ_τροφή_0011
καθίζω|I sit down / seat|Color pencil sketch of a simple straw-seated chair drawn in three-quarter view, slightly angled as if just occupied. Quick, gestural lines in muted sepia and indigo capture the motion of sitting; legs blurred with sweeping strokes. Background lightly indicated with pale blue-gray vertical marks suggesting a quiet room. Strong diagonal light from upper right creates soft graphite shadows under the seat; white chalk accents on the woven rush. Overall mood is peaceful pause, paper tooth visible, loose hatching conveys tactile warmth.|καθίζω_0012
λαμβάνω τήν|I take / receive …|Color pencil sketch of two open hands reaching forward, foreshortened, drawn with dynamic terra-cotta and sanguine strokes. Fingers suggested with quick, confident lines; palms highlighted in white pencil against a barely indicated draped cloth background. Subtle motion lines imply the act of receiving. Low, warm side-lighting emphasizes creases and lifelines, creating quiet reverence. Paper grain adds organic texture; minimal cross-hatching keeps the image airy, evoking a moment of humble acceptance.|λαμβάνω_τήν_0013
νῦν|now|Color pencil sketch of a sundial on a weathered stone plinth, close-up, shadow aligning exactly with noon mark. Sharpened umber and charcoal strokes define cracks and chisel marks; faint blue-gray sky suggested overhead. Strong zenith sunlight creates crisp contrast; white pencil glints on the gnomon edge. Loose circular composition, paper showing through, conveys immediacy and present moment. Minimal background foliage scribbled in muted olive, emphasizing the solitary, fleeting 'now'.|νῦν_0014
ὁ γεωργός|the farmer / vinedresser|Color pencil sketch of a farmer in profile, pruning an old vine with a curved knife. Earthy greens, raw umbers, and muted violet strokes build his worn hat, rolled sleeves, and gnarled hands. Loose, directional hatching follows muscle tension; white pencil picks out knife gleam and wool fibers. Low morning light from left models his weathered face; background vine rows fade into soft blue-gray scribbles. Paper texture keeps the portrait rustic, honoring quiet dedication.|ὁ_γεωργός_0015
ὁ καιρός|the season / appointed time|Color pencil sketch of an ancient calendar stone etched with solstice marks, surrounded by scattered autumn leaves. Warm sienna and burnt orange layered in loose swirls depict curling leaves; cool indigo shadows under stone suggest shortening days. Soft diagonal evening light rakes across surface, white pencil highlights engravings. Background trees sketched with quick vertical strokes in muted olive, implying transition. Overall mood anticipates change, paper tooth visible, hatching conveys passage of appointed time.|ὁ_καιρός_0016
ὁ κάλαμος|the reed / measuring rod|Color pencil sketch of a slender reed pen held against papyrus scroll, marked with faint ruler lines. Sharp umber and sepia strokes render node textures; white pencil accents edge highlights. Overhead lamplight creates rhythmic cast shadows, reinforcing its role as a measuring tool. Loose, parallel hatching in pale blue suggests scroll background; a few graphite numbers float, unfinished. Paper grain adds organic feel, evoking scholarly antiquity and careful calibration.|ὁ_κάλαμος_0017
ὁ ὄχλος|the crowd / multitude|Color pencil sketch of a dense crowd from elevated viewpoint: overlapping heads and shoulders rendered with quick, gestural loops of indigo, sanguine, and muted green. No single face fully detailed; instead, rhythmic scribbles convey collective movement. Soft diffused daylight from above creates gentle tonal unity; white pencil flickers on hair and garments, hinting at individuality within mass. Paper shows through, maintaining energetic chaos while preserving sketchy immediacy of multitude.|ὁ_ὄχλος_0018
ὁ στέφανος|the crown / wreath|Color-pencil sketch: a solitary, life-worn pair of hands emerges from a soft ivory page, palms open, offering a delicate laurel wreath. The wreath is drawn with overlapping strokes of muted olive, sage, and weathered gold, every leaf hatched in the direction of growth so the circle seems to breathe. Microscopic flecks of crimson Prismacolor suggest dried blood on thorny twigs, hinting at victory’s cost. Behind, a ghostly column of negative space forms the vague silhouette of an ancient Corinthian capital, sketched only with cool Payne’s-gray cross-hatching so it hovers like a memory. Lighting is directional from upper left: warm sepia highlights graze the wreath’s outer rim while indigo shadows pool inside the crown, creating a quiet chiaroscuro. The background paper tooth is visible, speckled with raw umber pencil dust, giving a tactile, artisanal warmth. Mood is reverent yet mortal—celebration tempered by sacrifice. Composition centers on the wreath’s circle, hands cropped at mid-forearm to keep focus on the offering; edges fade into loose, unfinished strokes so the sketch feels arrested in time. Use a 2-point perspective tilt (5°) for subtle dynamism. Paper texture: cold-press cotton, 200 gsm, with occasional graphite shine on the darkest folds. Sharpened 0.5 mm Turquoise pencil lines define veins and leaf serrations; softer Caran d’Ache earth tones blended with tortillon for velvety mid-tones. Leave tiny specks of paper white as specular sparks, evoking ancient marble dust.|ὁ_στέφανος_0019
τὸ εὐαγγέλιον|the gospel / good news|Color-pencil sketch: a lone, barefoot traveler kneels on a weather-worn stone path that winds from foreground to a distant sunrise. The figure, robed in simple linen, holds an open scroll whose parchment glows with soft, golden-white light that spills outward in delicate, haloed strokes—prismacolor layers of cream, canary, and pale vermilion blended with circular scumbling. Around the traveler, barren ground subtly greens as color-pencil hatching turns umber into olive and sage, suggesting new life. The sky is rendered in gentle, swirling strokes of powder-blue and lavender, the rising sun a radial bloom of peach and rose gold, its rays drawn with curved, tapering lines that skip over the tooth of the paper, creating a shimmering, textured aura. Fine, translucent erasure marks create a faint cross-shaped gleam within the light, visible only at the edges. Composition places the horizon on the lower third, the traveler slightly off-center, eyes lifted, expression serene. Shadows are cross-hatched in cool indigo and burnt sienna, while highlights are lifted with a kneaded eraser to expose the white paper beneath, giving a soft, incandescent quality. Occasional pigment specks are left unblended to evoke a hand-drawn, heartfelt urgency. Overall mood: quiet jubilance, tender hope captured in the trembling, organic lines unique to color-pencil sketchwork.|τὸ_εὐαγγέλιον_0020
τὸ θηρίον|the wild beast / animal|Color pencil sketch of a powerful lion mid-roar, mane rendered in layered ochre and burnt umber strokes with visible paper tooth showing through. Dynamic three-quarter view with cross-hatched shadows defining muscular form. Warm golden hour lighting from left creates long violet-blue shadows. Loose, gestural marks suggest savanna grasses in foreground. Raw sienna and raw umber build depth, while white highlights lift the mane's texture. Sketchy, unfinished edges emphasize movement and wild energy.|τὸ_θηρίον_0021
τὸ λάχανον|the garden herb / vegetable|Delicate color pencil study of fresh garden herbs - basil, thyme, and rosemary - arranged in loose bouquet. Soft morning light filters through translucent leaves rendered in layered viridian, sap green, and olive strokes. Visible pencil lines create organic texture on rough cream paper. Purple basil flowers dotted with violet pencil. Earthy terracotta pot suggested with quick burnt sienna marks. Loose, botanical illustration style with selective detail in foreground herbs fading to mere suggestion in background.|τὸ_λάχανον_0022
τὸ ὅπλον|the weapon / tool|Color pencil rendering of an ancient bronze sword resting on weathered stone, dramatic chiaroscuro lighting from above. Rich burnt umber and raw sienna build the blade's patina with circular pencil strokes suggesting metal's texture. Deep indigo and violet shadows pool beneath weapon. Cross-hatching creates stone's rough surface in cool greys. Selective white highlights on blade edge using paper's natural tone. Composition emphasizes tool's weight and history through careful value study.|τὸ_ὅπλον_0023
ὑπάγω|I go away / depart|Ethereal color pencil sketch of figure walking into misty horizon, rendered in muted violets, cool greys, and warm sepia tones. Loose, gestural strokes suggest movement with trailing lines indicating motion. Figure dissolves into atmospheric perspective using lighter pressure and broader marks. Receding footprints marked with simple indented lines. Soft dawn light creates subtle color temperature shifts - warm foreground cools to distant blue-violet. Paper texture visible throughout, enhancing ephemeral mood of departure.|ὑπάγω_0024
