ἄγιος|holy, set apart, saint|Color charcoal drawing of a solitary figure robed in flowing white-garments standing on a high crag; the saint is haloed by a soft, violet pastel glow while the background cliffs dissolve into smeared umber and indigo strokes. Dramatic side-lighting from an unseen sun cuts across the figure, leaving half the robe in velvety charcoal shadow and the other half tinted with faint, reverent blues. Fine white-chalk highlights trace the hem and fingertips, suggesting otherworldly separation. Moody, contemplative atmosphere; vertical composition, low horizon, textured paper visible beneath layered sfumato.|ἄγιος_0001
αἰώνιος|eternal, everlasting|Color charcoal drawing of an endless spiral staircase made of translucent parchment arches floating in a midnight cosmos; charcoal blacks blend into deep Prussian-blue pastels for the void while subtle ochre and crimson strokes trace the infinite steps. Soft, rim-lighting from a hidden aurora grazes each edge, creating a glowing outline that pulses with timelessness. Wisps of white chalk orbit like faint galaxies, reinforcing unbroken continuity. Horizontal format, one-point perspective drawing the eye toward a vanishing point that never resolves, evoking awe and perpetuity.|αἰώνιος_0002
δεδίως|having feared, afraid|Color charcoal drawing of a crouched figure clutching knees beneath a towering, fractured doorway; violent, angular strokes of sanguine and burnt umber slash across the arch, suggesting looming danger. Harsh, top-down lighting casts a charcoal-black shadow that engulfs the figure, while trembling highlights of pale lavender chalk flicker along trembling fingertips. Kneaded-eraser scrapes create a gritty texture of cold stone. Close-up, diagonal composition intensifies claustrophobia; overall mood is tense, breath-held, with edges left deliberately smudged to convey instability.|δεδίως_0003
δίκαιος|righteous, just|Color charcoal drawing of a calm judge seated at a simple stone bench, seen from a three-quarter view; balanced symmetry dominates the frame. The robe is rendered in crisp vine-charcoal grays with selective jade-green pastel accents along the collar, while a bronze chalk line of scales hangs in perfect equilibrium behind. Even, frontal lighting produces clear, open shadows, underscoring clarity and fairness. Background remains an airy, lifted-eraser haze, suggesting impartial space. Palette limited to graphite, muted olive, and touches of gold; atmosphere serene, resolute.|δίκαιος_0004
ἐγγίζω αὐτῇ|I come near / approach her/it|Color charcoal drawing of a lone traveler leaning forward, hand outstretched toward a towering marble pillar veiled in rose-pink pastel mist; dynamic motion conveyed through sweeping, directional strokes that guide the eye from lower left to upper right. Warm, dawn side-lighting ignites the fingertips with sienna chalk while the pillar recedes into cool charcoal shadows, symbolizing sacred distance. Rough paper tooth left exposed at edges to imply hesitancy. Composition uses shallow depth of field; mood anticipatory, reverent, tinged with quiet desire.|ἐγγίζω_αὐτῇ_0005
ἐκλέγομαι αὐτήν|I choose / select her/it|Color charcoal drawing of two overlapping silhouettes: one figure steps forward, hand decisively lifting a glowing white-chalk lily from a cluster of grayed-out stems. Sharp, spotlighting from above isolates the chosen bloom in stark relief while desaturated charcoal smudges blur alternatives into background. Accents of gold pastel trace the decisive wrist, symbolizing value. Diagonal composition enhances action; edges are crisp around the lily, deliberately softened elsewhere, illustrating selection. Atmosphere is focused, affirming, celebratory yet solemn.|ἐκλέγομαι_αὐτήν_0006
ἕτερος|another (of a different kind)|Color charcoal drawing split down the center: left side shows a human profile in warm sanguine and white chalk; right side reveals an angular, abstract mask rendered in cool indigo charcoal. A jagged, negative-space lightning bolt separates the halves, yet subtle cross-hatching bleeds each palette into the other, hinting convergence. Diffused, dual lighting—warm on left, cold on right—creates chromatic tension. Central, vertical composition; textured paper allows granulation, emphasizing difference. Mood is enigmatic, thought-provoking, balanced on edge of harmony.|ἕτερος_0007
ἡ ἐλεημοσύνη|the mercy, almsgiving|A lone figure draped in translucent linen kneels on a moon-washed marble step, one weathered hand extended toward a gaunt child whose ragged silhouette glows with soft bioluminescent particles rising like charitable prayers. Behind them, a Byzantine archway crumbles into a starlit void; broken mosaic tiles catch scant light, each tessera a tiny gilded act of mercy. A single oil lamp, suspended by an invisible thread, burns cobalt-blue flame that throws chiaroscuro halos across cracked alabaster, illuminating the moment of giving: a small bronze coin hovering between palms, caught mid-air, its surface etched with an ancient Chi-Rho. Cool moonlight (4500 K) slices through drifting incense smoke, creating silver shafts that contrast the warm amber spill from the lamp, evoking simultaneous chill and comfort. Subtle bokeh of distant cathedral windows dissolves into gold dust, symbolizing boundless compassion. Shot from a low, reverent angle, 85 mm lens compression unites giver and receiver within a shared mandorla of light; delicate film grain and faint lens flare echo timeless charity. Palette: desaturated umber, parchment beige, spectral ultramarine, with a single cadmium accent on the coin. Mood: hushed reverence, quiet epiphany, the breath before gratitude.|ἡ_ἐλεημοσύνη_0008
ἴδιος|one’s own, private|Color charcoal drawing of a closed diary resting on an empty windowsill; the book rendered in dense charcoal blacks with a single, personal crimson pastel ribbon bookmark. Early-morning, side-lighting enters through half-open shutters, casting striped shadows that enclose the scene like bars of solitude. Fine white chalk emphasizes the owner’s fingerprint on the cover, hinting intimacy. Background walls remain a lifted, smoky gray, isolating the subject. Square composition, still-life framing; mood introspective, quiet, reverently secretive.|ἴδιος_0009
ἰσχυρός|strong, mighty|A colossal ancient Greek warrior stands atop a marble column at sunrise, muscles taut like carved bronze, holding a weathered hoplon shield that catches golden light. His Corinthian helmet is pushed back, revealing a face of determination; wind whips a crimson cloak into dramatic arcs against a sky streaked rose and amber. Low, raking light from the left etches every sinew and scar, while subtle rim light outlines his silhouette, giving him an almost statuesque aura. Tiny cracks in the column hint at endured battles, yet it remains unbroken, symbolizing endurance. Background: distant turquoise Aegean sea and faint temple ruins softened by morning haze, rendered in shallow depth of field. Color palette: rich bronzes, warm marbles, touches of blood-red and deep indigo shadows, balanced by soft gold highlights. Mood: triumphant, resilient, timeless. Style: hyper-realistic, 8K, shot on virtual 85 mm lens, f/1.4, ISO 32, shutter 1/500 s, high dynamic range, ultra-sharp focus on the warrior, cinematic contrast, subtle volumetric rays, no text, no modern elements.|ἰσχυρός_0010
ἰσχύω πράσσειν|I have strength to do|Color charcoal drawing of a muscular Greek athlete in mid-action, hurling a discus against a stormy sky. Bold conte crayon strokes in burnt sienna and ultramarine define rippling anatomy. Kinetic composition with diagonal energy lines, dramatic chiaroscuro lighting casting deep shadows across marble-like skin. Powdered charcoal dust creates atmospheric depth, while white chalk highlights catch on sweat-glistened muscles. Rough paper texture visible beneath layered colors, evoking ancient pottery. Mood: triumphant determination. Technical: broad side-strokes for volume, fine linework for tendon detail, smudged backgrounds for motion blur.|ἰσχύω_πράσσειν_0011
καθαρός|clean, pure|Color charcoal drawing of a young woman in flowing white robes, standing in a sunlit temple colonnade. Delicate pastel chalks in ivory, pale gold, and soft cerulean create ethereal luminosity. Composition centers on her uplifted face, eyes closed in serene meditation. Gentle cross-hatching builds marble column textures, while fingers of light filter through dust motes rendered in white charcoal flecks. Negative space emphasizes purity. Mood: transcendent peace. Technical: lifted charcoal for highlights, kneaded eraser creating light rays, subtle color washes over textured paper.|καθαρός_0012
λατρεύω σοι|I serve / worship you|Color charcoal drawing of an elderly priest kneeling before an ancient altar, arms outstretched in supplication. Rich earth tones—burnt umber, raw sienna, deep violet—build the weathered face and calloused hands. Dramatic candlelight from left creates golden highlights on torn robes, while purple shadows suggest divine presence. Loose, expressive strokes convey emotional intensity, with fingers of white chalk suggesting spiritual light descending. Atmospheric perspective through smudged charcoal smoke. Mood: profound devotion. Technical: gestural mark-making, layered transparent colors, scraped highlights on rough paper.|λατρεύω_σοι_0013
μικρός|small, little|Color charcoal drawing of a small child perched on giant stone steps of an ancient temple, clutching a tiny olive branch. Soft terra cotta and muted teal chalks create intimate scale against massive architecture. Low viewpoint emphasizes enormity of weathered stones, while delicate linework captures child's wonder. Gentle morning light creates long shadows, with white chalk highlighting downy hair. Loose, suggestive strokes for distant columns maintain focus on small figure. Mood: vulnerable innocence. Technical: varied line weights, negative space for scale, subtle color accents on rough paper.|μικρός_0014
νίπτω αὐτήν|I wash it (fem.)|Color charcoal drawing of weathered hands cupping clear water flowing over ancient stone basin. Cool blues and soft grays blend with warm ochres to capture liquid transparency against aged skin. Dynamic composition with water cascading diagonally, white chalk creating shimmering highlights. Cross-hatched shadows beneath hands suggest depth, while lifted charcoal creates water droplets catching light. Rough paper texture enhances tactile quality. Mood: ritual cleansing. Technical: wet-on-dry blending, sharp eraser marks for water spray, layered transparent colors.|νίπτω_αὐτήν_0015
ὁ ἀλιεύς|the fisherman|Color charcoal drawing of a rugged fisherman mending nets at dawn, silhouetted against golden horizon. Bold strokes in burnt sienna, indigo, and olive green build weathered features and tarred ropes. Backlighting creates dramatic rim light on profile, while white chalk highlights salt-spray in beard. Dynamic diagonal of fishing pole leads eye to distant boats suggested by minimal marks. Rough paper shows through, evoking coarse fabric. Mood: quiet resilience. Technical: subtractive drawing with eraser, gestural rope patterns, atmospheric perspective through smudged tones.|ὁ_ἀλιεύς_0016
ὁ ἀρχιερεύς|the high priest|Color charcoal drawing of an imposing high priest in ornate robes, standing beneath temple lintel. Rich purples, deep crimsons, and antique gold chalks create regal authority. Strong upward angle emphasizes power, with intricate textile patterns built through layered cross-hatching. Candlelight from below casts dramatic shadows across austere face, white chalk highlighting ceremonial staff. Architectural elements suggested through bold vertical strokes. Mood: sacred authority. Technical: varied pressure techniques, detailed pattern work, strong value contrasts on textured paper.|ὁ_ἀρχιερεύς_0017
ὁ βασιλεύς|the king|Color charcoal drawing of a monarch in profile, wearing golden laurel crown against deep crimson backdrop. Regal purples, rich ochres, and metallic gold chalks build majestic presence. Strong chiaroscuro lighting from left creates noble shadows, while white chalk highlights catch on crown and beard. Composition uses classical triangular stability, with drapery rendered in bold, confident strokes. Suggestive background maintains focus on sovereign dignity. Mood: absolute authority. Technical: blended gradients for velvety textures, sharp highlights on metallic elements, controlled mark-making.|ὁ_βασιλεύς_0018
ὁ ἔχθρος|the enemy|Color charcoal drawing of a shadowed warrior emerging from darkness, only eyes and weapon catching light. Harsh blacks, blood reds, and steel grays create menacing atmosphere. Diagonal composition suggests threat, with aggressive mark-making building tension. White chalk catches on blade edge and determined eyes, while smudged charcoal creates swirling darkness. Sharp, angular strokes contrast with soft background fades. Mood: imminent danger. Technical: heavy pressure for dark values, scraped highlights on weapon, dramatic negative space.|ὁ_ἔχθρος_0019
ὁ ἱερεύς|the priest|Color charcoal drawing of a humble priest in simple robes, lighting incense in dim sanctuary. Warm umbers, soft golds, and muted purples create sacred atmosphere. Side lighting from oil lamp casts dancing shadows, white chalk suggesting smoke wisps. Contemplative pose with bowed head, rough linen textures built through cross-hatching. Architectural details softly suggested through vertical strokes. Mood: quiet devotion. Technical: varied line weights for fabric, lifted charcoal for smoke effects, subtle color layering on textured paper.|ὁ_ἱερεύς_0020
ὁμοίως|likewise, in the same way|Color charcoal drawing of two identical antique Greek vases standing side-by-side on a weathered marble plinth, rendered with smeared charcoal lines and selective washes of muted terracotta and dusty indigo. Soft, raking dawn light from the left casts matching shadows that mirror each other, emphasizing symmetry. Background a hazy sfumato of sanguine pastel dust, edges feathered with a tortillon. Mood contemplative, echoing harmony. High-contrast highlights picked out in white chalk on the vases’ curved bellies, edges slightly blurred for that velvety charcoal bloom. Paper texture (cold-press cotton) subtly visible, 4:5 aspect ratio, shallow depth of field simulated by finger-blurred charcoal gradients.|ὁμοίως_0021
οὐδέ|and not, neither, nor|Color charcoal drawing of a broken double-fluted Ionic column split cleanly down the middle, each half falling away yet never touching, suspended in negative space. Stark chiaroscuro: jet-black vine charcoal shadows, negative gaps left raw paper-white to say ‘not’. Sparse accents of cold Payne’s-grey pastel only where stone edges fracture, nowhere else. Background erased with kneaded rubber to a ghostly void, no ground line, no sky—absolute refusal. Mood austere, absolute denial. Cross-hatching intensifies toward the void between halves, then stops abruptly. Slight tooth of grey Canson Mi-Teintes paper shows through, giving the silence texture. Square format, 1:1, metaphorical silence rendered as untouched paper.|οὐδέ_0022
παλαιός|old, ancient|Color charcoal drawing of an elder Athenian scribe seated on a crumbling limestone step, parchment skin rendered with layered sepia and umber charcoal sticks, highlights lifted out with a chamois. His beard flows like eroded marble, individual strokes smudged to suggest time’s abrasion. Behind him, a faint, partial outline of the Parthenon dissolves into oxidized green and rust-red pastel dust—colors of bronze aging. Warm late-afternoon sidelight from the right catches cracked knuckles and the faint metallic sheen of a bronze stylus. Background a rubbed, uneven charcoal veil, edges singed with sanguine to feel archaeological. Mood reverent, weight of centuries. Paper grain (Ingres laid) adds fossil-like striations. Vertical 3:4 ratio, focus on the textures of age.|παλαιός_0023
προσεύχομαί σοι|I pray to you|Color charcoal drawing of a lone youth kneeling on a windswept Attic hillside, arms uplifted toward an empty, glowing sky. Figure rendered in soft black charcoal with selective cerulean and gold pastel dust brushed horizontally by a paper stump, suggesting divine breeze. Light emanates from above: a subtle, warm ochre halo diffused through smeared white chalk, leaving the rest of the scene in velvety dusk. Background olive groves suggested with two or three vertical strokes, otherwise erased to negative space to heighten supplication. Mood intimate, yearning. Knees press into the paper’s tooth, leaving raw indentations that catch shadow. Low horizon, 16:9 aspect, vignette edges finger-blurred to focus the gaze upward.|προσεύχομαί_σοι_0024
