ἀποκρίνομαί σοι |I answer / reply to you|A close-up photorealistic portrait of a young woman in a professional setting, mid-conversation. She has a thoughtful expression, slightly tilted head, eyes focused on the viewer. Soft, even lighting from a large softbox creates gentle shadows on her face, highlighting her features without harshness. Background is a blurred office environment with muted tones of gray and blue. Composition emphasizes her eyes and lips, conveying attentiveness. Shallow depth of field using an 85mm lens at f/1.8. Colors are neutral with subtle warmth. Technical details: 8K resolution, sharp focus on skin texture, natural skin tones, photorealistic detail.|ἀποκρίνομαί_σοι_0001
 ἀποκτείνω αὐτήν |I kill / put her/it to death|A photorealistic image of a shadowy figure standing in a dimly lit alley, holding a concealed object. The figure's face is partially obscured by a hood, with only the eyes visible, reflecting determination. Lighting is low-key, with a single streetlamp casting long shadows. Composition emphasizes the figure's posture and the ominous atmosphere. Mood is tense and foreboding. Colors are dark blues and grays with a hint of orange from the streetlight. Technical: 35mm lens, f/2.8, high detail, 8K resolution, realistic textures of fabric and concrete.|ἀποκτείνω_αὐτήν_0002
 εἰς τὸ μέλλον |for the future, hereafter|A serene photorealistic landscape at golden hour, featuring a lone figure walking along a path leading into a distant horizon. The sky is painted with warm oranges, purples, and soft blues, reflecting hope and transition. Composition uses a wide-angle lens to capture the vastness of the landscape, with the figure small in the frame to emphasize solitude. Lighting is soft and diffused, creating gentle gradients. Mood is contemplative and hopeful. Colors transition from warm to cool tones. Technical: 24mm lens, f/11 for sharp focus throughout, 8K resolution, detailed textures of grass and clouds.|εἰς_τὸ_μέλλον_0003
 εἶτε |whether … or|A split-screen photorealistic composition showing two contrasting scenes: left side a sunny meadow with wildflowers, right side a stormy ocean with crashing waves. A person stands at the center, facing both directions, with a contemplative expression. Lighting is balanced between warm sunlight and cool stormy tones. Mood is uncertain, reflective. Colors: vibrant greens and yellows on the left, deep blues and grays on the right. Technical: 50mm lens, f/8, sharp detail on both sides, seamless transition at the center, 8K resolution.|εἶτε_0004
 ἔξω |outside, without|A wide-angle photorealistic shot of a person standing in an open field under a clear blue sky, arms outstretched. The landscape stretches endlessly with rolling hills and distant mountains. Natural daylight illuminates the scene evenly, with soft shadows. Mood is free and expansive. Colors are fresh greens, sky blue, and earthy browns. Technical: 16mm lens, f/16 for deep focus, 8K resolution, sharp details in grass and clouds.|ἔξω_0005
 ἥ |who, which (fem. rel.)|A photorealistic portrait of a woman in a dimly lit room, looking over her shoulder with a questioning gaze. A spotlight illuminates her face while the background is softly blurred. Composition centers on her expressive eyes and subtle facial details. Lighting is high-contrast with a single source creating dramatic shadows. Mood is mysterious and introspective. Colors are monochromatic with a hint of warm amber on her skin. Technical: 85mm lens, f/1.2, shallow depth of field, 8K resolution, realistic skin texture.|ἥ_0006
 ἡ ἐπιθυμία |the desire / longing|A photorealistic close-up of a woman's hand reaching towards a distant, glowing object in a dark room. Her fingers are slightly out of focus, emphasizing the longing. Soft, directional lighting from a small source creates a warm glow on her hand. Background is blurred with deep blues and blacks. Mood is melancholic and yearning. Colors: warm amber against cool shadows. Technical: 100mm macro lens, f/2.8, shallow depth of field, 8K resolution, detailed skin texture and fabric.|ἡ_ἐπιθυμία_0007
 ἡ προσευχή |the prayer|A photorealistic image of a person kneeling in a quiet church, hands clasped in prayer. Soft light streams through stained glass windows, casting colorful patterns on the floor. Composition focuses on the person's profile and the intricate details of the stained glass. Lighting is warm and diffused, creating a reverent atmosphere. Mood is peaceful and spiritual. Colors: rich reds, blues, and golds from the glass. Technical: 50mm lens, f/2.0, shallow depth of field, 8K resolution, detailed textures of stone and glass.|ἡ_προσευχή_0008
 καταβαίνω ἀπό |I go down / descend from …|A solitary figure descends ancient Greek stone steps carved into a misty mountainside at dawn. The staircase spirals downward, vanishing into a valley shrouded in soft blue haze. At the summit, remnants of a Doric temple emerge from morning fog, their weathered columns glowing with golden-hour light. The traveler, draped in a simple chiton robe, moves with quiet purpose, their silhouette framed by the first rays of sunrise. Warm amber highlights bathe the stone surfaces, while cool indigo shadows pool in the crevices. Volumetric sunbeams pierce the mist, illuminating intricate carvings and moss-green accents on the steps. The sky transitions from deep violet to peach and rose, reflecting in the valley’s teal-hued mist. Mood: meditative solitude, a sacred journey into the unknown. Technical: hyperrealistic detail, 8K resolution, shallow depth of field (f/1.8), cinematic composition with leading lines, 35mm lens, atmospheric perspective.|καταβαίνω_ἀπό_0009
 κάτω |down, below|An aerial photorealistic view of a bustling city street viewed from above, looking down at the grid of cars and pedestrians. The sun is low, casting long shadows and highlighting the urban landscape. Composition is symmetrical, capturing the city's structure. Lighting is bright daylight with sharp contrasts. Mood is vast and organized. Colors: gray concrete, black cars, and blue sky. Technical: drone photography style, 24mm equivalent, f/11, 8K resolution, ultra-sharp details of buildings and vehicles.|κάτω_0010
 μακράν |far, far off|Vast desert landscape under a setting sun, a tiny figure silhouetted on the distant horizon. Composition emphasizes extreme distance with telephoto compression, shallow depth of field blurring the foreground. Warm orange and purple hues in the sky contrast with cool desert tones. Dust particles catch the light, enhancing the sense of isolation. Photorealistic details include crisp texture on sand dunes and sharp silhouette of the figure. Mood: solitude and vast emptiness. Technical: 85mm lens, f/2.8 aperture, high dynamic range.|μακράν_0011
 μάχομαι πρός |I fight / contend against …|Two ancient Greek warriors locked in combat on a sun-scorched battlefield. Dynamic poses with raised swords and shields, dust swirling around them. Harsh midday sunlight casts sharp shadows, highlighting muscle tension and bronze armor details. Colors: metallic bronze, crimson cloaks, earthy browns. Mood: intense, chaotic struggle. Technical: low-angle shot, motion blur on weapons, high-resolution texture on skin and metal. Photorealistic details include sweat on faces and realistic fabric wrinkles.|μάχομαι_πρός_0012
 νέος |new, young|A young woman in a sun-dappled meadow, wearing a fresh white dress, smiling softly. Composition focuses on her face with flowers in the foreground, shallow depth of field. Golden hour lighting creates a warm glow, soft shadows. Colors: pastel greens, sky blue, soft yellows. Mood: hopeful and youthful innocence. Technical: 50mm lens, f/1.8 aperture, slight lens flare, ultra-sharp focus on eyes.|νέος_0013
 ὁ γραμματεύς |the scribe / clerk|Close-up of an ancient scribe's hands writing on papyrus with a reed pen in a dimly lit room. Candlelight casts warm, flickering shadows on wooden desk and scrolls. Colors: parchment brown, black ink, rich wood tones. Mood: quiet concentration and scholarly tradition. Technical: macro lens, high detail on paper texture and ink strokes, film grain effect, shallow depth of field.|ὁ_γραμματεύς_0014
 ὁ χαλκός |the bronze / copper|Close-up of a weathered bronze statue of a warrior, green patina covering the surface. Dramatic side lighting highlights intricate details and texture. Set in a museum with dark background. Colors: metallic bronze, verdigris, deep shadows. Mood: ancient resilience. Technical: macro photography, sharp focus on surface details, reflections on metal, high dynamic range.|ὁ_χαλκός_0015
 οὔτε |and not, neither … nor|Split-screen composition showing two empty scenes: a barren field and an empty room, each marked with a red 'X'. Even, neutral lighting. Colors: muted grey tones with subtle texture. Mood: absence and negation. Technical: clean lines, grid layout, high resolution, sharp focus on X symbols.|οὔτε_0016
 πατάσσω αὐτήν |I strike / smite her/it|Close-up of a hand striking a wooden table, a woman recoiling with wide eyes. Harsh overhead light creates sharp shadows, emphasizing the impact. Colors: stark black and white with red accents on the hand. Mood: sudden violence. Technical: motion blur on the striking hand, high detail on facial expression, shallow depth of field.|πατάσσω_αὐτήν_0017
 πλούσιος |rich, wealthy|Opulent interior with a wealthy woman seated on a velvet couch, surrounded by gold decor and jewelry. Soft chandelier lighting illuminates rich fabrics and intricate details. Colors: gold, deep red, dark brown. Mood: affluent elegance. Technical: shallow depth of field, high-resolution textures on silk and metal, warm color grading.|πλούσιος_0018
 ποῖος |of what sort? which?|A person holding a magnifying glass over a table of varied objects—coins, jewels, books. Soft even lighting highlights details. Colors: neutral palette with subtle metallic sheen. Mood: curious inquiry. Technical: sharp focus on objects, shallow depth of field, high detail in textures.|ποῖος_0019
 ποῦ |where?|Desert landscape with a person pointing at a detailed map, golden hour lighting casting long shadows. Composition includes vast dunes and a compass in hand. Colors: sandy beige, blue sky. Mood: searching for direction. Technical: wide-angle lens, sharp focus on map and hand, high dynamic range.|ποῦ_0020
 πρός καιρὸν |for a season, for a (short) time|Photorealistic close-up of a single golden autumn leaf mid-fall, captured against a soft-focus forest backdrop. Warm golden hour lighting filters through the trees, casting delicate shadows. Shallow depth of field with a 100mm macro lens, f/2.8 aperture. Colors transition from vibrant orange to deep brown, emphasizing fleeting beauty. High-resolution detail on leaf veins, with water droplets glistening. Mood: transient and serene. Technical: 1/500s shutter speed, natural lighting, 8K resolution.|πρός_καιρὸν_0021
 ῥύομαί σε ἀπό |I rescue / deliver you from …|Photorealistic action shot of a lifeguard rescuing a child from turbulent ocean waves. Dynamic low-angle composition, water splashing dramatically. Bright midday sun creates sharp reflections on the water surface. Lifeguard in red suit grips child's arm, both mid-motion. Colors: deep blue water, white foam, vibrant red suit. Mood: urgent and heroic. Technical: 70-200mm telephoto lens, 1/1000s shutter speed, high detail, sharp focus on faces and hands.|ῥύομαί_σε_ἀπό_0022
 τὸ κάλυμμα |the veil / covering|An ethereal close-up of a gossamer veil draped over a woman's head in a sunlit ancient Greek temple courtyard. The veil, made of fine ivory gauze, catches the golden hour light, creating a soft halo effect with delicate iridescent shimmer. Her face is partially obscured, revealing only her serene eyes and the curve of her cheek. Background features weathered marble columns draped in creeping ivy, blurred into soft bokeh of deep teal and sage green. Mist rises from the stone floor, adding movement and mystery. Warm amber and peach tones contrast with cool shadows, evoking a sacred, contemplative mood. Shot on medium format film with 85mm f/1.8 lens, shallow depth of field, hyper-detailed textures of fabric and stone, cinematic lighting with subtle volumetric rays. 4K resolution, photorealistic with a touch of surreal elegance.|τὸ_κάλυμμα_0023
 χωρίζομαι ἀπό|I separate / part from …|Photorealistic wide-angle scene of a solitary figure walking away from a crowd on a beach at sunset. Low-angle composition with the horizon line centered. Golden hour light casts long shadows, painting the sky in hues of orange and purple. The person is small in frame, facing the distant sea. Mood: reflective and melancholic. Technical: 24mm wide lens, f/11 for sharpness, high detail, 8K resolution, natural lighting.|χωρίζομαι_ἀπό_0024
