ἀποθνῄσκω |I die|A solitary figure dissolving into translucent particles, caught mid-stride on a marble plinth amid a vast obsidian void. High-drama chiaroscuro: single cold spotlight from above carves silver highlights across the vanishing form while deep indigo shadows pool below. Cinematic style, 35 mm film grain, shallow depth of field, muted palette of bone-white, charcoal, and spectral cyan. Mood: quiet awe, inevitable transition. Ultra-sharp 8 K, 3:2 aspect, subtle volumetric dust motes catching light.|ἀποθνῄσκω_0001
 βαστάζω αὐτήν |I carry / bear it (fem.)|A robed woman cradles a glowing, translucent orb of rose-glass against her chest at twilight. Classical Renaissance composition, golden-ratio spiral leading the eye from her sandaled feet to her serene gaze. Warm honeyed light of setting sun kisses ochre stone architecture behind; complementary ultramarine shadows. Soft sfumato, oil-paint texture, earthy palette with touches of vermilion and gold leaf. Mood: steadfast tenderness. Shot on medium-format film, 50 mm lens, f/1.4, gentle bokeh.|βαστάζω_αὐτήν_0002
 ἐν ὀλίγῳ |in a little (while), shortly|An hourglass of polished bronze balanced on a cracked windowsill, last few grains of iridescent sand catching dawn light. Minimalist still-life, Dutch-master style: rich umber background, focused rim-light outlining the glass, micro-detail on each grain. Palette: warm sepia, muted turquoise wall beyond. Mood: hushed anticipation. Macro lens, 100 mm, high-resolution 8 K, subtle depth-of-field falloff, delicate sensor noise for authenticity.|ἐν_ὀλίγῳ_0003
 ἔρημος |deserted, wilderness; the desert|Endless windswept dunes beneath a bruised violet sky, a single shattered Ionic column half-buried in sand. Epic wide-shot, Lawrence-of-Arabia aspect ratio 21:9. Low, raking late-afternoon sun paints long ochre shadows; distant heat shimmer distorts horizon. Palette: desaturated sienna, dusty mauve, hints of oxidized copper on the stone. Mood: sublime isolation. 70 mm IMAX clarity, polarized sky, fine sand granules visible, high-dynamic-range capture.|ἔρημος_0004
 εὐρίσκω αὐτήν |I find it (fem.)|A young traveler kneels in a sun-dappled olive grove, fingers brushing a small silver locket half-hidden among roots. Soft backlit morning light filters through silver-green leaves, creating dappled bokeh. Impressionistic color treatment: sage, warm terracotta, touches of antique gold. Mood: quiet revelation. 50 mm prime lens, f/2, gentle motion blur on background, cinematic 4 K, subtle lens flare.|εὐρίσκω_αὐτήν_0005
 ἡ ἄκανθα |the thorn (thorny plant)|A single, monstrously magnified thorn, curved like a raven’s talon, juts from a velvet-black backdrop; microscopic barbs catch shafts of obsidian-gold rim light that scrape across its chitin-sheened surface, revealing iridescent petrol blues and bruise-purples. Behind, a ghostly silhouette of the entire thorny stem—brittle, graphite-gray—fades into a charcoal haze, creating layered depth. Foreground droplets of crimson resin cling to the tip, each acting as a fisheye lens that inverts and refracts a distant, bleeding sunset. Style: hyper-real macro botanical merged with dark romantic still-life, shot on 200 mm tele-macro at f/2.8, ISO 100, focus-stacked for needle-sharp detail. Lighting: low-key chiaroscuro, single side-grazing source with warm 3200 K gel, negative fill to carve abyssal shadows, subtle amber rim to outline serrations. Mood: ominous reverence—beauty laced with warning. Palette: iridescent metallics against matte umber and carmine, punctuated by ember-orange glints. Composition: thorn placed on the golden-ratio diagonal, negative space left for narrative tension, 8 K clarity, shallow depth of field, bokeh like spilled ink. Add faint silver dust motes suspended in air, implying motionless breath.|ἡ_ἄκανθα_0006
 ἡ ἐπαγγελία |the promise,  “the offering (of something to come).”|A lone figure in flowing ivory linen stands ankle-deep in a mirror-calm tidal pool at the edge of a violet dusk sea, one hand extended toward the horizon where a single gold-leafed parchment scroll unrolls itself mid-air, its edges igniting into soft white flames that never consume. The sky is a gradient of deep indigo and rose madder, pierced by a slender crescent moon and a trail of seven star-points that reflect perfectly on the water’s surface, forming an unbroken luminous path leading from the figure’s fingertips to the edge of the world. Shot with a 50 mm lens, low eye-level angle, rule-of-thirds placement of figure left-of-center, negative space dominating the upper right to evoke anticipation. Cinematic chiaroscuro: warm 3200 K lantern-light glows behind the figure, contrasting cool 6500 K twilight, volumetric god-rays catching suspended salt mist. Palette: burnished golds, muted amethyst, wet sand umber, touches of vermilion in distant clouds. Style: hyper-realistic digital oil, subtle impasto texture, 8 K clarity, shallow depth of field (f/1.4) so scroll flames are tack-sharp while background bokeh melts into dream orbs. Mood: hushed expectancy, sacred offering, the breath before a covenant is spoken.|ἡ_ἐπαγγελία_0007
 ἡ ζώνη |the belt, girdle|A coiled leather belt with bronze clasp rests atop weathered Greek armor on a sunlit stone plinth. Classical still-life, side-lit by Mediterranean noon: crisp shadows, tactile texture emphasis. Palette: raw sienna leather, verdigris bronze, cool slate stone. Mood: quiet readiness. 85 mm tilt-shift lens, selective focus, ultra-sharp 8 K, micro-bumps and stitching visible.|ἡ_ζώνη_0008
 καίω αὐτήν |I burn it (fem.)|A delicate silk veil ignites at its lower hem, blue-orange flames curling upward against night sky. High-contrast low-key style: deep indigo backdrop, fire providing sole light source, highlighting translucent fabric edges. Palette: cobalt, incandescent tangerine, hints of violet smoke. Mood: fierce transformation. 1/1000 s shutter freezes ember sparks, 50 mm lens, 8 K, high-dynamic-range to preserve flame detail.|καίω_αὐτήν_0009
 κλείω αὐτήν |I shut / close it (fem.)|Massive bronze doors with verdigris patina swing shut, last sliver of golden light narrowing between them. Dramatic axial viewpoint, low-angle shot. Single shaft of dusty light cuts through darkened vestibule, illuminating floating motes. Palette: deep viridian, antique gold, pitch-black shadows. Mood: finality and mystery. 24 mm wide-angle, f/8 for edge-to-edge sharpness, 8 K resolution, subtle vignette.|κλείω_αὐτήν_0010
 κρυπτός |hidden, secret|A vast subterranean library carved from obsidian and phosphorescent crystal, its tiers descending into violet gloom like inverted cathedral spires; ancient scrolls sealed in translucent amethyst tubes hover mid-air, faintly glowing glyphs drifting off the parchment into the dust. Center foreground, a lone hooded figure in matte black robes—face obscured by a mirrored mask—reaches toward a levitating codex whose pages unfold into fractal light. Style: hyper-realistic dark fantasy, 8 k detail, ray-traced reflections, subtle film grain. Composition: low wide-angle shot, rule of thirds with the figure on left third, leading stairs spiral toward a distant pin-prick of cold white light, creating infinite depth. Lighting: bioluminescent turquoise and indigo rim-light separates silhouettes, narrow beam of moonlight from unseen oculus cuts diagonal across scene, volumetric haze catches drifting dust motes. Mood: hushed reverence, arcane mystery, the weight of millennia. Palette: desaturated midnight blues, bruised purples, metallic graphite, accents of electric cyan and tarnished gold. Technical: f/1.4 depth of field, sharp foreground falling to creamy bokeh, 32-bit color, ultra-high contrast yet shadow detail intact, subtle chromatic aberration on highlights.|κρυπτός_0011
 μεστός |full (gen. of content)|A luminous still-life in the Dutch Golden Age style: a crystal bowl brimming to the lip with glistening pomegranate seeds, each ruby aril catching a pinpoint of candlelight that scatters tiny spectral flares across the dark mahogany table. Behind the bowl, a tall Venetian glass carafe stands half-full of deep claret wine, its surface trembling with a reflected crescent of golden flame. Composition anchored on a low, centered viewpoint, rule-of-thirds intersection at the bowl’s rim, shallow depth of field (f/1.4) so foreground seeds are tack-sharp while background dissolves into velvety bokeh. Palette: saturated carmine, burnt umber, antique gold, and a whisper of ultramarine shadow. Chiaroscuro lighting from a single off-frame candle, warmth 2700 K, casting long, soft-edged shadows that curl like calligraphy. Subtle dust motes suspended in the air, caught in the light beam, adding temporal weight. Mood: hushed abundance, a moment just before indulgence, silence so thick you hear the seeds breathe. Render in 8 K, oil-on-canvas texture, visible impasto on highlights, micro-details of seed membranes and glass striations, 3 : 2 aspect ratio.|μεστός_0012
 μόνον |only, alone|A solitary white marble Doric column standing intact amid a vast field of tumbled ruins at dawn. Cool lavender sky gradates to rose on the horizon; the column’s fluting catches the first pale gold light, casting a long, thin shadow across broken capitals. Sparse wildflowers tremble in a silent breeze. Minimalist composition, rule-of-thirds placement, soft diffused lighting, desaturated blues and warm marble whites, Hasselblad medium-format clarity, contemplative solitude.|μόνον_0013
 ὁ κόρινος |the Corinthian (man of Corinth)|A bearded Corinthian merchant in deep indigo chiton and crimson himation, leaning against a porphyry column of the bustling Lechaion port. Behind him, triremes unload bronze vessels and lapis lazuli cargo. Late afternoon sun glints on his bronze fibula and weathered olive skin; distant Acrocorinth glows golden. Vivid polychromy, high-detail classical realism, 50 mm lens, saturated maritime blues and earth tones, confident civic pride in expression.|ὁ_κόρινος_0014
 ὁ νυμφίος |the bridegroom|A Byzantine bridegroom in late-afternoon golden hour, standing at the threshold of a candle-lit basilica, 6th-century Constantinople. He wears a deep-crimson dalmatic embroidered with double-headed eagles in metallic gold thread, pearl-studded loros draped across his chest, soft leather campagi shoes. Face in three-quarter view: olive skin, dark beard trimmed to a perfect arc, eyes lowered in contemplative reverence, single tear catching the light. Behind him, the open cedar doors reveal a nave shimmering with mosaics—Christ Pantocrator in lapis and tesserae gold, smoke from frankincense curling like ghostly script. Foreground: rose petals scattered on marble worn smooth by centuries, one petal lifted by a faint breeze. Lighting: low-angle sun rays slice through incense, creating volumetric god-rays that halo his raven hair and ignite the gold embroidery into molten fire; background fades into chiaroscuro to isolate the figure. Palette: ox-blood, antique gold, bruised purple shadows, touches of vermilion and cerulean from mosaics. Style: hyper-realistic yet painterly, shot on a virtual 85 mm f/1.4 lens, bokeh swallowing the distant choir, depth-of-field razor-thin on the eyelash. Mood: solemn anticipation, sacred tension between earthly desire and divine covenant. 8 K resolution, subtle film-grain, no modern artifacts.|ὁ_νυμφίος_0015
 ὁ πῶλος |the young donkey, colt|A dusty grey colt with oversized ears and velvet muzzle, tethered beside a whitewashed village wall on a sun-bleached Aegean island. Mid-morning light carves warm highlights on its tawny coat and casts sharp shadows of oleander leaves across the cobblestones. A turquoise sea glints beyond. High-resolution 70 mm lens, saturated Mediterranean palette, gentle breeze suggested by lifted mane, innocent rural charm.|ὁ_πῶλος_0016
 ὁ σεισμός |the earthquake,  “the shaking,”,  “a violent disturbance, agitation, or upheaval.”|A colossal, ancient city of white marble and gold is being torn in half by a living earthquake: the ground itself has become a roaring, translucent figure of cracked stone and lightning, arms of jagged bedrock ripping upward through temples and colonnades. Style is hyper-realistic mythic fantasy, shot as if on a 50 mm lens, 8 K clarity, slight wide-angle tilt to exaggerate the towering rupture. Composition places the seismic titan dead center, torso dissolving into drifting dust and debris, while tiny panicked citizens in deep-red chitons flee along diagonal streets that spiral toward the viewer, creating a vortex of motion. Lighting is apocalyptic golden hour: low, fractured sunbeams knife through dust clouds, igniting airborne marble dust into molten sparks, casting long violet shadows and rim-lighting every crack with ember-orange. Mood is awe-struck dread—simultaneous beauty and annihilation. Color palette juxtaposes warm citrine and copper against cool slate and indigo, with electric white fissures coursing like neural lightning. Technical: depth-of-field focuses on the titan’s crumbling face, background softly blurred; subtle chromatic aberration on edges; cinematic contrast boosted, grain added for fresco-like texture.|ὁ_σεισμός_0017
 ὁ χιλίαρχος |the chiliarch, commander of a thousand|A bronze-scaled chiliarch astride a black charger atop a rocky Anatolian ridge, crimson cloak whipping in wind. Behind, a phalanx of a thousand helmets glints like a serpent of steel under lowering storm clouds. Low, raking light edges every spear tip with silver, while his scarred face bears stoic resolve. Epic 24 mm wide-angle, muted metallics against tempestuous indigo sky, gravitas and command.|ὁ_χιλίαρχος_0018
 ὁργίζομαι |I am angry|Extreme close-up of a man’s face, eyes ablaze beneath furrowed brows, veins prominent on tensed neck. Warm torchlight carves sharp highlights across clenched jaw, while cool moonlight edges sweat beads. Background dissolves into swirling crimson cloth and shattered pottery shards frozen mid-air. High-contrast Rembrandt lighting, saturated reds and deep umbers, 50 mm lens, shallow depth, raw fury palpable.|ὁργίζομαι_0019
 τὸ ἄρνιον |the little lamb|A snow-white lamb curled on fresh spring grass dotted with yellow crocuses, soft morning light filtering through young olive leaves. Delicate wool glows with soft rim light, pink ears translucent. A distant shepherd’s bell tinkles, suggested by gentle motion blur in background. Pastel palette of greens and creamy whites, 100 mm macro lens, shallow depth, peaceful innocence and vulnerability.|τὸ_ἄρνιον_0020
 τὸ γράμμα |the letter (of alphabet), document|A weathered parchment scroll unfurls across a marble desk lit by a single candle, its golden flame casting trembling shadows on a reed pen and dried inkwell. Carved into the parchment’s surface, a luminous Greek tau (Τ) glows like molten bronze, each stroke bleeding tiny constellations of indigo and vermilion that drift upward like fireflies. Behind the scroll, a towering window of stained glass depicts an ancient library; moonlight filtered through crimson and sapphire panes paints tessellated ghosts across the scene. Dust motes swirl in slow motion, caught in a shaft of cool lunar silver that contrasts with the candle’s warm ochre. The composition is shot at f/1.4, 50 mm, hyper-real macro focus on the tau’s cracked edges while the background melts into bokeh jewel-tones. Style blends classical chiaroscuro with subtle cyberpunk circuitry—microscopic copper traces vein the parchment, pulsing faint electric teal. Mood is hushed reverence, the moment before revelation, colors saturated yet antique: burnt umber, imperial purple, candle-flame gold. Ultra-sharp 8K, ray-traced reflections in the inkwell, depth-of-field drawing the eye to the letter that holds the weight of worlds.|τὸ_γράμμα_0021
 τὸ δίκτυον |the net (fishing)|Low, wide-angle coastal dawn scene: an old Cretan fisherman heaving a heavy hand-knotted net from turquoise shallows onto weather-beaten wooden boat, droplets suspended mid-air like crystal beads, backlit by rose-gold sunrise. Net textures—frayed hemp, green algae stains, occasional glinting fish scales—captured in hyper-real 8 K detail, diagonal composition leading eye from foreground net to distant misty horizon. Palette: aquamarine, coral pink, muted indigo; cinematic lighting with rim highlights and soft volumetric haze, mood of hopeful toil, documentary style influenced by Steve McCurry.|τὸ_δίκτυον_0022
 τὸ καταπέτασμα |the temple veil / curtain|A massive, ancient temple veil suspended in ethereal twilight, woven from threads of beaten gold and Tyrian purple that shimmer with inner light, each fiber inscribed with fading hieroglyphs and sacred geometries that pulse faintly like dying embers. The fabric hangs torn from top to bottom, its ragged edges fluttering in an otherworldly breeze, revealing a luminous void beyond that spills forth rays of blinding white-gold light piercing through darkness. Dramatic chiaroscuro lighting creates deep shadows in the temple's vaulted stone architecture while heavenly illumination streams through the rupture, casting dancing particles of divine radiance that illuminate swirling incense smoke. The composition centers on the veil's magnificent texture—centuries of dust and incense have settled into its intricate tapestry depicting cherubim and mystical symbols, now trembling as supernatural energy crackles along the tear like golden lightning. Rich burgundy and royal purple dominate the color palette, contrasted against the warm amber glow of oil lamps and the cool blue-white radiance emanating from beyond the curtain. Shot from a low angle to emphasize the veil's monumental scale, using shallow depth of field to create bokeh effects in the background while maintaining sharp detail in the fabric's elaborate embroidery. The mood oscillates between profound reverence and apocalyptic awe, capturing the precise moment when the barrier between earthly and divine realms is violently torn asunder, with stone dust and golden threads suspended in the air like cosmic stardust.|τὸ_καταπέτασμα_0023
 τὸ πάθημα|the suffering, passion|Surreal close-up of a solitary human figure kneeling on a cracked limestone plateau at twilight, head bowed, arms wrapped tightly around torso as if holding pain within. Windswept crimson fabric streams horizontally from shoulders, blending into storm clouds bruised with violet and indigo. Low-key lighting, single cool rim light outlining the silhouette, distant lightning providing brief highlights, palette of blood red, slate gray, electric white, mood of visceral anguish yet quiet resilience. Shot on 85 mm, f/1.4 for creamy background blur, fine-art metaphorical style akin to René Magritte meets Gregory Crewdson.|τὸ_πάθημα_0024
