βλέπει τήν|(he/she) sees / is looking at…|Ancient-Greek marble portico at dawn, a lone child in undyed chiton stands on tiptoe, wide turquoise eyes reflecting a distant ship on an ink-blue sea; golden Attic light rakes across fluted columns, long violet shadows, drifting olive pollen caught as sparkling motes. Shot on 50 mm lens, f/1.4, cinematic color grade, subtle vignette, low-angle for awe, soft kodak film grain, serene yet anticipatory mood.|βλέπει_τήν_0001
ἐσθίει τήν|(he/she) eats / is eating…|Interior of a clay-daubed taverna lit by a single hanging oil lamp, warm ochre glow on weathered wooden table; elderly woman in deep indigo himation tears honey-glazed barley bread, steam curling toward rough-hewn beams. Foreground selective focus, background melts into bokeh of amphorae, muted sienna palette, Rembrandt lighting, textures sharp enough to taste, tranquil rustic mood.|ἐσθίει_τήν_0002
ἡ ἀδελφή|the sister|Mountain herb garden midday, young woman in saffron peplos braiding sister’s sun-bleached hair amid wild thyme; cicada song almost visible in quivering air, cicadas’ green and lavender hues mirrored in iridescent silk ribbons. High-resolution 85 mm portrait, diffused sunlight, pastel yet vibrant, shallow depth, gentle breeze motion blur, sisterly tenderness, subtle Renaissance palette.|ἡ_ἀδελφή_0003
ἡ ἐπιστολή|the letter (message)|Twilight study of a scholar: cedar oil lamp flickers across papyrus scroll, wax seal cracked, ink still glistening; chiaroscuro highlights carved ivory stylus, deep ultramarine shadows, dust motes like suspended stars. 35 mm vintage lens, warm tungsten against cool dusk blues, intimate, expectant mood, sharp paper texture, baroque lighting.|ἡ_ἐπιστολή_0004
ἡ κεφαλή|the head|Extreme close-up of marble kouros head lying on dark volcanic sand, late afternoon sun engraving every vein of stone, single olive leaf resting on cracked lips; background blurred indigo waves. Macro 100 mm, high contrast, desaturated save for verdant leaf, contemplative solitude, minimalistic yet dramatic.|ἡ_κεφαλή_0005
ἡ κώμη|the village|Hilltop Cycladic village at blue hour, cubic whitewashed houses cascade toward indigo Aegean, lanterns just lit casting amber pools on worn steps; distant church bell frozen mid-swing, lavender sky gradient. Wide 24 mm tilt-shift, miniature-like clarity, color palette of white, cobalt, and warm gold, serene timelessness.|ἡ_κώμη_0006
ἡ ποίμνη|the flock (of sheep)|Early-morning meadow shrouded in low gold mist, bell-wether sheep’s copper bell catching first rays, wool back-lit into glowing halos; shepherd’s crook silhouetted against rising sun. 70-200 mm telephoto compression, pastel earth tones, ethereal light shafts, tranquil bucolic mood, cinematic realism.|ἡ_ποίμνη_0007
ἡ σκηνή|the tent / dwelling|Nomadic goat-hair tent beneath sweeping Milky Way, interior copper brazier embers painting geometric rug patterns in flickering carmine; exterior cool nocturnal cyans contrast warmth inside. Wide 14 mm astrophotography lens, long exposure star trails, rich textile textures, inviting yet mysterious mood.|ἡ_σκηνή_0008
κράζει|(he/she) cries out, shouts|Wind-lashed cliff edge at stormy sunset, youth in billowing crimson chlamys shouting into rain, mouth open, droplets suspended like crystal beads; lightning flash backlights flying hair. High-speed 1/2000 s shutter, vibrant complementary reds against teal sky, dramatic wide 20 mm lens, raw emotional intensity.|κράζει_0009
νεύει|(he/she) nods, beckons|A solitary figure stands on a marble pier at twilight, half-turned toward us, chin gently tilted in a single inviting nod. She is draped in a wind-whipped indigo chiton; gold-threaded edges catch the last ember of sun, scattering tiny glints like fireflies. Behind her, the Aegean stretches—liquid lapis melting into a sky of bruised lavender and rose. One extended hand, palm subtlety skyward, repeats the silent beckon; the other holds a forgotten oil lamp whose flame mirrors the first star. Composition places her on the lower-right third, negative space flooding left so the viewer feels summoned forward. Lighting: golden-hour rim light haloing hair, countered by cool moon-fill beginning to rise, creating tender dual-tone skin gradation. Mood: anticipatory, mythic, hushed. Palette: ultramarine, antique gold, muted rose, spectral teal reflections. Style: neoclassical figurative meets contemporary cinematic realism, 85 mm lens simulation, f/1.4 shallow depth, micro-bokeh sparkles on water. Ultra-sharp 8 k, subtle film grain, high dynamic range, soft volumetric haze rolling in from the horizon.|νεύει_0010
ὁ ἄνθρωπος|the human being, man|Classical Greek marble sculpture of an idealized nude male figure, standing contrapposto against a deep indigo backdrop. Shot with a 85 mm lens at f/2.8, soft rim-lighting from the left carves creamy highlights across taut muscle and ancient stone pores, while a subtle warm fill reflects off a bronze reflector to preserve shadow detail. Palette: alabaster, umber shadows, Aegean-blue negative space. Mood: timeless, contemplative, heroic. Style: hyper-real yet reverent, evoking Phidias and contemporary high-res museum photography, 8 K clarity, shallow depth of field, no anachronisms.|ὁ_ἄνθρωπος_0011
ὁ ἄρτος|the bread, loaf|Close-up still-life of a rustic sourdough loaf resting on weathered olive wood, flanked by scattered wheat stalks and a ceramic bowl of golden grains. Lit by low morning sunlight streaming through a terra-cotta window, creating warm highlights and long, soft shadows. Color palette: burnt sienna crust, creamy crumb, muted earth tones. Style: Dutch Golden Age realism, 50 mm lens, f/4, ISO 100, tack-sharp front third with gentle bokeh falloff. Mood: inviting, sacred simplicity, abundance. Ultra-high-resolution texture detail on crust cracks and wood grain.|ὁ_ἄρτος_0012
ὁ θεός|God, god|Renaissance altarpiece composition: radiant figure in flowing white-gold drapery hovering above cumulus clouds, arms outstretched, eyes serene. Back-lit by ethereal rays breaking through stormy ultramarine sky, creating divine rim-light and soft volumetric glow. Palette: celestial ivory, ultramarine, molten gold leaf highlights. Style: oil-on-panel texture, sfumato edges, 24 mm equivalent lens for grandeur. Mood: awe-inspiring yet compassionate. Technical: 32-bit color depth, subtle filmic grain, no modern artifacts.|ὁ_θεός_0013
ὁ ἵππος|the horse|Black Friesian stallion galloping along wet sand at golden hour, mane whipping like liquid ink against molten sunset sky. Shot at 1/2000 s with 200 mm telephoto, pan blur background for dynamic motion. Low angle sun creates long reflections and rim-light on muscular silhouette. Palette: obsidian, amber, rose-gold highlights. Mood: power, freedom, mythic. Style: hyper-real equestrian portrait, 8 K sharpness, shallow DOF, natural lens flare, no gear or rider.|ὁ_ἵππος_0014
ὁ καρπός|the fruit / produce|Abundant harvest still-life: pomegranates split to reveal ruby arils, purple figs, golden pears, and green grapes cascading from a woven basket on rough limestone. Side-lit by diffused afternoon light through linen curtain, gentle specular kisses on fruit skins. Palette: saturated jewel tones against neutral stone. Style: Baroque chiaroscuro, 35 mm lens, f/5.6, deep depth, crisp texture. Mood: generosity, transience, gratitude. 16-bit color, subtle vignette, no modern elements.|ὁ_καρπός_0015
ὁ νόμος|the law|Massive stone tablets engraved with ancient Greek text, standing upright on a windswept Athenian hill at twilight. Cool blue hour light mixed with a single warm torch from camera-left, creating dramatic split lighting and long shadows across weathered marble. Palette: slate gray, amber flame, indigo sky. Style: cinematic wide shot, 24 mm lens, f/8, high dynamic range. Mood: solemn, enduring, authoritative. Sharp chisel detail, drifting dust motes caught in torchlight.|ὁ_νόμος_0016
ὁ ὀφθαλμός|the eye|Extreme macro of a human iris, lit by a single diffused LED ring light, revealing radial amber fibers and a reflection of an ancient Greek temple silhouette in the cornea. Palette: honey amber, obsidian pupil, porcelain sclera veined with micro-red. Style: medical-grade clarity meets surreal symbolism, 100 mm macro at f/11, focus stacking for infinite detail. Mood: introspective, omniscient. 32-bit color, no retouching artifacts, sterile yet soulful.|ὁ_ὀφθαλμός_0017
ὁ χριστός|the anointed one, Christ|Iconic Byzantine mosaic come to life: golden-tiled halo flickering with candlelight reflections, serene face with subtle 5-o-clock shadow, crimson and lapis robes. Frontal composition against dark basilica interior, single candle providing warm fill, tessellated gold ground shimmering. Palette: icon gold, wine red, midnight blue. Style: high-resolution digital fresco, 50 mm equivalent, shallow DOF to isolate face. Mood: sacred, timeless, compassionate. Subtle candle smoke, no modern intrusions.|ὁ_χριστός_0018
τὸ βιβλίον|the book / scroll|An ancient papyrus scroll unfurls across a weathered cedar table, its edges frayed like desert silk, bearing deep sepia glyphs that shimmer with flecks of iridescent lapis ink. The scene is lit by a single low, golden oil-lamp flame that throws theatrical chiaroscuro across the parchment, revealing every fibrous ridge and the ghost of erased text beneath. Around the scroll, dust motes drift like miniature galaxies in a shaft of late-afternoon sunlight slicing through a stone archway. Background shelves recede into cool umbra, stacked with leather-bound codices whose spines bloom muted garnet, verdigris, and indigo, suggesting centuries of scholarship. Style: hyper-realistic archaeological still-life fused with subtle fantasy—tiny phosphorescent particles rise from the glyphs, hinting at living knowledge. Composition: rule-of-thirds, scroll diagonal leading the eye to a bronze stylus resting beside a half-closed bronze seal, its Medusa intaglio catching a pinpoint highlight. Mood: reverent, timeless, whispering of secrets waiting to be read. Palette: warm ochres, burnt umber, antique gold against cool slate shadows, accented by micro-specks of celestial turquoise. Camera: 85 mm virtual lens, f/2.2 for creamy depth of field, 8 K resolution, extreme surface detail, cinematic grading, shot on a slight Dutch tilt to imply unfolding discovery.|τὸ_βιβλίον_0019
τὸ ἱμάτιον|the garment, cloak|Flowing indigo himation draped over a weathered marble plinth, caught in a gentle Aegean breeze, folds rippling like liquid stone. Late afternoon sun backlights the linen, turning edges translucent and revealing fine weave texture. Palette: Mediterranean indigo, alabaster highlights, soft lavender shadows. Style: classical product shot meets fine-art textile study, 85 mm lens, f/2.8, back-rim light plus silver reflector fill. Mood: quiet dignity, Hellenic elegance. Ultra-sharp thread detail, motion blur on hem, no clips or modern props.|τὸ_ἱμάτιον_0020
τὸ πετεινόν|the bird|A lone bird, wings half-spread, perched on a weather-worn marble capital under the cool blaze of an ancient Greek midday sun. Shot in the style of 19th-century neoclassical still-life painting: crisp chiaroscuro, ivory marble grain catching sharp white highlights, deep Prussian-blue shadows. Palette: muted terracotta, Aegean blue, sun-bleached limestone. Composition centered, low eye-level, negative space of empty sky emphasizing the bird’s alert silhouette. 85 mm lens realism, f/2.8 for shallow depth; subtle film-grain texture, 8 K clarity on feather barbs. Mood: serene yet vigilant, timeless Mediterranean calm.|τὸ_πετεινόν_0021
τὸ ποτήριον|the cup / drinking-vessel|A black-figure kylix (Greek wine cup) stands on a rough cedar tabletop, morning side-light raking across its glossy slip to reveal ochre-red clay beneath. Style: high-detail archaeological product shot meets Dutch still-life. Dramatic single-source lighting at 30° creates long, moody shadows and specular highlights on the libation-dark interior. Color palette: earthenware blacks, burnt umber, muted olive background. Shallow depth, 50 mm macro, focus stacked for razor-sharp rim and palmette motifs. Atmosphere: quiet reverence, hint of incense in cool air, evoking symposium anticipation.|τὸ_ποτήριον_0022
τὸ τέκνον|the child|A small barefoot child in a simple linen chiton stands on a sun-dappled Athenian street, golden hour backlight creating a soft halo around tousled dark hair. Cinematic style: warm Kodak 35 mm film aesthetic, gentle lens flare, shallow depth at f/1.8. Palette: honeyed ambers, dusty rose walls, cobalt door accents. Composition: rule-of-thirds, low adult-perspective angle lending quiet monumentality to the child’s curious gaze. Fine dust motes catch the light; distant lyre notes implied. Mood: wistful innocence, timeless childhood wonder amid antiquity.|τὸ_τέκνον_0023
τύπτει τήν|(he/she) strikes / hits…|Dynamic freeze-frame of a bronze-armored hoplite mid-swing, spear shaft blurring toward an unseen target. Style: high-speed dramatic photography meets red-figure pottery graphic design. Lighting: high-contrast rim light outlining cuirass, deep crimson cloak whipping, dust clouds lit by low setting sun. Palette: metallic bronze, blood-red, iron grey, ash white. Composition: diagonal motion lines, Dutch tilt for urgency, negative space filled with flying grit. 1/4000 s shutter realism, 8 K detail on muscle tension and engraved helmet crest. Mood: visceral, decisive instant of classical battlefield violence.|τύπτει_τήν_0024
