ἀκολουθεῖ σοι|he/she follows you|Illustration in muted earth-tones and indigo shadows: a cloaked figure half-turns, torch raised, on a narrow moon-washed stone path; behind, a translucent second silhouette mirrors every step, edges flickering like candle smoke. Cross-hatched ink lines, soft watercolor glazes, and a low, diagonal golden light create suspense and quiet pursuit. Vertical composition, 3:4 ratio, textured paper grain visible, limited palette of ochre, umber, and Prussian blue.|ἀκολουθεῖ_σοι_0001
ἀληθινός|true, genuine, real|Illustration of a radiant marble hand releasing a perfectly clear crystal sphere that catches and splits white light into a pure spectrum. Background dissolves from rough charcoal sketches on the left to crisp, detailed ink on the right, symbolizing revelation. Soft graphite shading, white-gouache highlights, centered composition, tranquil mood, emphasizing honesty and clarity. Palette: ivory, warm gray, and prismatic accents on textured cotton paper.|ἀληθινός_0002
ἄριστερός|left (hand/side)|Illustration focusing on an open left hand silhouetted against a cobalt dusk sky, delicate linework mapping life-line and heart-line. Subtle rose glow on the palm edge contrasts with cool exterior shadows, suggesting duality. Loose, expressive brush-ink strokes, negative space utilized, diagonal composition, quiet, introspective mood. Limited palette: indigo, madder lake, and parchment white, with fine stippling for texture.|ἄριστερός_0003
γέ|indeed, at least (enclitic particle)|Minimalist illustration: a single small gold leaf hovers mid-air above an empty charcoal circle on rough handmade paper, implying emphasis and certainty. Soft side-lighting casts a thin halo, evoking a hushed affirmation. Sparse linework, delicate stippling, centered focal point, contemplative mood. Palette restricted to metallic gold leaf, neutral gray ink, and raw paper fiber for quiet power.|γέ_0004
διό|therefore, on which account|Illustration of two converging rivers of ink—one black, one sepia—meeting at a glowing white point that births a tiny seedling. Overhead lantern light creates sharp reflective edges, symbolizing logical consequence. Dynamic diagonal flow, cross-contour hatching, slight parchment texture, decisive, forward-moving mood. Palette: black ink, burnt umber, and luminous white gouache highlights.|διό_0005
δύναμαι ποιεῖν|I am able to do|Illustration of a youth in rolled-up chiton lifting an oversized glowing gear-wheel overhead against a sunrise gradient. Muscular contours rendered with confident brush-ink lines, while translucent watercolor wash shows latent energy. Low, warm backlight creates heroic rim-light, uplifting mood. Palette: cadmium orange, ultramarine shadows, and ivory paper, 4:5 aspect, visible ink bleeds for kinetic feel.|δύναμαι_ποιεῖν_0006
ἐπαίρω τι|I lift up / raise something|Illustration of slender arms raising a woven reed basket full of luminescent fireflies above a moonlit wheat field. Fine stippling and hatching define stalks; soft cobalt wash sky. Gentle top-down moonlight mixes with warm glow from the basket, creating tender, hopeful mood. Palette: muted olive, Prussian blue, and soft amber highlights on textured rag paper, vertical orientation.|ἐπαίρω_τι_0007
ἐπαύριον|tomorrow|Illustration, watercolor-and-ink on textured cotton paper: a lone figure stands on a crescent moon-shaped pier that curves out over a calm, pre-dawn sea. The sky is a muted gradient—indigo melting into blush pink and pale citron—while the first sliver of tomorrow’s sun glows just below the horizon, casting a thin gold rim-light around the character’s silhouette. The figure wears an oversized linen cloak that billows like a sail, its folds painted with translucent washes of cerulean and madder lake, edges picked out in fine sepia ink cross-hatching. Floating above the water are translucent clock faces dissolving into flocks of origami seabirds, their wings stippled with white gouache highlights. In the foreground, a small paper boat drifts toward the viewer, carrying a single lit candle whose flame reflects a tiny, hopeful star on the water’s surface. The composition uses a low, wide-angle perspective, leading the eye along the pier toward the sunrise; negative space dominates the sky, creating a quiet, anticipatory mood. Colors remain soft and chalky, with occasional sharp ink accents to suggest crisp edges of possibility. Subtle pencil guidelines remain visible beneath the paint, emphasizing the handmade, storybook quality. Depth is layered: background skies softly blurred, mid-ground moon-pier in focus, foreground boat rendered with tighter ink detail. Overall ambiance: gentle optimism, the hush just before the world wakes, the scent of salt and new beginnings.|ἐπαύριον_0008
ἐπιγινώσκω αὐτήν|I recognize / acknowledge it (fem.)|Illustration in the style of a hand-tinted 1920s Art-Nouveau lithograph: a lone woman stands ankle-deep in a moonlit Aegean tide, her back to us, sheer linen chiton blowing forward like a revealing veil. Her left hand lifts a bronze hand-mirror whose reflective surface glows with a spectral female face—her own, yet older and luminous—acknowledging herself across time. The composition is a vertical golden-ratio slice: lower two-thirds occupied by rippling indigo water scattered with bioluminescent Greek letters (ἐπιγινώσκω) that shimmer like floating constellations; upper third a cobalt-to-pearl ombré sky holding a thin silver moon whose light engraves a halo around her hair. Palette: oxidized copper, antique parchment, iris violet, and volcanic-sepia ink lines. Lighting is dual-source—cold lunar rim-light outlining her figure, warm sepia lantern-light emanating from the mirror, creating tender rose gradients on wet sand. Inkwash outlines with stippled chalk highlights give a printmaker’s texture; subtle gold-leaf overlays on mirror frame and letterforms add quiet sacredness. Mood: quiet epiphany, gentle self-recognition suspended between tide breaths. Technical: 600-dpi grain, visible plate-mark border, slight deckled paper curl at corners, limited color separation for an authentic illustrated folio feel.|ἐπιγινώσκω_αὐτήν_0009
ἡ ἀκροβυστία|the uncircumcision / foreskin|Symbolic illustration: a closed ivory lily bud encircled by a loose, broken bronze ring resting on dark slate. Side light carves sharp shadows, hinting at themes of wholeness and identity. Fine pen hatching contrasts with soft graphite background, creating reverent stillness. Limited palette: metallic bronze, ivory white, and charcoal black on cold-press paper, centered, meditative composition.|ἡ_ἀκροβυστία_0010
ἡ ἀστραπή|the lightning|Illustration of a single, jagged bolt of lightning splitting a midnight-indigo sky, rendered in high-contrast linocut style. The bolt is chalk-white with faint cyan glow, etched with fine hatch lines; surrounding clouds are swirling graphite strokes. Composition: vertical, tree-like lightning centered, occupying 70 % of height. Dramatic chiaroscuro: blinding core tapering to hair-thin tendrils, illuminating torn cloud edges. Mood: awe, momentary revelation. Palette: indigo, ivory, electric cyan accents. Technical: 600 dpi texture, slight paper grain, limited color block print feel.|ἡ_ἀστραπή_0011
ἡ κλείς|the key|Illustration of an ornate bronze key lying on weathered parchment, depicted in warm watercolor-and-ink style. Key features intricate Greek fretwork handle, patina greens catching soft lamplight. Composition: diagonal placement from lower left to center, casting elongated shadow shaped like an open door. Lighting: golden hour side-light, creating rich umbers and muted golds. Mood: quiet promise, ancient secrets. Colors: sepia, oxidized copper, parchment cream. Technical: visible ink outlines, translucent pigment washes, subtle paper warp, 19th-century botanical plate aesthetic.|ἡ_κλείς_0012
ἡ νῆσος|the island|Illustration of a small, mythic island rising from an emerald sea, drawn in stylized gouache with flattened perspective. White-washed chapel with cobalt dome perched on terraced rocks; cypress trees silhouetted against a salmon-pink sunset. Composition: island occupies central oval, surrounded by decorative wave patterns reminiscent of Greek pottery. Lighting: warm sunset rim-light, gentle violet shadows. Mood: serene isolation, timeless sanctuary. Palette: turquoise, ultramarine, coral, ochre. Technical: bold contour lines, solid color blocks, slight sponge texture for clouds, postcard-like border.|ἡ_νῆσος_0013
ἡ νομή|the pasture / feeding|Illustration of a tranquil pasture at dawn, rendered in soft pastel and pencil. A few goats graze among rolling tufts of grass stylized into repetitive, ribbon-like strokes. Composition: low horizon, expansive sky with sparse sheep-clouds, leading eye to distant olive grove. Lighting: diffuse sunrise, pale apricot glow, long lavender shadows. Mood: gentle sustenance, cyclical peace. Colors: sage, buttercream, dusty rose, lavender. Technical: visible pencil hatching beneath pastel, light tooth paper texture, faint fingerprint smudges for atmospheric softness.|ἡ_νομή_0014
ἡ πέτρυξ|the rocky cliff / crag|Illustration of a jagged cliff face plunging into a turbulent Aegean, executed in dramatic scratchboard style. Sharp white lines carve limestone strata; a single falcon glides for scale. Composition: vertical cliff dominates right two-thirds, diagonal sea spray creates dynamic tension. Lighting: raking moonlight, metallic silver highlights, deep black recesses. Mood: raw, untamed grandeur. Colors: monochrome with hints of Prussian blue wash on waves. Technical: precise knife etching, high relief texture, subtle cross-hatching for shadows, vintage scientific plate feel.|ἡ_πέτρυξ_0015
ἡ φάτνη|the manger|Illustration of a humble stone manger nestled in golden straw, rendered in warm egg-tempera style. Rough-hewn limestone trough casts soft shadow; a single beam of lantern light reveals chisel marks and straw fragments. Composition: intimate close-up, manger fills frame diagonally, inviting touch. Lighting: candle-like glow, ochre highlights, quiet umber shadows. Mood: sacred simplicity, quiet refuge. Colors: raw sienna, straw gold, weathered gray, muted olive. Technical: visible brush hairs, fine craquelure, translucent glazes, early-Renaissance manuscript warmth.|ἡ_φάτνη_0016
κρατεῖ αὐτήν|he/she seizes / holds it (fem.)|Illustration of a woman’s firm hand grasping a fluttering white dove, shown in dynamic Art-Nouveau line art. Hand rendered with bold, rhythmic contours; dove’s wings radiate stylized feather patterns. Composition: tight crop, hand emerges from lower left, bird at eye level against blank parchment. Lighting: implied daylight, minimal shadows, focus on gesture. Mood: decisive yet tender capture. Colors: black ink, dove-gray washes, hint of vermilion bracelet. Technical: sweeping brush lines, selective spot color, slight gold leaf accent on fingernail, posterized background.|κρατεῖ_αὐτήν_0017
λαλεῖ μετά σου|he/she speaks with you|Illustration of two silhouetted figures seated under a crescent moon, conversing across a small stone table, in muted lithograph style. Faces obscured, emphasis on leaning postures and gesturing hands. Composition: symmetrical dialogue, moon overhead creating halo effect. Lighting: cool lunar wash, soft indigo shadows, warm lantern glow on table edge. Mood: intimate, nocturnal trust. Colors: indigo, charcoal, silver, muted amber. Technical: grainy stone texture, subtle stippling, limited palette, 1890s Symbolist print ambiance.|λαλεῖ_μετά_σου_0018
ὁ σταυρός|the cross|Illustration of a simple wooden cross standing on a windswept hill, drawn in stark woodcut style. Bold diagonal cuts depict weathered grain; solitary cross against vast negative space of sky. Composition: vertical cross slightly off-center, low horizon, clouds rendered as rhythmic parallel lines. Lighting: overcast daylight, minimal highlights, emphasis on texture. Mood: solemn endurance. Colors: raw umber, black, overcast gray, touches of alabaster. Technical: chiseled mark texture, high-contrast blocks, hand-pressed ink imperfections, medieval devotional broadsheet feel.|ὁ_σταυρός_0019
περιπατεῖ ἐν τόπῳ|he/she walks in (a) place|Illustration of a lone robed figure walking a narrow path through an ancient olive grove, rendered in soft charcoal and digital wash. Trees stylized with repetitive gnarled spirals; path meanders in serpentine white. Composition: winding path creates S-curve, figure small amid towering trunks, inviting viewer to follow. Lighting: dappled morning light, patches of citrine on robe, cool violet shadows. Mood: contemplative journey. Colors: olive green, sepia, muted gold, lavender gray. Technical: smudged charcoal gradients, transparent digital tint layers, visible paper fiber, early 20th-century travelogue illustration style.|περιπατεῖ_ἐν_τόπῳ_0020
ποιεῖ ἔργον|he/she does (a) work|Illustration of an ancient Greek artisan in a sun-drenched stone workshop, viewed from a three-quarter angle. The figure, draped in a deep indigo himation, leans over a rough-hewn wooden workbench, carving a delicate marble tablet. Strong late-morning light pours through a high arched window, casting sharp chiaroscuro across chisel, hands, and marble dust. Palette: warm ochres, burnt umber, and cool Aegean blues; linework in sepia ink with subtle watercolor washes. Cross-hatching and stippling emphasize texture; negative space keeps the composition airy and classical. Mood: focused, reverent, timeless.|ποιεῖ_ἔργον_0021
τὸ κατάλυμα|the lodging / guest-room / inn|Illustration of a modest hillside inn at twilight, seen from a low, inviting vantage. Whitewashed walls glow rose-gold under a fading sky; a timber lintel door stands ajar, spilling warm lamplight onto a stone threshold. A clay oil jar and a sleeping tortoise-shell cat frame the entrance. Cypress silhouettes slash the horizon; distant stars appear as tiny white gouache dots. Palette: muted terra-cotta, lavender shadows, and honeyed amber highlights. Fine pen outlines with selective dry-brush shading evoke etched pottery. Mood: tranquil, hospitable, slightly nostalgic.|τὸ_κατάλυμα_0022
τὸ κλῆμα|the vine-branch|Illustration of a single, curling vine-branch suspended against a creamy parchment background. Viewed macro-close, serrated green leaves overlap like overlapping watercolor washes, while translucent grapes catch sidelighting that reveals every vein and bloom. Delicate gold-leaf highlights rim the leaf edges, echoing Byzantine manuscripts. Palette: viridian, sap green, and dusty amethyst, with sepia ink contours. Loose, calligraphic strokes suggest growth and movement; tiny graphite stipples indicate soil dust. Mood: fertile, serene, quietly celebratory.|τὸ_κλῆμα_0023
φοβεῖται αὐτήν|he/she fears it (fem.)|Illustration of a lone shepherd on a cliff’s edge at blue hour, seen from behind and slightly above. A towering, shadowed female statue—half-pillar, half-figure—looms across a chasm, eyes glowing faint cerulean. Wind-whipped himation and flying crows angle diagonally, amplifying tension. Palette: cold indigo, bruised violet, and sickle-moon silver; highlights picked out with white gel pen. Rough, expressionistic ink strokes and scraped-board texture evoke dread. Mood: ominous, reverent, mythic.|φοβεῖται_αὐτήν_0024
