γράφω τήν|I write …|Color pencil sketch of weathered hands holding a reed pen above papyrus, visible graphite strokes showing wrist tendons and ink drops. Warm umber and sienna layers build the parchment; cooler indigo and violet shadows carve depth. Side-lit by low amber lamplight, creating soft grainy texture and delicate paper translucence. Loose, expressive hatching follows finger contours; negative space frames the unwritten word. Mood: quiet anticipation, scholarly reverence. Paper grain slightly visible, strokes follow hand direction, no hard outlines, keep palette earthy and limited.|γράφω_τήν_0001
ἡ οἰκοδομή|the building, structure|Color pencil sketch of a modest Mediterranean stone house with timber scaffolding. Layer ochre, burnt umber, and muted teal for walls; cross-hatched shadows in indigo define recesses. Morning light rakes across rough masonry, leaving sun-bleached highlights in cream pencil. Loose, gestural strokes suggest workers and ropes; atmospheric perspective fades distant blocks. Mood: hopeful construction, human endeavor. Keep lines sketchy, edges broken; let paper speckles show through for weathered texture.|ἡ_οἰκοδομή_0002
ἡ πηγή|the spring, source, fountain|Color pencil sketch of a shaded woodland spring: crystal water curling from mossy rocks into a quiet pool. Layered viridian, olive, and turquoise pencils create ripples; white highlights lifted with eraser for sparkle. Dappled sunlight filters through cypress branches, casting soft amber patches. Use circular, flowing strokes to imply movement; foreground stones rendered with rusty sienna and burnt umber. Mood: serene, life-giving. Keep edges soft, colors slightly desaturated for naturalism.|ἡ_πηγή_0003
ἡ σελήνη|the moon|Color pencil sketch of a full moon rising above a quiet bay. Silvery violet-blue layers blended smoothly for lunar disc, with subtle crater shading in cool grey. Reflection rendered with horizontal strokes of powder blue and white, broken by gentle ripples. Night sky built from indigo to Prussian blue, dotted with faint white hatch marks for stars. Foreground olive trees suggested with quick, dark scribbles. Mood: tranquil nocturne. Keep highlights soft, paper tooth exploited for gentle glow.|ἡ_σελήνη_0004
Ἰησοῦς|Jesus|Color pencil sketch bust of Jesus in gentle three-quarter light. Warm sepia and sienna build olive skin tones; layered scarlet and umber suggest robe folds. Soft cream pencil highlights on cheekbones, indigo shadows under beard. Halo indicated by faint ochre circle, not solid gold. Expression compassionate, eyes lowered. Background kept minimal, loose vertical strokes in muted blue-grey. Mood: humble serenity. Avoid hard outlines; let cross-hatching convey form, paper speckles for texture.|Ἰησοῦς_0005
κλαίω|I weep, cry|Color pencil sketch of a solitary figure seated, face buried in hands. Cool indigo and violet layers define bowed shoulders; warm sienna and raw umber show skin. Tear highlights lifted with kneaded eraser, catching side light. Loose, downward strokes suggest drapery and hair, conveying weight of grief. Negative space around form intensifies isolation. Mood: intimate sorrow. Keep palette subdued, edges soft, paper grain visible for raw texture.|κλαίω_0006
ὁ θρόνος|the throne|Color pencil sketch of an ancient stone throne on a shallow dais, slightly tilted perspective for grandeur. Layer cool greys and muted lavender for marble; burnt umber and sienna in crevices imply age. Strong diagonal light from left casts sharp yet soft shadows, enhancing volume. Quick, angular hatching describes worn carvings; background a wash of neutral blue-grey strokes. Mood: solemn authority. Keep outlines broken, colors desaturated, paper speckles adding weathered texture.|ὁ_θρόνος_0007
ὁ κλάδος|the branch|Color pencil sketch of a slender olive branch extending diagonally across the page. Layer yellow-green, moss, and muted turquoise for leaves; twig rendered with repeated umber strokes showing bark texture. Morning side-light creates subtle cast shadow beneath in cool indigo. Background merely suggested with soft, horizontal blue-grey haze. Composition leaves generous negative space for breath. Mood: gentle growth. Keep strokes directional, edges feathered, paper tooth exploited for organic feel.|ὁ_κλάδος_0008
ὁ κύριος|the lord, master, Lord|Color-pencil sketch on cold-pressed cream paper: a solitary, robed figure stands on a narrow marble balcony high above a mist-veiled city at dawn, seen from a low three-quarter angle. The Lord’s face is gently upturned, eyes closed, caught in the first amber shaft of sunrise that spills across the page in loose, layered ochre and burnt-sienna strokes, leaving the background in soft, smudged graphite haze. His hand rests on an ancient scroll, its parchment rendered with fine ivory and warm grey cross-hatching; the other hand opens toward the waking streets below, fingers suggested by quick, confident vermilion lines. Robes of deep indigo and royal purple are built with broad, tactile pencil layers, edges flicked white for caught light, folds emphasized by parallel hatching that follows the fabric’s weight. Behind him, a translucent halo of pale gold and zinc-white radiates in circular swirls, the paper’s tooth letting pigment skip like candle-flame. Foreground balustrade drawn with sharp sepia outlines and selective burnishing; distant domes and towers merely implied by muted lavender scumbles. Overall mood: serene authority, quiet omnipotence. Lighting: high contrast between golden morning glow and cool violet shadows, creating volumetric depth without full saturation. Palette limited to pencil hues—indigo, violet, sienna, ochre, vermilion, cream—kept slightly desaturated for vintage scholastic feel. Paper texture visible throughout; occasional raw edges left untouched for airy breathing space. Resolution: fine line weight 0.3 mm equivalent, light pressure marks, subtle grain noise, no digital smoothness.|ὁ_κύριος_0009
ὁ λόγος|the word, message, reason|A lone figure in a flowing chiton sits cross-legged on a cracked marble pedestal at twilight, head bowed over an open scroll that glows faintly like embers. Behind, a vast olive tree’s roots twist down the pedestal’s sides, its leaves rendered in layered olive-greens and silvered blues, each vein picked out with flickering white-pencil highlights. Floating letters—Greek, Hebrew, and abstract symbols—spiral upward in a loose Fibonacci arc, dissolving into moths whose wings carry tiny inked passages; the insects catch the last amber sunrays, their edges back-lit in cadmium yellow and burnt sienna. Foreground scrollwork and distant Acropolis silhouettes are sketched with loose, cross-hatched umber lines, leaving patches of warm cream paper to breathe. Lighting is low-angle, golden hour, casting long violet shadows and rim-lighting the figure’s curls with rose-gold. Mood is hushed revelation—quiet awe at unfolding meaning. Palette: earthy ochres, desaturated teals, intermittent sparks of vermilion on letters and moth eyes. Technique: color pencil on textured cold-press, heavy directional strokes for fabric, circular burnishing for luminous parchment, selective solvent wash in sky to create soft, grainy gradient. Keep paper texture visible, edges vignetted, center 15% brighter to draw eye to glowing scroll.|ὁ_λόγος_0010
ὁ λύκος|the wolf|Color pencil sketch of a lone wolf emerging from shadowed pines, head turned three-quarters toward viewer, amber eyes catching a shaft of moonlight. Loose, cross-hatched graphite strokes define the ruff, while layered crimson, umber, and slate wax-based lines build the dense fur. Negative space left raw paper for mist curling around pawprints; background trees suggested with diagonal scumbles. Moody twilight palette: indigo sky bleeding into warm grey foreground. Paper tooth visible, giving soft grain; highlights lifted with kneaded eraser for fur sheen. Low-key, suspenseful atmosphere, centered composition, slight low angle for majesty.|ὁ_λύκος_0011
ὁ ποταμός|the river|Color pencil sketch of a meandering river at dawn, viewed from a slight aerial perspective. Continuous cerulean and teal strokes flow horizontally, overlaid with white oil-pencil highlights for ripples. Banks rendered in muted olive and sienna contour lines, trees indicated by vertical hatch marks fading toward a distant mountain ridge. Sunlight suggested with pale peach burnishing on paper edges, creating soft vignette. Composition uses S-curve to lead eye; light, tranquil mood. Paper texture shows through water, giving organic feel; light touch on reflections maintains transparency.|ὁ_ποταμός_0012
ὁ τόπος|the place|Color pencil sketch of a forgotten hillside clearing enclosed by drystone walls, evoking timeless sanctuary. Center a weather-beaten wooden bench under a solitary olive tree; terracotta soil built with layered sienna and burnt umber circular strokes, wall textures via directional hatching. Background hills sketched with bluish violet scumbles, sky a wash of pale lavender leaving speckled paper sparkles. Soft, late-afternoon sidelighting creates gentle cast shadows, peaceful nostalgic mood. Composition balanced using rule of thirds; moderate detail, edges left unfinished to suggest memory.|ὁ_τόπος_0013
ὁ χόρτος|the grass, fodder|Color pencil macro sketch of wild meadow grass swaying in breeze, eye-level viewpoint. Individual blades drawn with alternating lime and olive strokes, layered in varied pressure to create depth; seed heads picked out in ochre and white ink-pencil highlights. Negative space of warm cream paper suggests late sunlight filtering through. Loose, gestural line work conveys movement; foreground sharply defined, background softly smudged for shallow depth of field. Fresh, pastoral mood, vibrant spring palette, paper tooth exploited for airy texture.|ὁ_χόρτος_0014
ὁ χρόνος|the time|Color pencil allegorical sketch: an immense hourglass carved from ancient marble, sand flowing in slow streams. Drawn at slight tilt on cracked stone dais within void of swirling nebula. Hourglass rendered with cool grey and white cross-hatching, sand in warm gold and raw umber stippling to show texture. Background nebula uses circular burnished layers of indigo, violet, and scarlet, edges feathered out to raw paper. Dramatic chiaroscuro lighting from unseen source, contemplative mood. Centered, vertical composition emphasizes passage; fine line detail contrasts with soft cosmic background.|ὁ_χρόνος_0015
οἶκος τοῦ θεοῦ|(the) house of God|Color pencil sketch of a small Byzantine chapel perched on a cliff at sunrise, domed roof catching first light. Viewed from a low path, leading lines of stone steps guide eye upward. Walls built with layered sepia and warm grey directional strokes; terracotta roof tiles in burnt sienna, dome highlighted with white pencil glow. Sky gradates from peach near horizon to deep ultramarine zenith, applied with broad circular motions leaving paper speckles for ethereal texture. Serene, reverent mood; composition uses diagonal light rays to suggest divinity, moderate detail, edges softly erased for halo effect.|οἶκος_τοῦ_θεοῦ_0016
σαλεύω τήν|I shake …|Color pencil action sketch of a bare-limbed young tree being shaken by an unseen gust, mid-motion. Dynamic diagonal composition, roots clinging to eroding soil. Trunk drawn with energetic umber and sienna strokes curving to show bend; foliage suggested by fragmented lime and olive scumbles flying off edges to imply vibration. Ground uses horizontal hatching in ochre, clods lifted with white highlights. High-contrast, late-autumn lighting casts sharp, jittery shadows, conveying urgency. Paper tooth visible for gritty texture; loose, expressive lines enhance movement.|σαλεύω_τήν_0017
τὸ ξύλον|the wood, tree, stake|Color pencil close-up sketch of an old wooden stake half-buried in leaf litter, weathered and split. Viewed slightly above, stake leans diagonally across frame. Grain rendered with intertwining sepia and grey strokes, splintered fibers picked out with white ink-pencil. Surrounding forest floor built with layered ochre, sienna, and muted green circular marks, acorns and moss indicated by stippling. Soft, diffused morning light from left creates gentle cast shadow, quiet reflective mood. Paper texture left exposed for organic feel; selective detail on stake, background softly smudged.|τὸ_ξύλον_0018
τὸ πλοῖον|the boat, ship|Color pencil sketch of a modest fishing boat anchored on still water at dusk, broadside view. Hull constructed with alternating indigo and umber hatch marks showing worn paint; mast drawn with sharp graphite line, rigging suggested by faint erased streaks. Reflections created by mirroring strokes vertically then lightly smudging, maintaining symmetry. Horizon low, sky gradates from coral near sun to deep Prussian blue, applied with broad circular scumbles leaving paper sparkles. Calm, melancholic mood; centered subject, ample negative space for serenity, moderate detail, edges softly feathered.|τὸ_πλοῖον_0019
τὸ σουδάριον|the face-cloth, handkerchief|Color-pencil sketch: a single linen sudarium, folded in loose thirds, floats just above an aged cedar table, its hem catching late-afternoon window light that slants through half-open shutters. Dusty sunbeams, rendered in warm ochre and Naples-yellow pencil hatching, graze the weave, turning every fiber into a shimmering silver-ivory lattice against a muted indigo background. Shadow violets and cool Payne’s-grey cross-hatching pool beneath the cloth and bleed softly into the wood grain, suggesting both weight and ethereality. Composition centers the cloth at golden-ratio height; the lower third of the page shows a faint, ghostly graphite outline of a face—no features, only the impression—pressed into the fibers, giving the linen a relic-like presence. Colored-pencil strokes follow the direction of the weave, creating microscopic lines that sparkle with white-gel-pen highlights where the light kisses the threads. Edges of the cloth are frayed; individual pencil strands fly outward in carmine and raw umber, implying human touch and time. Mood is quiet, reverent, a suspended breath. Paper texture remains visible, adding tactile tooth that catches pigment and mimics linen’s own surface. Limited palette: ivory, warm grey, indigo, violet, touches of blood-red at the fringes. Subtle circular vignette fades to paper white, focusing the eye on the luminous fold. 8K resolution, fine-art scan quality, no hard outlines, only layered color-pencil glazes and gentle graphite undertones.|τὸ_σουδάριον_0020
τὸ χρυσίον|the gold|Color pencil sketch of a small, weather-worn wooden treasure chest, lid half-open to reveal a glowing pile of ancient gold coins and delicate Byzantine jewelry. Compose at 45° angle on rough parchment-textured paper, heavy burnishing on the metal to create mirror-bright highlights that contrast against the soft umber and ochre cedar. Use sgraffito to scratch fine hairlines of pure light across coin edges; backdrop fades into loose, impressionistic sepia strokes of a forgotten vault. Mood: quiet awe, late-afternoon candlelight. Layer Prismacore golds (Canary, Spanish, Goldenrod) over raw sienna paper, then polish with colorless blender until metallic sheen almost leaps off sheet. Keep line-work visible, paper tooth showing in shadows for vintage sketch charm.|τὸ_χρυσίον_0021
τότε|then, at that time|Color pencil sketch of an antique pocket-watch suspended above an open diary, both hovering in mid-page turn—time frozen. Compose vertically, watch chain spiraling like a loose graphite vine. Lighting: single dramatic shaft of dawn light from upper left, creating sharp cobalt shadows and warm rose halos on yellowed paper. Use cross-hatching with indigo and burnt umber for depth, then glaze scarlet and peach to suggest nostalgic warmth. Background remains raw ivory paper with minimal vertical strokes, implying an echo. Keep wrist motion visible—smudged fingerprints, directional pencil streaks—so viewer senses the fleeting moment. Finish with white gel-pen spark on watch glass for temporal shimmer.|τότε_0022
φεύγω ἀπό|I flee from …|Color pencil sketch of a lone silhouette sprinting toward horizon line, coat tails flapping like raven wings. Low, wide composition on toned gray paper, negative space dominating left to show what's being escaped: faint, eroded contours of a crumbling citadel in blood-red and violet scrawls, edges deliberately blurred with solvent wash. Foreground ground cover rendered in frantic ochre and olive directional strokes, suggesting speed. Lighting: cold moonlight from right, casting acid-green rim-light on runner, lavender shadows trailing behind. Scratch heavy graphite lines for motion, then lift highlights with kneaded eraser to create flying grit. Mood: urgent, breathless. Paper tooth exposed in sky for stormy texture; finish with splatter of white ink for kicked-up dust.|φεύγω_ἀπό_0023
φυτεύω τήν|I plant …|Color pencil sketch of hands pressing a fragile olive sapling into freshly tilled soil, viewed from ground level so earth meets sky halfway. Palette: sap greens, raw umber, and muted terra-cotta on warm beige paper. Lighting: early morning sun from behind shoots translucent amber through young leaves, casting soft violet shadows in furrows. Use circular burnishing on leaf tips for dewy glow; loose, linear strokes on background hills to echo growth lines. Include color-pencil shavings sprinkled and lightly smudged around roots as symbolic fertilizer. Keep pencil marks visible, varying pressure for tactile quality. Mood: hopeful serenity. Leave upper third of paper nearly blank save for a few horizon scribbles, suggesting open future.|φυτεύω_τήν_0024
