ἀκούω τήν|I hear / listen to …|Color-pencil sketch: a lone figure sits cross-legged on a polished parquet floor, seen from a three-quarter low angle; the paper’s tooth shows through gentle hatch strokes. A massive vintage headphone set—colored in layered indigo, ultramarine, and burnt umber pencil—envelops the listener’s ears, its coiled cable snaking across the boards like a living line of violet crayon. Around the head, translucent concentric rings of jade, ochre, and carmine ripple outward, each ring built with loose circular scumbling that leaves flecks of white paper sparkling between strokes, visualizing invisible sound waves. Background walls dissolve into soft, vertical graphite haze, but a single sunbeam, rendered with warm yellow–peach cross-hatching, cuts diagonally from upper left, catching floating dust motes drawn as tiny white highlights lifted with a kneaded-eraser technique. The figure’s shadow is shaded in cool Payne’s-grey pencil, cross-hatched at 90° to the woodgrain lines below. Mood: serene, curious, slightly mystical. Palette: muted earth tones punctuated by cool blues and warm sunset yellows, maintaining the slightly desaturated, hand-tinted charm of color-pencil artwork. Paper texture prominent; edges left intentionally rough to echo torn sketchbook stock. No hard ink outlines; forms defined solely by layered color shifts and tonal pressure, preserving the soft, tactile essence of traditional pencil illustration.|ἀκούω_τήν_0001
ἁρπάζω τήν|I seize / snatch / carry off …|Dynamic color pencil sketch: heroic figure lunges forward, drapery whipping, arm outstretched to grasp a glowing dove mid-air. Sharp, angular strokes in crimson and burnt orange convey urgency; cross-hatched shadows of Payne’s grey anchor the motion. Foreshortening and diagonal composition enhance dramatic tension. Background reduced to gestural ruins with faint terra-cotta lines, keeping focus on the grab. High-contrast lighting from upper left creates vivid rim-light on muscles, evoking mythic abduction.|ἁρπάζω_τήν_0002
ἡ ἀγάπη|the love, charity|Gentle color pencil sketch of two intertwined olive branches forming a heart, delicate blossoms scattered within. Layered rose, blush, and soft jade strokes give velvety texture; subtle gold highlights suggest divine warmth. Central vignette on cream paper, surrounded by airy negative space, radiates serenity. Light originates from within the heart, diffusing pinkish glow onto faint classical column outlines, symbolizing self-giving love. Loose, feathery pencil marks enhance tender, charitable mood.|ἡ_ἀγάπη_0003
ἡ αὐλή|the courtyard / court / palace court|Color pencil sketch of open palace courtyard viewed from shaded colonnade. Linear perspective draws eye to central impluvium pool; muted cerulean and sepia strokes reflect marble patterns. Loose cross-hatching defines fluted columns; soft terracotta and limestone hues convey weathered stone. Dappled sunlight created with cream and pale yellow circular scribbles, casting tranquil yet regal mood. Sparse potted laurels add vertical accents; visible construction lines retain architectural sketch quality.|ἡ_αὐλή_0004
ἡ γῆ|the earth / land / soil|Earthy color pencil sketch of rolling fields seen from low angle, soil furrows curving toward horizon. Rich umber, sienna, and olive layers blended with circular wrist motions to mimic tilled ground. Occasional emerald shoots rendered with quick flicks, suggesting life. Overcast sky built from bluish-grey diagonal hatching, contrasting warm earth tones. Foreground clod details in heavier pressure; background fades via lighter touch, creating depth and reverence for fertile land.|ἡ_γῆ_0005
ἡ νύμφη|the bride / young woman / nymph|Soft color pencil sketch of a nymph-like bride beside a brook, translucent veil billowing. Layered cream, blush, and pearl strokes define flowing drapery; hair rendered with intertwining gold and chestnut curls. Delicate aqua and sage background hints at woodland, lightly sketched to keep focus on figure. Diffused moonlight from upper right bathes her in silvery glow, producing romantic, ethereal atmosphere. Visible pencil lines around edges preserve sketch spontaneity.|ἡ_νύμφη_0006
ἡ φωνή|the voice / sound|Color pencil sketch of a classical theatre mask hovering amid radiating concentric sound rings. Vibrant scarlet, indigo, and ochre arcs overlap, visualizing resonant voice. Loose, expressive strokes emanate outward, gradually fading into raw paper. Mask drawn with mixed sepia and charcoal lines, one half smiling, half solemn, symbolizing vocal range. Dramatic spotlight effect from below creates long shadows, infusing energy and auditory symbolism into silent image.|ἡ_φωνή_0007
ἡ ψυχή|the soul / life / breath|Ethereal color pencil sketch showing translucent human silhouette exhaling a spiral of pastel breath that morphs into a shimmering butterfly. Strokes in pale turquoise, lilac, and candle-orange layered softly to evoke incorporeal essence. Background darkened with indigo radial hatching, making luminous soul pop. Subtle erasure marks suggest flickering vitality. Gentle upward lighting creates quiet, mystical mood, emphasizing life’s fragile beauty within classical outline.|ἡ_ψυχή_0008
ὁ ἀδελφός|the brother|Warm color pencil sketch of two brothers standing shoulder-to-shoulder on a rugged hillside, clasped hands at center. Earthy sienna, muted green, and dusty ochre build clothing; shared cloak indicated by intertwining lines. Horizon placed on lower third; distant olive trees sketched lightly in olive-green haze. Golden hour light from left highlights profiles, reinforcing familial bond. Rough paper texture and visible hatch marks give honest, protective, timeless mood.|ὁ_ἀδελφός_0009
ὁ ἥλιος|the sun|Color-pencil sketch: “ὁ ἥλιος” – a blazing solar disk rising over an Aegean horizon, drawn with feverish, visible strokes on warm cream paper whose flecks show through like marble dust. The sun itself is a mandala of radial color-wheels: cadmium orange, vermilion, and canary yellow pencils cross-hatched in circular sweeps, each line incised so heavily it leaves embossed ridges that catch sideways light. Around its rim, burnished gold pencil glints on raised tooth, creating a metallic halo. Lower sky is a gradient of peach, lavender, and dilute indigo, blended with tissue smudges yet still showing the directional scribbles characteristic of sketch work. The sea is only two horizontal bands—ultramarine and teal—laid down in diagonal strokes that echo paper grain; white pencil hatch highlights crests, giving quick, jittery sparkle. In the lower left, a tiny, single-masted fishing boat is merely implied: a few sepia contour lines and a shadow of cool grey, leaving negative space for the eye to complete. Composition adheres to the rule of thirds: sun centered on the upper cross-point, boat on the lower left third, vast sky dominating. Lighting is dawn-backlit, with the sun as sole source; all shadows tilt forward, saturated in complementary violets to intensify yellows. Mood is reverent, archaic, whispering Homeric hymns. Paper edges are deliberately torn and taped into the frame, showing graphite fingerprints, reinforcing handmade authenticity. Scan at 600 dpi to preserve paper texture, keep chromatic noise, no digital smoothing.|ὁ_ἥλιος_0010
ὁ Ἰσραήλ|Israel (the people / land)|Color pencil sketch: rolling Judean hills rendered in layered ochre, sienna, and muted olive strokes; scattered olive trees and stone terraces sketched with loose, expressive lines; distant Jerusalem silhouette lightly hatched against a warm cream sky; foreground shows small wandering figures in simple robes, drawn with quick gestural marks; soft umber shadows and gentle golden-hour light created through delicate cross-hatching; textured paper grain visible, giving earthy authenticity; overall mood of ancient promise and quiet resilience.|ὁ_Ἰσραήλ_0011
ὁ κόσμος|the world / universe / adornment|Color pencil sketch: concentric celestial spheres drawn in swirling Prussian blue, violet, and turquoise circuits; tiny stars etched as white pin-pricks against midnight layers; Earth glimpsed at center—soft emerald continents, pale cyan oceans, delicate cloud whorls; decorative cosmic jewels and floral motifs interwoven like illuminated manuscript marginalia; subtle silver pencil highlights give ethereal shimmer; airy, weightless mood; paper left untouched in places to suggest infinite light; overall feeling of ordered beauty and cosmic wonder.|ὁ_κόσμος_0012
ὁ λίθος|the stone|Color pencil sketch: single rough-hewn limestone block dominating center, modeled with warm grey, beige, and hints of sanguine; vigorous directional hatching conveys coarse texture and chipped edges; shallow chisel marks suggested by angular white gaps; soft cast shadow beneath drawn in cool indigo, grounding the mass; neutral daylight from upper left, giving quiet solidity; minimal background of whisper-thin horizontal strokes; stoic, timeless mood, emphasizing weight and permanence.|ὁ_λίθος_0013
ὁ ναός|the temple (sanctuary proper)|Color pencil sketch: interior view of ancient temple sanctuary; tall fluted columns sketched in burnt umber and sepia with loose vertical strokes; faint gold-leaf reflection on capitals suggested by yellow pencil highlights; deep purple shadows between pillars create mysterious depth; central altar lightly shaded with cross-hatched vermilion and raw sienna; drifting incense rendered as soft grey smudges; subdued, reverent lighting; textured paper enhances stone grain; atmosphere of sacred stillness and awe.|ὁ_ναός_0014
ὁ οἶνος|the wine|Color pencil sketch: crystal stem goblet filled with rich garnet wine; fluid layers of crimson, maroon, and indigo pencil glide vertically to suggest translucency; gentle white-paper specks imply reflective highlights; subtle corkscrew motion of liquid captured with curved strokes; dark mahogany table beneath sketched in broad horizontal hatching; warm candlelight glow indicated by soft ochre rim-light; intimate, celebratory mood; velvety texture achieved through blended color pencil smudges.|ὁ_οἶνος_0015
ὁ οὐρανός|the heaven / sky|Color pencil sketch: expansive open sky gradating from pale cerulean at horizon to ultramarine zenith; long, feathery cirrus clouds drawn with delicate white and light violet strokes; a few migratory birds suggested by quick calligraphic dashes; subtle cross-hatching layers create atmospheric depth; wide, panoramic composition emphasizes boundless space; tranquil, uplifting mood; untouched paper sparkles act as distant light; overall sense of serene grandeur and infinite freedom.|ὁ_οὐρανός_0016
πάλιν|again, back|Color pencil sketch: spiral path of stepping-stones winding back upon itself, drawn in warm grey and burnt sienna; directional pencil strokes guide eye in circular motion; small lone figure at turning point sketched with minimal lines, suggesting return; background trees lightly indicated with vertical olive hatches; gentle morning light from left, soft shadows echo curve; muted earthy palette; contemplative, renewing mood; textured paper enhances tactile sense of journey.|πάλιν_0017
πίπτω|I fall|Color-pencil sketch: a lone figure tumbling through vertical space, body relaxed, arms out-spun like a skydiver, hair and coat tails whipping upward in graphite-violet strokes. Draw the scene from a tilted, slightly overhead angle so the viewer “falls” with the subject; leave the background almost blank, just faint cerulean and peach cross-hatch rings that echo wind ripples, fading to white paper at the edges for infinite depth. Let the figure’s clothing be lightly colored in layered, translucent pencils—warm sanguine for skin, cool indigo shadows—so the white paper glows through and every stroke remains visible. Hard pastel highlights on knuckles and cheekbones catch imaginary sunbeams from upper left, creating soft amber rim-light that contrasts with lavender mid-tones. Keep line-work loose, expressive, with occasional broken strokes and smudged finger-blends to suggest motion blur; sprinkle a few errant pigment crumbs for authentic studio texture. Mood: weightless surrender, quiet exhilaration. Palette: muted rainbow against pristine white, no blacks—deepest shades built from midnight-blue and burnt umber cross-layers. Resolution high, paper tooth subtly scanned, 4:5 aspect.|πίπτω_0018
τὸ ἀργύριον|the silver / money|Color pencil sketch: ancient silver coin close-up, surface modeled with fine grey, white, and subtle blue pencil layers; delicate circular hatching creates metallic sheen; worn relief of olive branch lightly outlined with sharp point; cast shadow beneath drawn in cool indigo, giving weight; neutral diffused light from above; simple wooden table texture suggested by horizontal beige strokes; quiet, transactional mood; precise detail celebrates craftsmanship and value.|τὸ_ἀργύριον_0019
τὸ θυσιαστήριον|the altar|Color-pencil sketch: an ancient Hellenic altar, τὸ θυσιαστήριον, rises at dusk on a rocky Aegean hillside. Compose vertically, altar slightly below center, marble blocks drawn with overlapping ochre, sanguine and cool-grey strokes that leave flecks of white paper shimmering like mica. Rough cross-hatching carves weathered edges; loose, circular scumbling suggests lichen and sacrificial soot. Behind, the horizon sits low, a thin cranberry line; sky gradated with layered indigo and lavender pencils, burnished sideways so pigment gleams. A single bronze tripod stands on the altar slab, its legs rendered in twisting sepia lines, highlighted with white gel-pen sparks catching last light. Faint graphite underdrawing peeks through, giving ghost-images of vanished worshippers. Foreground: scattered olive leaves, jade and sage flicks, edges left deliberately broken to imitate wind-tossed movement. Lighting: low, amber sun from left, casting long violet shadows drawn with parallel diagonals; highlight the altar’s top plane using cadmium-yellow pencil, softly blended, leaving paper pores for stone texture. Mood: reverent, suspended between offering and memory. Keep palette earth-based: umbers, muted maroons, dusty cyans, with occasional metallic bronze accents. Paper texture visible throughout; no solid fills—let the grain breathe. Sharpen points for fine ash particles drifting upward, sketched as stippled grey specks dissolving into sky. Overall impression: timeless, tactile, as though the scene were hurriedly captured by a traveling artist centuries ago.|τὸ_θυσιαστήριον_0020
τὸ παιδίον|the child / little one|Color-pencil sketch of a barefoot toddler on tiptoe, reaching for a sun-lit fig leaf; loose, cross-hatched strokes of warm ochre and peach define the round limbs, while soft cyan shadows pool beneath. Kneel-level viewpoint, shallow depth, background a blur of lavender and sage scribbles. Gentle morning sidelight creates a golden rim on curls; highlights left as raw paper. Overall mood tender and hushed, edges left unfinished to suggest movement; 3:2 portrait orientation, 300-dpi paper texture visible.|τὸ_παιδίον_0021
τὸ σανδάλιον|the sandal|Macro color-pencil study of a weather-worn leather sandal resting on sun-bleached limestone; tight composition from above, straps rendered with burnt umber and sanguine lines, heel imprint sketched in white for contrast. Hatching follows natural creases; scattered graphite grit implies beach dust. Warm Aegean light from upper left casts a crisp cobalt shadow; negative space around edges filled with loose cerulean strokes suggesting sea breeze. Rustic, solitary mood, paper tone left bare for highlights, 4:5 aspect.|τὸ_σανδάλιον_0022
τὸ σῦκον|the fig|Color-pencil close-up of a split violet fig on handmade parchment; juicy crimson flesh built with layered crimson and magenta circular strokes, tiny white flecks for sugar crystals. Deep indigo skin uses cross-contour lines, green sepals feathered in olive and lime. Soft window light from right creates velvety core shadow; backdrop a loose wash of warm grey scumbles. Composition centered, mood lush and inviting, paper tooth emphasized, 1:1 square format.|τὸ_σῦκον_0023
φέρω σοι τήν|I bring / carry … to you|Dynamic color-pencil sketch of open palms extending toward viewer, cradling a small branch with two ripe figs; arms fade into gestural strokes of sienna and umber, cuffs hinted with Prussian blue. Foreshortened perspective creates intimacy; background a swirl of lavender and dusty rose implying motion. Dappled golden-hour light from left throws violet shadows across wrists, paper left untouched for highlights. Mood generous and expectant, loose hatch marks radiate outward, 16:9 horizontal frame, visible pencil grit for tactile feel.|φέρω_σοι_τήν_0024
