ἅπτομαι τῆς|I touch / lay hold of … (gen.)|Color pencil sketch of a weathered hand reaching toward a glowing, translucent orb suspended in mist. Hatched strokes in warm sienna and cool indigo carve the tension of contact; the orb’s edge dissolves into white chalk highlights. Soft, diagonal candle-light grazes the fingers, leaving violet shadows on parchment-textured paper. Moody, reverent atmosphere; low-key palette with sparks of gold, emphasizing the moment before touch.|ἅπτομαι_τῆς_0001
γεύομαι τήν|I taste …|Color pencil sketch showing parted lips about to taste a single pomegranate seed. Layered crimson, carmine, and rose strokes define the seed’s glossy skin; cooler lavender lines contour the mouth. Gentle rim-light from upper left creates a delicate halo, while the background fades into unfinished graphite scrawls, evoking anticipation. Satiny paper tooth catches pigment, giving a soft, sensory focus to taste.|γεύομαι_τήν_0002
ἐγείρω σε|I raise / wake you|Color pencil sketch of a robed figure kneeling beside a sleeping youth at dawn. Ochre and burnt umber cross-hatching shapes the drapery; turquoise and peach sunrise rays spill across handmade paper. The waking boy’s outline is lifted with white chalk highlights, suggesting emergence. Low-angle light produces long, gentle shadows; overall mood hopeful, with visible pencil strokes conveying motion of rising.|ἐγείρω_σε_0003
εἷς|one|Minimalist color pencil sketch: a single vertical line of deep Prussian blue stands centered on ivory paper. Surrounding space filled with faint radial strokes in muted earth tones, converging on the line. Soft diffused lighting from left leaves a slender highlight, reinforcing solitude. Rough paper texture shows through, emphasizing unity and simplicity.|εἷς_0004
ἔρχομαι εἰς|I come / go into …|Color pencil sketch, 9:6 format: a lone traveler stepping barefoot from a parchment-colored threshold onto a path that dissolves into swirling, iridescent Latin and Greek letterforms. The figure’s linen cloak lifts like a sail, edges frayed into indigo, sanguine, and burnt umber strokes that echo the waxy cross-hatching of traditional colored pencils. Background sky rendered in soft cerulean layers, burnished with white pencil highlights, creating a gentle, dawn-like glow that backlights the traveler and casts elongated, violet shadows across the textured paper grain. Foreground ground plane built with ochre, sepia, and olive hatching, letting flecks of white paper sparkle through to suggest ancient dust. Subtle gold and turquoise prismacolor flecks orbit the traveler’s outstretched foot, symbolizing the moment of crossing—“ἔρχομαι εἰς” lightly lettered in vermilion along the lower margin in handwritten uncial script, partially erased so graphite ghosts remain. Keep outlines loose, edges vignetted, overall mood contemplative and luminous, with the saturation slightly muted to preserve the tactile, sketchbook intimacy.|ἔρχομαι_εἰς_0005
ἡ ἀγορά|the marketplace / forum|Color pencil aerial sketch of a bustling ancient agora: overlapping stalls rendered in loose vermilion, olive, and sepia strokes. Quick figure gestures in indigo suggest merchants; sun-bleached parchment tone for marble columns. High, midday light casts crisp cross-hatched shadows across flagstones; energetic linework conveys commerce and communal vibrancy while maintaining sketchy spontaneity.|ἡ_ἀγορά_0006
ἡ ἀλήθεια|the truth|Color pencil sketch on cold-press cream paper: a veiled marble statue of a woman stands in a narrow beam of dawn light that slices through a dark attic; the veil is rendered with whisper-thin strokes of cool Payne’s grey and lavender, letting ghostly flashes of warm sienna skin show beneath, symbolizing truth half-revealed. Around her, dusty books tilt in soft graphite shadows, their spines labeled in muted ochre and sepia. A cracked window upper left casts a diagonal shaft of lemon-yellow, scattering spectral highlights across floating pencil dust that glows like gold powder against the tooth of the paper. Foreground uses cross-hatched carmine and ultramarine pencils to carve sharp contrasts; background dissolves into gentle circular scumbling, creating atmospheric depth. Mood is hushed revelation—quiet, reverent, slightly melancholic. Palette overall: desaturated earth tones punctuated by that single, pure yellow light. Leave edges of the sketch loose, with intentional white paper speckles and visible pencil lines to celebrate the handmade texture; signature in lower corner with raw umber, date smudged as if reconsidered.|ἡ_ἀλήθεια_0007
ἡ βασιλεία|the kingdom / reign|Color pencil sketch of a distant crown-shaped city on a misty hill, drawn with overlapping royal purple, gold, and burnt sienna strokes. Soft sfumato shading dissolves edges into pale mauve sky, suggesting ethereal dominion. Foreground rough cross-hatching in earthy green grounds the scene. Gentle sunset side-lighting gilds ramparts, imparting solemn majesty while visible pencil lines keep it sketch-like.|ἡ_βασιλεία_0008
ἡ Γαλιλαία|Galilee (the region)|Color pencil landscape sketch: rolling hills around a quiet lake, rendered with layered olive, turquoise, and muted ochre strokes. Rough paper texture mimics rugged terrain; light horizontal smudges suggest calm water. Early morning light from right creates soft terracotta shadows, while delicate white chalk highlights evoke dew. Loose, organic linework captures pastoral serenity of Galilee.|ἡ_Γαλιλαία_0009
ἡ ἐξουσία|the authority / power|A commanding figure rendered in colored pencil, seated on an ornate stone throne, surrounded by classical Greek columns bathed in golden and deep indigo hues. The figure's flowing robes exhibit intricate hatching and cross-hatching techniques with rich burgundy and royal blue colored pencil layers, their texture showing the characteristic tooth of the paper beneath. Dramatic lighting creates stark contrasts, with warm amber light streaming from an unseen source above, casting deep purple shadows that blend softly through burnishing techniques. The composition follows a low angle perspective, enhancing the sense of power, with the throne elevated on marble steps rendered in subtle grayscale with hints of ochre. Background elements include faded architectural sketches suggesting ancient authority, with gentle color blending creating ethereal, translucent effects. The colored pencil work showcases deliberate pencil strokes visible in some areas while demonstrating smooth, velvety transitions in others. The overall mood conveys both solemnity and gravitas, with a color palette emphasizing earth tones, metallic golds, and deep jewel tones, creating a reverent yet formidable atmosphere befitting the concept of supreme authority.|ἡ_ἐξουσία_0010
ἡ θυσία|the sacrifice|A poignant color pencil sketch of a solemn sacrifice scene rendered with delicate graphite and colored pencils on textured paper. A young figure in simple draping robes stands at an ancient stone altar, arms outstretched in offering. The altar, adorned with fading ivy and ancient Greek meander patterns, catches soft golden light from a dramatic sunset. In the background, storm clouds gather with hints of violet and deep indigo, creating tension between light and dark. Use expressive pencil strokes with varying pressure – soft cross-hatching for shadows, delicate scribbles for texture in the clouds, and bold contours for the figure's silhouette. Layer warm ochres, burnt sienna, and golden yellows with cooler blue-grays and muted purples. Include charcoal smudges and intentional imperfections in the colored pencil work. The composition should emphasize the emotional weight of sacrifice through asymmetric balance and dramatic contrast between the illuminated offering space and encroaching darkness. Capture the tactile quality of pencil on paper with visible strokes, subtle blending, and occasional paper showing through in lighter areas.|ἡ_θυσία_0011
ἡ καρδία|the heart|Color pencil sketch: oversized human heart floating above cracked marble pedestal, arteries swirling like translucent crimson ribbons. Core drawn with scarlet and carmine layers, outer vessels fading into dusty rose strokes. Background night sky in Payne’s grey pencil, star specks scratched out with kneaded eraser. Cross-lighting from unseen moon: cool silver on left, warm vermilion on right, creating dramatic dual-tone volume. Mood: vulnerable majesty. Keep lines sketchy, paper tooth showing, no solid fills, emphasize rhythmic pencil hatching following muscle fibers.|ἡ_καρδία_0012
ἡ λύπη|the grief / sorrow|Color pencil sketch: veiled woman seated on shoreline rock, knees drawn up, face hidden behind trembling fingers. Ocean rendered with horizontal indigo and slate strokes, merging into misty horizon. Her drapery: layered violet and cold blue pencils, edges left white for salt-spray effect. Lighting: overcast dawn, diffused silver-grey, no hard shadows, just soft contour fading. Mood: quiet desolation. Keep facial features absent, grief implied by posture; paper’s warm beige shows through color, maintaining sketch aesthetic under 200 words.|ἡ_λύπη_0013
ἡ οἰκία|the house / home|Color pencil sketch: sun-bleached Aegean cottage, cubic whitewashes applied with opaque white pencil over taupe paper, letting ochre speckles mimic stucco wear. Cerulean and ultramarine strokes define shuttered windows ajar, hinting interior darkness. Bougainvillea scribbled in magenta and sap green, loose spirals escaping roofline. Lighting: late afternoon, sharp umber shadows cast diagonally across courtyard, highlighting warm sienna stone path. Mood: nostalgic serenity. Composition centered, slight fisheye perspective, keep outlines sketchy, avoid ruler-straight edges, celebrate wobbly color-pencil texture.|ἡ_οἰκία_0014
ἡ ὀργή|the wrath / anger|A visceral color pencil sketch of ἡ ὀργή, The Wrath personified. A tormented figure, muscles taut, mouth agape in a silent scream, is rendered in sharp, energetic strokes. From their body erupts a vortex of chaotic energy, twisting the air into jagged, crystalline shards. Dramatic chiaroscuro lighting casts deep, unnatural shadows, with the figure itself the harsh, unstable light source. The composition is a close-up, dynamic angle, emphasizing the raw power. The palette is a violent clash of scarlet reds, deep bruised purples, and fiery oranges, layered with heavy, aggressive cross-hatching. Raw white paper gleams through for searing highlights against the chaos. Executed on heavy, toothed paper, the waxy texture of the color pencils and subtle blending create a raw, emotional intensity, visible in every frenzied line.|ἡ_ὀργή_0015
ἡ χώρα|the land / country / region|Color pencil sketch: panoramic rolling hills receding into lavender mist, layers of olive green, sage, and ochre pencil strokes following land contours. Scattered cypress trees vertical in deep viridian, trunks scratched out with stylus exposing paper for bark highlights. Sky: aqueous blue wash pencil blended with tissue, leaving cirrus marks lifted by eraser. Lighting: golden hour, warm yellow haze on ridge-lines, long violet shadows filling valleys. Mood: timeless belonging. Composition rule-of-thirds, no human presence, keep strokes directional to imply topography.|ἡ_χώρα_0016
ἡ ὥρα|the hour / season|Color pencil sketch: massive antique hourglass dominating foreground, lower bulb filled with autumn leaves—burnt orange, cadmium red, sepia—drawn in layered circular scumbles. Upper bulb: translucent strokes of icy blue snowflakes. Glass rendered with faint cyan lines, highlights picked out in white. Background dusk sky gradients from mauve to indigo, cross-hatched softly. Lighting: sidelamp outside frame, casting warm highlight on brass frame, cool shadow on sand. Mood: fleeting transition. Keep outlines sketchy, paper tone visible between strokes, symbolizing passage.|ἡ_ὥρα_0017
λούω τήν|I wash …|Color pencil sketch: young woman’s hands cupping water over a child’s foot in terracotta basin, droplets drawn as white chalk flecks against raw sienna paper. Skin tones built with peach, blush, and soft umber layered strokes, allowing paper to glow through. Background: blurred indigo curtain suggested by vertical pencil lines, keeping focus on interaction. Lighting: overhead lantern, warm ivory highlights on wet skin, cool blue reflections in water. Mood: tender care. Composition tight, cropped at knees, emphasize flowing pencil marks echoing water movement.|λούω_τήν_0018
ὁ δάκτυλος|the finger|Color pencil sketch: single index finger pointing upward against muted graphite storm clouds, nail rendered with precise white highlight, knuckles modeled in sienna and burnt umber cross-hatching. Below, faint outline of crowd blurred into tonal masses, focusing attention on isolated gesture. Lighting: divine beam from above, leaving finger edge rimmed in warm yellow while underside cool violet. Mood: accusatory prophecy. Keep background loose, foreground finger sharp, paper tooth exploited for cloud texture via eraser lifting, all under 200-word limit.|ὁ_δάκτυλος_0019
ὁ Φαρισαῖος|the Pharisee|Color pencil sketch: bearded Pharisee in flowing sepia-toned robes, standing under stone arch, phylacteries rendered with tight white chalk script on midnight blue straps. Face: angular, eyes uplifted, shaded with burnt umber and muted violet, expression haughty yet weary. Background: warm Jerusalem stone suggested by ochre horizontal strokes, letting paper speckles mimic ancient wear. Lighting: candle from right, casting sharp triangular shadow of nose across cheek, robe folds highlighted with cream. Mood: self-righteous isolation. Keep outlines sketchy, no solid blacks, celebrate layered pencil translucency.|ὁ_Φαρισαῖος_0020
ὁ φόβος|the fear / reverence|Color pencil sketch on warm cream paper: a lone figure kneeling beneath a towering, half-ruined temple colonnade. Loose, cross-hatched strokes of indigo and burnt umber carve deep shadows into the marble, while pale ochre highlights flicker like candlelight across fluted columns. The figure’s bowed head is rendered with smudged sepia and muted violet, eyes hidden in cross-contoured shade; trembling hands clutch a small bronze bowl reflecting a sliver of moon in white pencil. Background dissolves into swirling, layered graphite fog, suggesting incense or ghostly presence. Overall mood: hushed, reverent, trembling on the edge of terror. Paper texture visible, edges softly torn, slight scumbled color for atmospheric depth.|ὁ_φόβος_0021
πορεύομαι εἰς|I journey / go into …|Color Pencil Sketch depicting a solitary traveler walking toward an ancient stone archway leading into an ethereal forest clearing. The figure wears a flowing cloak with visible pencil strokes in deep indigo and forest green. The path consists of textured earthy browns with white highlights showing worn stones and soft grass. The surrounding trees display layered greens with yellow ochre highlights filtering through dappled sunlight. The distant archway features rough stone textures rendered with hatching and cross-hatching techniques in warm grays and soft ivy growing in jade and emerald. The sky above shows gentle cerulean and soft rose pastels with visible paper texture showing through lighter areas. The composition uses atmospheric perspective with distant elements softly blended while foreground details remain crisp. Include subtle color blending and occasional white space for highlights, maintaining the characteristic appearance of layered colored pencil application on textured paper. The overall mood captures contemplative wonder, with the interplay of warm and cool tones creating emotional depth through the prism of color pencil artistry.|πορεύομαι_εἰς_0022
τὸ τάλαντον|the talent (weight / coin)|Color pencil sketch on textured ivory paper: an antique balance scale dominates center, rendered in tight metallic greys and silvers with white-pencil gleams. One pan holds a single, heavy gold talent—cross-hatched ochre, gamboge, and touches of burnished orange—its weight bending the beam. Opposite pan nearly touches the table, sketched in loose, broken lines of cool shadow. Background shelves fade into soft, scribbled sepia, stacked with wrapped scrolls and indistinct coins, giving depth without focus. Lighting: sharp side light from left, creating crisp cast shadows in indigo and warm reflected glow on wood grain. Mood: quiet tension, value weighed, destiny poised. Occasional visible paper fibers enhance tactile, hand-drawn authenticity.|τὸ_τάλαντον_0023
ᾧδε|here / hither|Color pencil sketch on handmade off-white paper: a small, sun-drenched Mediterranean courtyard captured from a low, inviting vantage. Rough cobalt and turquoise strokes outline a weather-washed wooden gate swung open toward viewer, revealing a patch of terra-cotta tiles glowing in peach and light sienna. A single olive sapling leans in from right, drawn with swift olive-green curves and white highlights where sun kisses the leaves. Foreground shadows cross-hatched with warm indigo, edges softened by smudging; background walls suggested in loose, layered lavender and stone grey. Lighting: high, midday sun, producing crisp contrasts and a sense of immediate presence. Mood: welcoming, present, alive—whispering 'come here.' Paper deckle and occasional pigment specks preserve authentic sketch charm.|ᾧδε_0024
