βλέπει τήν|(he/she) sees / is looking at…|Watercolor scene: a lone child in simple linen chiton stands on sun-bleached marble steps, gazing up at a distant olive grove. Loose wet-on-wet washes of warm terracotta and dusty viridian blur the background; the child’s dark eyes rendered with a single charged brush of indigo. Soft cadmium light spills from upper left, casting lavender shadows. Paper’s white granulated texture left untouched for highlights on stone edges. Moody, pensive atmosphere with pigment granulation in sky suggesting heat haze.|βλέπει_τήν_0001
ἐσθίει τήν|(he/she) eats / is eating…|Loose watercolor of a shepherd youth seated cross-legged under an ancient olive, biting into ruby pomegranate. Transparent washes of burnt umber and sap green define torso; fruit painted wet-on-dry for crisp scarlet seeds. Dappled sunlight filtered through olive leaves creates soft cadmium spots on skin. Background hill dissolved in cerulean wet-into-wet mist. Visible brush streaks and paper grain emphasize rustic simplicity, mouthwatering yet tranquil mood.|ἐσθίει_τήν_0002
ἡ ἀδελφή|the sister|Half-length watercolor portrait of a young woman in indigo peplos, profile against whitewashed courtyard wall. Gentle rose madder tints cheeks; hair suggested with flowing raw sienna strokes. Soft diffused side-lighting from right leaves paper white as highlights on ear and shoulder. Background blooms of diluted ultramarine fade into untouched paper, conveying quiet affection. Granulating pigments create stone texture; overall tender, protective mood.|ἡ_ἀδελφή_0003
ἡ ἐπιστολή|the letter (message)|Still-life watercolor: rolled papyrus letter bound with crimson ribbon resting on weathered terracotta tabletop. Warm sepia washes define scroll edges; lamp-black ink hints at script inside. Side-lit by honey-colored oil-lamp glow, casting soft violet shadows. Background merges into loose cobalt wash suggesting evening sky through window. Pigment blossoms and back-runs evoke age and anticipation. Intimate, expectant mood with paper grain visible.|ἡ_ἐπιστολή_0004
ἡ κεφαλή|the head|Close-up watercolor study of a marble statue head lying sideways on coarse linen cloth. Cool Payne’s grey and raw umber define carved curls; rose madder blush on cheek where light kisses. Wet-on-wet application creates soft transitions mimicking weathered stone. Background puddle of diluted indigo fades to white, focusing eye on fragmented beauty. Visible brush splatters add life; contemplative, nostalgic mood with strong directional light from left.|ἡ_κεφαλή_0005
ἡ κώμη|the village|Elevated watercolor vista: white cubic houses cascade down hillside toward indigo sea. Loose overlapping washes of titanium buff and ultramarine, edges bleeding for sun-bleached walls. Vermilion brush-flicks for tiled roofs; tiny cobalt figures animate a plaza. High morning light from upper right casts lavender shadows into valleys. Granulating pigments create dusty atmosphere; peaceful, cicada-song mood with distant mountains dissolved in wet-into-wet mist.|ἡ_κώμη_0006
ἡ ποίμνη|the flock (of sheep)|Pastoral watercolor: herd of sheep crossing shallow stream amid spring poppies. Soft wet-on-wet ivory and raw umber washes merge into water reflections; poppies punched in with cadmium red calligraphy strokes. Shepherd staff suggested by single vertical line. Low afternoon backlight silhouettes wool, leaving paper white for highlights. Loose granulating green hills fade into cobalt distance; tranquil, bucolic mood with visible brush texture.|ἡ_ποίμνη_0007
ἡ σκηνή|the tent / dwelling|Evening watercolor: simple goat-hair tent pitched beneath ancient olive trees. Warm burnt umber and violet washes suggest hide walls; interior glow hinted by translucent gamboge light. Foreground campfire sparks rendered with flicked cadmium orange. Wet-into-wet night sky blends indigo and Prussian blue, salt sprinkled for star texture. Soft moonlight from upper left; intimate nomadic mood with paper white left for tent peg highlights.|ἡ_σκηνή_0008
κράζει|(he/she) cries out, shouts|Dynamic watercolor: young fisherman on storm-dark pier, mouth open in shout, arms flung wide. Loose diagonal brushstrokes of indigo and viridian depict churning sea; paper tilted to let pigment run. Figure painted wet-on-dry for sharp silhouette against turbulent sky. Lightning-white gouache scratch adds urgency. Granulating clouds and splattered cerulean convey wind; dramatic, urgent mood with strong contrast between saturated darks and reserved paper lights.|κράζει_0009
νεύει|(he/she) nods, beckons|Watercolor on cold-press paper: a sun-bleached Aegean terrace at sapphire dusk. A lone female figure in flowing indigo linen stands mid-gesture—chin lifted, eyes half-lidded in serene invitation, right hand raised so the wrist bends like a swallow’s wing, fingers curling once in a silent “come.” Her shadow pools wet-on-wet into ultramarine blooms that bleed toward the viewer, edges feathered by granulating pigments. Backlit by a molten copper sunset, her profile is outlined with a light-catcher stroke of opaque white gouache; the same pigment spattered across the sky to suggest cicada song. Foreground: a weathered cedar table with a single glass of ouzo, its translucent anise cloud rendered in loose phthalo turquoise and raw umber, the rim catching a pinpoint of quinacridone pink reflection. Middle distance: geraniums tumble from a cracked terracotta pot—cadmium red petals dropped in while paper is still damp, letting pigment blossom outward like nodding heads. Horizon: distant islands suggested by a single horizontal cerulean wash, lifted while damp to expose paper-white mist. Composition places the figure on the right third, gaze drawing the eye diagonally across the terrace toward an empty chair, inviting the viewer to complete the scene. Mood: languid, conspiratorial, the hush before conversation. Brushwork alternates between controlled wet-on-dry for architectural edges and loose wet-on-wet for clothing and sea, preserving the medium’s spontaneous luminosity. Leave incidental brush hairs and tiny back-runs untouched to honor watercolor’s happy accidents.|νεύει_0010
ὁ ἄνθρωπος|the human being, man|"A contemplative male figure rendered in flowing watercolor techniques, soft brushstrokes blending seamlessly across cold-pressed paper texture. The composition features a three-quarter view of a weathered man with classical Greek features—strong jawline, thoughtful eyes, and gentle expression—emerging from translucent washes of warm ochre, burnt sienna, and raw umber. Layered transparencies create depth, with darker values bleeding into lighter areas like morning mist. Atmospheric lighting suggests golden hour, casting soft shadows that dance across his face while warm amber highlights illuminate his forehead and cheekbones. The background dissolves into abstract organic forms—flowing water, swirling clouds, and earth tones that pulse with life. Technical elements include visible paper grain, irregular edges where pigments haven't fully bound, and the characteristic watercolor ""blooming"" effect where colors separate on the paper. The overall mood is introspective and dignified, capturing the timeless essence of humanity through fluid, spontaneous brushwork that celebrates both the permanence and impermanence of human experience."|ὁ_ἄνθρωπος_0011
ὁ ἄρτος|the bread, loaf|Watercolor still life of rustic artisan loaf, warm ochre and burnt sienna washes building crust texture, wet-on-dry technique for defined scoring marks. Soft shadows in purple-grey beneath loaf, paper white highlighting rounded top. Loose cobalt blue background wash suggesting kitchen atmosphere, edges feathered. Golden light from window implied by warm yellow wash across upper portion. Visible brush strokes create bread's porous texture, sepia ink details for seeds. Composition: loaf centered on marble surface, negative space emphasized. Mood: simple abundance, daily sustenance. Transparent layers show paper texture, colors bleeding naturally.|ὁ_ἄρτος_0012
ὁ θεός|God, god|Abstract watercolor representation of divine presence, flowing washes of gold, ultramarine, and crimson radiating from center, wet-into-wet technique creating organic, cloud-like forms. Transparent layers build luminous depth, white paper showing through as pure light. No defined edges, colors blend and bloom naturally, granulation pooling at edges suggesting infinite expanse. Composition: radial design drawing eye to center. Mood: transcendent mystery, overwhelming presence. Loose brushwork, paint allowed to find its own path down paper. Salt texture technique creates star-like effects. Minimalist yet profound, suggesting rather than depicting.|ὁ_θεός_0013
ὁ ἵππος|the horse|Watercolor study of horse in motion, raw umber and burnt sienna washes defining muscular form, edges softened where paint pools. Mane rendered in loose, flowing strokes of indigo and payne's grey, suggesting wind. Background abstract green and blue washes indicating meadow, wet-on-wet creating soft atmospheric perspective. White paper preserved for highlights on flank and face. Dynamic brushwork captures energy, legs suggested rather than detailed. Composition: diagonal movement across page. Mood: wild freedom, natural grace. Transparent layers show paper texture, colors bleeding at edges for softness.|ὁ_ἵππος_0014
ὁ καρπός|the fruit / produce|Watercolor harvest still life, overlapping washes of vermillion, cadmium yellow, and sap green depicting apples, pears, grapes. Wet-into-wet technique creates soft color bleeds between fruits, suggesting ripeness. Loose brushwork for leaves, negative space defining fruit shapes. Warm side light from left creates soft shadows in purple-grey. Background abstract wash of ochre and blue, edges feathered. Visible paper texture through transparent layers, granulation in darker areas. Composition: fruits scattered naturally across page. Mood: abundant harvest, natural generosity. Individual brushstrokes visible, paint allowed to pool and bloom.|ὁ_καρπός_0015
ὁ νόμος|the law|Watercolor illustration of a monumental marble statue of Lady Justice, viewed from a low three-quarter angle against a stormy sky; she stands on the crumbling steps of an ancient courthouse, bronze scales held high, blindfold askew, her robes dissolving into translucent cerulean and indigo washes that drip and bloom across rough cotton paper. Edges are feathered and pigments granulate, letting ultramarine settle into paper pits while quinacridone rose bleeds from the blindfold like fresh tears. Backlighting: a cool, silver-gray wash of rain-light slashes in from the left, grazing the statue and creating soft, chalky highlights on marble planes; shadows are deep Payne’s gray with violet undertones, applied wet-on-dry for sharp architectural edges, then softened with a clean damp brush to suggest erosion. Foreground puddles reflect ochre lamplight, mingling sienna and sap green in organic dendritic patterns. Composition uses diagonal rain streaks to guide the eye upward, negative space left untouched white paper for lightning-shaped highlights. Mood: solemn, timeless, slightly unsettling—justice weather-worn yet unbroken. Technique: layered transparent glazes, salt spattering for textured stone, lifted highlights with a kneaded eraser for mist, final touches of white gouache for raindrop sparkles; no black pigment, only mixed complementary darks, preserving watercolor’s luminous fragility.|ὁ_νόμος_0016
ὁ ὀφθαλμός|the eye|Watercolor close-up of human eye, transparent washes of cerulean and ultramarine for iris, wet-into-wet technique creating organic patterns. Pupil deep indigo, white paper preserved for catchlight. Surrounding skin in warm flesh tones, edges softened where they meet white. Lashes suggested with quick, dark strokes. Background abstract wash of pale yellow and pink, implying face. Visible brushwork creates lifelike texture, paint pools in iris creating depth. Composition: eye fills frame, slightly angled. Mood: penetrating gaze, window to soul. Paper texture visible, colors bleeding naturally at edges.|ὁ_ὀφθαλμός_0017
ὁ χριστός|the anointed one, Christ|Watercolor figure study suggesting Christ, translucent washes of gold and crimson radiating from silhouette, edges bleeding into white paper. No facial details, form suggested by flowing drapery in ultramarine and purple. Wet-on-wet technique creates halo effect, paint pooling naturally. Background abstract, colors flowing outward suggesting divine light. Arms implied through drapery folds, upward gesture suggested. Composition: vertical emphasis, figure slightly elevated. Mood: sacred compassion, transcendent suffering. Loose, expressive brushwork, paint allowed to find its path. White paper strategically preserved for luminosity.|ὁ_χριστός_0018
τὸ βιβλίον|the book / scroll|Watercolor of ancient scroll partially unfurled, warm ochre and raw umber washes creating papyrus texture, wet-on-dry for edge details. Purple and indigo washes suggest mysterious text within, letters hinted rather than defined. Soft shadows beneath, paper white highlights on edges. Background abstract wash of sepia and blue, implying library or study. Loose brushwork for rolled portions, individual strokes visible. Composition: diagonal placement across page. Mood: ancient wisdom, hidden knowledge. Transparent layers show paper texture, edges feathered softly. Some areas lifted while wet to create aged texture.|τὸ_βιβλίον_0019
τὸ ἱμάτιον|the garment, cloak|Watercolor of flowing cloak suspended in air, ultramarine and purple washes building fabric depth, wet-into-wet creating soft shadows in folds. Gravity pulls paint downward suggesting weight and movement. White paper preserved for highlights where light catches fabric. Background abstract cerulean wash, edges bleeding to imply sky or wind. No visible support, garment appears to float. Loose, expressive brushwork captures fabric's fluid nature. Composition: diagonal draping across page. Mood: ephemeral presence, absence implied. Transparent layers reveal paper texture, colors pool naturally in fold recesses.|τὸ_ἱμάτιον_0020
τὸ πετεινόν|the bird|Watercolor painting of a small songbird perched on a blossoming cherry branch, soft morning light filtering through translucent petals. Loose, flowing washes of cerulean and ultramarine for the sky bleeding into warm sienna branch textures. Bird rendered with delicate wet-on-dry strokes—cadmium yellow breast, ivory black wing tips, tiny alizarin eye. Composition: bird slightly off-center, branch diagonally crossing the vertical format, negative space filled with pale rose washes suggesting distant blooms. Transparent pigments pool and bloom at feather edges; granulation in the bark. Moody, contemplative atmosphere with diffused edges and visible paper texture throughout.|τὸ_πετεινόν_0021
τὸ ποτήριον|the cup / drinking-vessel|Watercolor still-life of a translucent cobalt glass kylix on sun-bleached linen, cast shadows painted with overlapping ultramarine and burnt umber glazes. Back-lit composition: cup placed low on the page, rim catching a rim of lemon-yellow light, stem dissolving into soft violet reflections. Loose, expressive brushwork—wet-in-wet indigo pooling inside the bowl, edges feathered with clean water for glass shimmer. Foreground linen suggested by quick horizontal strokes of raw sienna and Payne’s grey; background fades into airy cerulean mist. High-key palette, gentle zen mood, visible granulation and back-runs emphasizing handcrafted paper.|τὸ_ποτήριον_0022
τὸ τέκνον|the child|Watercolor portrait of a tousled-haired toddler kneeling in a wildflower meadow, painted with translucent layers of sap green, ochre, and madder lake. Soft diffused backlight creates halo effect around flyaway hair—applied wet-on-wet, edges left white of paper. Child’s round face rendered with minimal strokes: peachy cadmium wash, tiny dots of indigo for eyes, rose petal lips. Loose impressionistic blooms swirl around—cobalt violet, ultramarine, and gamboge bleeding together. Composition: low vantage point, child centered but gaze turned sideways, ample white space suggesting breeze. Gentle, nostalgic mood; visible salt blooms and back-runs add texture.|τὸ_τέκνον_0023
τύπτει τήν|(he/she) strikes / hits…|Dynamic watercolor scene of a youthful olive-skinned hand mid-splash, striking the surface of an indigo tiled fountain. Explosive wet-on-wet burst—cobalt and ultramarine water droplets radiating outward, white gouache sparks for highlights. Forearm rendered with quick raw-sienna strokes, shadows in burnt umber; background tiles suggested by loose rectangular washes, edges bleeding. Diagonal composition: hand enters from upper right, water fans toward lower left, negative space filled with airy cerulean haze. High-contrast lighting, moment frozen with granulating pigments and visible brush hairs, conveying fleeting energy and Mediterranean heat.|τύπτει_τήν_0024
