ἄδω|I sing|Watercolor painting of a lone figure standing on a marble ruin at dawn, mouth open in song, translucent robes billowing. Transparent washes of rose, amber and ultramarine blend in wet-on-wet sky; sgraffito scratches reveal paper white for rising musical notes that spiral upward like birds. Backlit golden light grazes the profile; shadows in indigo and burnt umber. Loose, dripping pigment pools at feet suggest ancient stones. Soft granulation in lake pigment background creates ethereal atmosphere; edges kept blurred to emphasize sound. Palette: quinacridone gold, cobalt teal, opera rose.|ἄδω_0001
ἀπολύω σε|I release / dismiss you|Watercolor scene of two silhouettes on a misty cliff edge, one turning away, the other dissolving into translucent doves. Wet-into-wet technique merges cerulean and violet clouds; salt spattering creates sparkling release particles. Figure releasing rendered with negative painting—paper left white, background darkened with indigo and payne’s grey. Loose calligraphic brushstrokes for hair and garments trailing like smoke. Soft, diffused moonlight from upper left; cool palette contrasts with warm ochre cliff. Edges intentionally bleeding to convey emotional dissolution. Granulating pigments add texture to wind.|ἀπολύω_σε_0002
διὰ τοῦτο|because of this, therefore|Watercolor still-life of an ancient Greek stylus resting on an open wax tablet, a single drop of sepia ink falling onto the word ‘διὰ’. Side-lighting from oil lamp casts umber shadows; warm ochre and burnt sienna dominate. Dry-brush texture on wood, wet-on-wet blooming for ink splash. Background softly out of focus with granulating ultramarine and indigo, suggesting thought. Minimalist composition centered on tablet; surrounding space filled with pale turquoise wash symbolizing consequence. Fine liner brush adds hairline cracks in wax. Overall mood contemplative, quiet.|διὰ_τοῦτο_0003
διακρίνομαι|I doubt / waver / dispute|Watercolor portrait of a face split down the middle—one half in warm cadmium light, the other cool viridian shadow. Wet-into-wet blending along the divide creates turbulent gray where colors meet. Eyes rendered with granulating hematite pigment, one looking left, one right. Loose, dripping strokes for hair, ultramarine bleeding into quinacridone rose. Background abstract, alternating bands of opaque gouache and transparent wash suggesting oscillation. Soft, raking light from side emphasizes furrowed brow; paper grain visible, adding anxiety. Palette knife scraping creates sharp edge of indecision.|διακρίνομαι_0004
ἐκχέω τι|I pour out something|Watercolor close-up of terracotta jug tilted, translucent vermilion liquid cascading onto weathered stone. Wet-on-wet technique allows pigment to bloom outward like spilled wine; edges feathered with clean water. Backlit morning light passes through stream, turning it luminous rose; shadows in dioxazine purple. Salt sprinkled while wet creates effervescent texture. Background kept minimal, soft olive wash with dry-brush hints of olive leaves. Granulating hematite in jug body suggests porous clay. Droplets painted with white gouache highlights. Mood sacrificial yet hopeful.|ἐκχέω_τι_0005
ἔλκω αὐτὴν εἰς τόπον|I drag / pull her/it into (a) place|Watercolor narrative scene: elongated female figure in translucent indigo robe being drawn by invisible force along a moonlit path toward an arched doorway. Wet-into-wet night sky of ultramarine and payne’s grey; granulation creates starry texture. Figure rendered with negative painting, robe edges bleeding into background. Path painted with overlapping transparent washes of sepia and viridian, each layer pulled downward to imply motion. Doorway glowing with gamboge and cadmium orange light. Raking moonlight from left; long violet shadows stretch right. Splattered pigment suggests scattered petals or memories.|ἔλκω_αὐτὴν_εἰς_τόπον_0006
εὐθέως|immediately, straightway|Watercolor abstract: a single, razor-straight brushstroke of pure cadmium red slicing diagonally across a wet cobalt wash that gradates from white to deep ultramarine. Stroke applied while paper still damp, creating slight bloom at edges symbolizing urgency. Minimalist composition, vast negative space. Lower left corner shows tiny wet-on-wet spiral in sepia representing hesitation dissolved. Lighting implied by value shift—upper right brightest. Paper texture emphasized; edges of stroke feathered with rigger brush. Palette limited to three pigments for stark immediacy.|εὐθέως_0007
ἡ κοίτη|the bed / place of rest|Watercolor interior of a simple wooden bed beside an open window at twilight. Wet-into-wet lavender and cerulean dusk sky visible through window; interior lit by soft candle glow rendered with warm ochre and quinacridone gold washes. Sheets painted with dry-brush technique leaving paper white highlights; indigo shadows imply folds. Granulating ultramarine used for wooden floorboards. A single white dove perched on headboard, painted with gouache. Atmosphere tranquil, muted. Edges kept soft; salt texture on windowpane for evening mist. Palette calm, desaturated.|ἡ_κοίτη_0008
ἡ λίμνη|the lake|Watercolor landscape: expansive lake at dawn, wet-into-wet horizon where cobalt teal sky bleeds into still water. Granulating ultramarine and viridian create gentle ripples; lifted pigment with damp brush suggests mist rising. distant mountains painted with overlapping transparent washes, each paler for depth. Foreshore reeds rendered with rigger brush strokes in sepia and sap green. Reflection of rising sun—raw sienna dropped onto wet surface allowed to bloom. Overall mood serene, meditative. Paper’s white left glimmering in places for light on water. Soft, diffused lighting throughout.|ἡ_λίμνη_0009
ἡ πύλη|the gate|Watercolor depiction of an old wrought-iron garden gate ajar, viewed from shadowed side. Wet-into-wet background of overgrown roses—carmine and quinacridone rose blooms merging into sap green foliage. Gate rendered with negative painting, paper left white for highlights, indigo and payne’s grey for metal. Sunlight beyond gate painted warm gamboge and cadmium orange, spilling through bars in opaque gouache streaks. Foreground path granulating sepia and burnt umber. Loose, dripping pigment at edges evokes mystery. Soft backlight creates halo; mood inviting yet secretive. Textures enhanced with salt and splatter.|ἡ_πύλη_0010
ἡ σωτηρία|the salvation / deliverance|Watercolor painting of a lone figure breaking through dark storm clouds into brilliant golden light, arms outstretched. Wet-on-wet technique creates ethereal cloud wisps, while dry brush defines the figure's silhouette. Cerulean and indigo clouds part to reveal warm cadmium and ochre rays. Transparent washes bleed upward suggesting ascension. White gouache highlights on the figure's edges. Loose, impressionistic style with visible water marks and pigment granulation. Moody chiaroscuro lighting from above. Hopeful, transcendent atmosphere.|ἡ_σωτηρία_0011
ἥκω εἰς τόπον|I have arrived / come to (a) place|Watercolor landscape depicting a small traveler standing before ancient stone steps leading to a sun-drenched Mediterranean village. Loose, flowing washes in burnt sienna and raw umber for weathered stones. Cobalt blue shadows with ultramarine depths. Soft wet-into-wet olive greens for distant cypress trees. The figure rendered with minimal brushstrokes - just suggestion of form. Warm lemon yellow light spilling across white buildings. Atmospheric perspective through layered transparent glazes. Sense of journey's end, peaceful arrival. Visible paper texture, spontaneous pigment blooms.|ἥκω_εἰς_τόπον_0012
ὁ ληστής|the robber / bandit|Watercolor portrait of a shadowy figure half-concealed in doorway, deep purple and payne's grey washes. Loose, gestural brushwork suggests movement and danger. Masking fluid preserves sharp edges of a gleaming knife. Muddy earth tones, sienna and umber, with sudden scarlet accents. Wet-on-dry technique creates scratchy texture for rough clothing. Deep shadows painted with granulating pigments. Limited palette, noir atmosphere. The subject's eyes - just suggested - catch light. Spattered paint adds tension. Quick, unfinished quality enhances sense of fleeting moment.|ὁ_ληστής_0013
ὁ στῦλος|the pillar|Watercolor architectural study of an ancient Greek column, weathered marble rendered in delicate grey-violet washes. Wet-on-wet technique creates soft cloud-like textures suggesting aged stone. Raw umber and burnt sienna define fluting shadows. Transparent ultramarine glaze for atmospheric sky behind. Dry brush technique captures stone's rough surface. White paper left untouched for brightest highlights. Loose ivy suggested with quick viridian strokes. Sense of timeless strength, classical dignity. Visible water bleeds and backruns add organic feeling to rigid form.|ὁ_στῦλος_0014
ὁ τάφος|the grave / tomb|Watercolor cemetery scene at twilight, ancient stone tomb dissolving into purple and indigo shadows. Wet-into-wet technique creates mournful atmosphere - colors bleeding like tears. Paynes grey and mauve for approaching night, raw umber for weathered stone. A single white lily suggested with quick gouache strokes. Transparent olive drab for cypress trees. Soft edges throughout, nothing clearly defined. Granulating pigments in stone texture. Mysterious, contemplative mood. Paper's white showing through as spiritual light. Spattered earth tones suggest time's passage.|ὁ_τάφος_0015
ὁ ἄμος|the sand|Watercolor desert landscape, endless dunes in warm yellow ochre and burnt sienna. Wet-on-wet technique creates soft, shifting forms. Granulating raw umber defines ripple shadows. Sky graduated wash from cerulean to palest lemon. Dry brush suggests wind-sculpted ridges. A few sharp edges contrast with mostly soft forms. Transparent glazes layer distance. Visible brushstrokes imply grainy texture. Minimal composition - just sand, sky, and suggestion of heat shimmer. Peaceful, meditative quality. Spattered paint creates sand particles. Paper texture enhances organic feeling.|ὁ_ἄμος_0016
πιστός|faithful, believing|Watercolor figure in prayer, kneeling silhouette against glowing window. Transparent washes of cadmium yellow and rose madder create divine light. Wet-into-wet technique makes colors merge like stained glass. Figure painted with minimal strokes - raw umber and payne's grey. White paper preserved as brightest light. Soft purple shadows, ultramarine depths. Loose, impressionistic style - just suggestion of devotion. Pigment flows downward like grace. Contemplative, serene atmosphere. Visible water marks add spiritual unpredictability. Simple composition focused on light and shadow.|πιστός_0017
τὸ θέατρον|the theater|Watercolor of ancient Greek theater, curved stone seats in warm sienna washes fading to distant blue-violet. Wet-on-wet sky graduated from pale cerulean to deeper ultramarine. Loose brushwork suggests weathered marble, granulating pigments in shadows. Empty stage filled with golden light - raw sienna and yellow ochre. Small figures suggested with single brushstrokes give scale. Transparent glazes create atmospheric perspective. Visible paper texture adds to aged feeling. Dramatic shadows but soft execution. Sense of history, echoes of past performances. Spattered earth tones suggest ancient dust.|τὸ_θέατρον_0018
τὸ κρανίον|the skull|Watercolor still life of weathered skull on dark wood surface. Wet-into-wet technique in eye sockets - deep payne's grey and purple pools. Dry brush creates bone texture, white paper showing through as highlights. Warm ivory and cool grey washes define form. Transparent shadows in raw umber. Memento mori composition, contemplative lighting. Soft edges throughout except for sharp teeth details. Granulating pigments add age. Minimal background - just suggestion of darkness. Philosophical, meditative mood. Visible water bleeds add organic decay. Simple palette, powerful symbolism.|τὸ_κρανίον_0019
τὸ μέτωπον|the forehead|Watercolor portrait fragment - just a forehead and eyes, emerging from loose washes. Wet-on-wet technique creates soft skin tones - rose madder, yellow ochre, touches of viridian for shadows. Transparent glazes build form. White paper highlights suggest light on brow. Thoughtful expression conveyed with minimal means. Hair suggested with quick dry-brush strokes. Atmospheric background bleeding into figure. Visible water marks create human vulnerability. Contemplative, introspective mood. Soft purple shadows in eye sockets. Economy of brushwork - every stroke counts. Spiritual, philosophical quality.|τὸ_μέτωπον_0020
τὸ τόξον|the bow (weapon)|Watercolor painting of an ancient Greek recurve bow resting on a stone altar at dawn, soft wet-on-wet washes of raw umber and burnt sienna bleeding into the porous marble, the bowstring rendered with a single dry-brush line of titanium white, morning light filtering through olive leaves creating dappled ultramarine shadows, cerulean mist rising behind, loose granulating pigments suggesting age, composition centered with negative space around the weapon, translucent glazes of gamboge and viridian implying divine purpose, edges intentionally blurred where pigment pools, overall mood reverent and expectant, 300gsm cold-press texture visible, pigment blossoms echoing the bow’s curve, minimal background with splattered ochre for dust.|τὸ_τόξον_0021
τὸ τρύβλιον|the bowl / dish|Loose watercolor study of a shallow black-glazed kyliskos bowl, wet-into-wet strokes of Payne’s grey and indigo pooling to mimic the vessel’s reflective surface, a single cadmium orange persimmon resting inside with edges bleeding softly, morning side-light from left casting cobalt shadows across rough papyrus-colored paper, granulating ultramarine sediment settling to suggest ancient ceramic texture, negative space painted around the bowl with clean water creating ghostly halo, splattered raw sienna for earth, composition low and intimate, mood quiet and contemplative, paper buckles slightly giving organic frame, edges left white and luminous, overall palette limited to earth tones with one bright accent, technique alla prima without reworking.|τὸ_τρύβλιον_0022
τὸ χάρισμα|the gift of grace|Translucent watercolor vision of an ethereal white dove descending through layers of wet cerulean and manganese blue washes, wings suggested with quick dry-brush strokes leaving paper white, golden ochre light radiating outward in soft gradated wash, ultramarine shadows pooling at wingtips, surrounding space flooded with quinacridone rose that bleeds outward like halation, no hard edges, everything dissolving into pure light, composition vertical with dove slightly off-center, mood transcendent, 600gsm rough paper allowing pigment to bloom like clouds, touches of iridescent medium on wing edges, overall effect of something arriving rather than existing, edges lost and found, pure water sparkle left unpainted at heart center.|τὸ_χάρισμα_0023
τρεῖς|three|Minimalist watercolor triptych on single sheet, three wet-into-wet orbs of varying sizes painted with single loaded brush: largest in granulating ultramarine with sediment rings, medium in translucent vermilion bleeding outward, smallest in lemon yellow with crisp edge, each touches the others creating secondary hues where they overlap—muted violet, warm orange, subtle green, white paper breathing between, composition forms imperfect triangle, soft cobalt shadow beneath suggesting they rest on surface, mood playful yet profound, painted quickly while still damp to maintain spontaneity, no reworking, edges feather naturally, overall palette limited to three primaries, the number implied through form rather than symbol.|τρεῖς_0024
