βλέπει τήν|(he/she) sees / is looking at…|Color pencil sketch: a lone child in a billowing chiton stands on a sun-bleached marble step, body angled three-quarter view, gaze lifted toward an unseen horizon. Hatched cerulean and ochre strokes define the distant Aegean; foreground shadows cross the stone in muted indigo. Warm side-light from setting sun grazes the child’s cheek, leaving soft umber halos; background lines fade to ghostly lavender, emphasizing focus. Fine-point colored pencils leave visible paper tooth, cross-hatching for folds, loose circular scribbles for shimmering heat. Mood: wistful anticipation. Palette: sun-washed whites, Aegean blues, dusty rose. 4:5 vertical composition, gentle vignette.|βλέπει_τήν_0001
ἐσθίει τήν|(he/she) eats / is eating…|Color pencil sketch: weathered shepherd seated on rough wooden stool beneath an ancient olive, hunched over a round of barley bread and sun-dried figs. Loose, layered strokes of sienna and olive green create dappled canopy light; warm yellow highlights on crust, cooler violet shadows under plate. Foreground left: earthenware cup sketched with quick circular marks; background softly out of focus in pale burnt umber. Grain of cream paper shows through, giving rustic texture. Mood: quiet sustenance. Palette: earth tones with touches of crimson on figs. Horizontal 3:2, low viewpoint to draw viewer to hands and food, gentle graphite under-drawing visible at edges.|ἐσθίει_τήν_0002
ἡ ἀδελφή|the sister|Color pencil sketch: young woman in simple linen chiton, seated on a courtyard wall, ankles crossed, hair bound with a faded crimson ribbon. She faces viewer at slight tilt, eyes cast downward in modest grace. Soft rose and lavender hatching model her face; ultramarine and sepia cross-strokes for drapery. Behind, white-plaster wall sketched with minimal vertical lines, climbing vine suggested by loose olive scribbles. Diffused afternoon light: warm right-side glow, cool reflected fill left. Visible pencil texture, burnished highlights on cheek. Mood: gentle, protective serenity. Palette: muted pastels against warm stone. Square format, centered subject, light vignette.|ἡ_ἀδελφή_0003
ἡ ἐπιστολή|the letter (message)|Color pencil sketch on textured cream paper: a single weather-sealed scroll of papyrus unfurling across the lower third, its broken crimson wax seal still clinging like a tiny shattered sun. The parchment glows with warm ochre strokes, edges frayed into whispers of lavender and sage, while faint Greek letters (ἡ ἐπιστολή) drift upward, dissolving into translucent indigo smoke that spirals toward the top margin. Behind, a ghostly Aegean horizon is suggested by horizontal cerulean hatching, interrupted by a single coppery pigeon wing caught mid-beat, feathers rendered in cross-hatched scarlet and peach. Lighting is dawn-side: soft lemon-yellow rays graze the paper from upper left, leaving granulated graphite shadows beneath the scroll’s curl and picking out iridescent pearl highlights along the wax cracks. Negative space dominates the upper two-thirds, the untouched paper’s tooth sparkling like distant salt spray. Mood is hushed anticipation, as if the message has just been read aloud by the sea. Palette limited to dry pigment: burnt umber, ultramarine, vermilion, and honey gold, with selective burnishing to create satin sheens on the seal and matte tooth everywhere else. Keep pencil marks visible, strokes directional, edges slightly smudged for salt-air wear; no ink, no wash, only layered color pencil on warm white, 4:5 aspect, light pressure indentations echoing wave rhythms.|ἡ_ἐπιστολή_0004
ἡ κεφαλή|the head|Color pencil sketch: classical marble head of a youth, three-quarter view, resting on a weathered Doric capital. Hatched violet and Payne’s-grey shadows carve planes of nose, brow, and curled hair; sanguine and cream highlights catch edges where imaginary light kisses stone. Background plain warm white with loose horizontal strokes, letting subject float. Visible paper tooth and varied line weight evoke traditional academic study. Mood: timeless introspection. Palette: greys, warm whites, subtle terra-cotta. Square format, ample negative space, slight tilt to add dynamism.|ἡ_κεφαλή_0005
ἡ κώμη|the village|Color pencil sketch: hilltop Cycladic village at dawn, staggered cubic houses descending toward sea. Layered cross-hatching: soft mauve shadows on east walls, peach and Naples-yellow strokes for sunrise facades, indigo roofs. Winding path rendered with broken sienna lines guiding eye downward. Minimal figures suggested by quick vertical marks; distant fishing boats mere dashes of turquoise. Sky gradates from pale blue at zenith to warm pink horizon using broad diagonal strokes. Mood: tranquil awakening. Palette: sun-bleached whites, muted primaries. 16:9 panoramic, high vantage, light graphite under-sketch visible for perspective.|ἡ_κώμη_0006
ἡ ποίμνη|the flock (of sheep)|Color pencil sketch: dusty mountain path where woolly sheep crowd forward, rendered in loose loops of cream and warm grey, legs hinted by quick umber dashes. Shepherd boy mid-ground, staff angled dynamically, sketched with ochre and burnt sienna cross-hatching. Background olive groves softly scumbled in yellow-green, sky a wash of pale cerulean circular strokes. Foreground earth textured with sienna directional lines suggesting kicked dust. Warm late-afternoon light from left, long violet shadows. Mood: gentle movement. Palette: earthy neutrals with sky accent. 3:2 horizontal, slight low angle to emphasize flock mass.|ἡ_ποίμνη_0007
ἡ σκηνή|the tent / dwelling|Color pencil sketch: low goat-hair tent set on stony Aegean shore, fabric walls billowing, sketched with interlaced sepia and slate-blue strokes suggesting woven texture. Entrance flap ajar, revealing dark interior hinted by deep indigo scumble. Around, scattered driftwood and fishing net loosely outlined in sanguine. Cool dawn light: sky rendered with horizontal lavender bands, sea with muted teal loops. Foreground stones drawn with varied grey circular marks, some left as paper white highlights. Mood: nomadic calm. Palette: cool greys, muted blues, touch of burnt umber. 4:3 landscape, centered tent, soft vignette.|ἡ_σκηνή_0008
κράζει|(he/she) cries out, shouts|Color pencil sketch: young woman on windswept cliff edge, mouth open in mid-shout, hair and chiton whipping sideways. Dynamic diagonal composition: body thrust forward, arms extended, fabric folds rendered with sharp, energetic sienna and ultramarine strokes. Sea spray suggested by flicked white pastel pencil over layered teal waves; sky churns with spirals of violet and Payne’s grey. Visible paper tooth catches rough marks, conveying raw sound. High contrast lighting: bright gamboge highlights on face, deep indigo shadows under arms. Mood: urgent release. Palette: stormy blues against warm skin. 2:3 vertical, low horizon, radial lines imply echoing voice.|κράζει_0009
νεύει|(he/she) nods, beckons|Color pencil sketch: elderly merchant seated on stone stoop, softly nodding and beckoning viewer with subtle chin lift and curved finger. Gentle side-light of golden hour models his bearded face using warm ochre and sanguine cross-hatching; indigo shadows under turban. Background market stalls loosely suggested by vertical strokes of muted green and madder, people rendered as faint moving silhouettes. Paper’s cream grain left visible for highlights on knuckles, eyes. Mood: welcoming invitation. Palette: earth tones, soft gold light. 3:4 vertical portrait, shallow depth, slight smile implied by delicate line.|νεύει_0010
ὁ ἄνθρωπος|the human being, man|Color pencil sketch of a contemplative male figure in classical drapery, seated on weathered stone steps, head slightly bowed, one hand resting on knee. Warm afternoon light filtering from upper left, creating soft amber highlights on skin tones and folds of cloth. Cross-hatching technique builds volume in musculature and shadow. Muted earth tones dominate—ochre, sienna, umber—offset by subtle cerulean in background shadows. Loose, gestural strokes suggest distant olive trees and marble columns, evoking ancient Athens. Paper texture visible, with gentle burnishing on cheekbones and knuckles for subtle sheen. Overall mood: introspective, timeless, slightly melancholic.|ὁ_ἄνθρωπος_0011
ὁ ἄρτος|the bread, loaf|Color pencil sketch of a crusty, round artisan loaf split on rough wooden table, steam wisps rising in curling strokes of cool grey-blue. Strong side light from right creates dramatic chiaroscuro, emphasizing golden-brown crust texture through layered ochre, burnt sienna, and raw umber circular strokes. Loose crumbs rendered with flicked pencil specks; surrounding wood grain indicated by parallel lines varying in pressure. Background softly out of focus using lighter pressure and cooler hues, evoking humble kitchen interior. Highlight on crust achieved with white pencil burnished over warm tones. Mood: warmth, sustenance, quiet reverence.|ὁ_ἄρτος_0012
ὁ θεός|God, god|Color pencil sketch of an ethereal, robed figure emerging from swirling clouds atop a mountain peak, arms outstretched. Layered indigo, violet, and ultramarine strokes create turbulent sky, while white and pale yellow highlights define lightning-like radiance. Figure suggested rather than detailed—flowing drapery with iridescent prismacolor blending, hints of gold leaf texture achieved with heavy pressure and wax bloom. Lightning bolts rendered in jagged white lines over lavender washes. Composition uses diagonal cloud movement to convey power; lower third shows tiny worshippers in simple line strokes. Mood: awe-inspiring, sublime, mysterious. Paper tooth exploited for grainy, atmospheric effect.|ὁ_θεός_0013
ὁ ἵππος|the horse|Color pencil sketch of a muscular stallion mid-gallop across dusty plain, mane whipping in wind. Dynamic foreshortening captures extended forelegs; curved hatching lines define rippling shoulder and flank muscles in burnt umber and raw sienna. Dust clouds rendered with dry-brush-like scumbled strokes of warm grey and cream, edges softened using tissue blending. Background hills indicated with horizontal layers of muted olive and lavender. Focal highlight: gleam in eye using pinpoint white over indigo. Motion lines and slightly blurred hooves evoke speed. Mood: wild freedom, raw energy, ancient steppes.|ὁ_ἵππος_0014
ὁ καρπός|the fruit / produce|Color pencil sketch of an overflowing woven basket of mixed fruit—pomegranates, figs, grapes—set on weathered taverna table. Rich, saturated reds and purples built through layered circular strokes, wax bloom polished on pomegranate skins for glossy highlight. Fig skin texture created with short, random sepia strokes; grape bloom via light lavender dry layer. Cast shadow beneath basket uses complementary muted green, enhancing vibrancy. Background: soft, impressionistic suggestion of stone wall using vertical blue-grey hatching. Fallen leaf adds diagonal motion. Mood: harvest abundance, Mediterranean warmth, sensory invitation.|ὁ_καρπός_0015
ὁ νόμος|the law|Color-pencil sketch on cold-press cream paper: a towering marble stele of classical law rises from the lower third, its surface half-carved with the Greek phrase ὁ νόμος in weathered Minuscule. Surrounding the stele, translucent layers of overlapping legal parchment float like ghost-kites, edges curling, annotated with delicate graphite script and scarlet-rubrum highlights. In the foreground, a single blindfolded figure in a softly shaded toga sits cross-legged, balancing a brass scale whose pans morph into blooming olive branches rendered in muted sage and umber cross-hatching. Background: a twilight agora suggested by loose, gestural strokes of indigo and burnt sienna, columns dissolving into atmospheric haze. Lighting: low, raking amber light from the left, creating gentle grainy shadows and picking out the waxy sheen of the colored-pencil pigment; subtle white-gel-pen glints on metal and marble. Palette: restrained ivory, Payne’s grey, dusty mauve, with controlled pops of vermilion and cerulean to echo inked codices. Technique: tight, directional strokes on stone and skin, circular scumbling for dusk sky, visible paper tooth for texture, light spray-fixative bloom for vintage patina. Composition: rule-of-thirds intersection at the stele’s crown, diagonal parchment flow guiding the eye toward the figure, ample negative space to evoke solemnity. Mood: venerable, contemplative, slightly fragile—law as living sketch, never finished.|ὁ_νόμος_0016
ὁ ὀφθαλμός|the eye|Color pencil macro sketch of a single human eye, extreme close-up, iris patterned like an antique marble. Multi-colored pencils—emerald, ultramarine, amber—layered in radial strokes to create intricate iris rings; black pupil drilled with sharp contrast. Surrounding skin rendered with warm peach and raw sienna cross-hatching, minute wrinkles suggested through varied line weight. Tear duct highlighted with pinpoint white for moisture. Eyelashes individually drawn with quick upward flicks. Soft, diffused side light emphasizes curvature; subtle reflection of distant olive branch in cornea. Mood: soulful, searching, timeless gaze.|ὁ_ὀφθαλμός_0017
ὁ χριστός|the anointed one, Christ|Color pencil sketch of a serene, bearded face crowned with subtle halo, soft golden light emanating from behind. Layered sienna and burnt umber contour lines define gentle features; white and pale ochre highlights on forehead and cheekbones suggest inner light. Halo rendered with circular burnishing of metallic gold pencil, edges softly blended into warm grey background. Shoulders draped in simple linen, folds indicated with loose, parallel strokes. Background kept minimal—vertical lavender haze implying temple veil. Expression: compassionate, knowing, tranquil. Paper tooth visible for humble texture.|ὁ_χριστός_0018
τὸ βιβλίον|the book / scroll|Color-pencil sketch of an ancient papyrus scroll unfurling across a mottled parchment-tone page, the stylus-thin cedar rod slightly warped, its edges fibrous and feathered like torn watercolor paper. Core composition: scroll laid diagonally from lower left to upper right, overlapping a faint ghost-image of a closed leather-bound codex beneath, creating a visual palimpsest. Lighting: cool north-window daylight raking in from upper left, leaving powdery graphite-violet shadows and letting the waxy color layers bloom—ochre, dusty rose, bruised indigo—typical of hand-laid pigment. Mood: hushed, scholarly, timeless; the quiet before revelation. Technique: visible circular burnishing strokes on the scroll’s verso give a subtle sheen; cross-hatched sepia lines define creases; negative space rendered with baby-blue and lavender scumbles to echo paper grain. Background: softly smudged olive and raw umber, edges left intentionally unfinished, color-pencil “crumbs” scattered for authenticity. Accents: a single drop of sealing wax in vermilion, textured with white pencil highlights; tiny Greek minuscules (τὸ βιβλίον) sketched along the scroll’s curl in sanguine. Technical: 4:5 aspect ratio, 300-dpi simulation, no hard outlines, embrace grain of Fabriano paper showing through, chromatic layering priority over line, maintain color-pencil translucency, avoid digital smoothness.|τὸ_βιβλίον_0019
τὸ ἱμάτιον|the garment, cloak|Color pencil sketch of a flowing himation draped over simple wooden peg, folds cascading like marble. Side light from left creates dramatic shadows; layered indigo, violet, and deep teal strokes build volumetric folds, lighter pressure on ridges, heavy burnishing in recesses. Fabric texture implied with diagonal cross-hatching, occasional white pencil highlight suggesting wool sheen. Peg rendered with warm umber grain lines; wall behind in muted terracotta washes. Lower edge shows slight fray, drawn with irregular, delicate lines. Mood: quiet dignity, classical simplicity, late afternoon stillness.|τὸ_ἱμάτιον_0020
τὸ πετεινόν|the bird|Color pencil sketch of a small songbird perched on a gnarled olive branch, soft graphite under-drawing visible beneath layers of muted ochre, sienna, and dusty-blue feathers. Hatch strokes follow the contour of wings; white chalk highlights on breast and beak. Diffused afternoon light from upper left casts gentle shadow across the branch; background a pale, rubbed-wash of warm gray paper, speckled with erased flecks suggesting distant leaves. Composition centered, slight worm’s-eye view to give the bird quiet majesty. Mood: tranquil, timeless. Paper texture emphasized, grain catching pigment for feathery softness.|τὸ_πετεινόν_0021
τὸ ποτήριον|the cup / drinking-vessel|Color pencil sketch of a simple terracotta kylix resting on its side, rim catching a slant of golden hour light. Layered sanguine, burnt umber, and cream strokes define the curved bowl; cross-hatched shadows pool beneath and inside. Background lightly indicated with loose, horizontal lavender lines suggesting a wooden table fading into warm paper. Fine white gel-pen edge highlights on the lip; fingerprints in umber soften the clay texture. Composition placed lower left, allowing negative space to breathe. Mood: quiet domesticity, classical stillness. Paper tooth visible, pigment scumbled for matte ceramic feel.|τὸ_ποτήριον_0022
τὸ τέκνον|the child|Color pencil sketch of a tousle-haired toddler seated on sun-bleached stone steps, seen from three-quarter view. Peach, sepia, and muted teal layers build soft skin; loose, directional strokes follow chubby limbs. Background a quick, impressionistic wash of olive and dusty rose, hinting at garden beyond. Light rakes from right, leaving gentle violet shadows; white chalk picks out cheek highlights. Grain of paper left exposed in places for airy atmosphere. Mood: innocent, fleeting moment. Contour lines occasionally broken, giving sketchy spontaneity suitable to childhood energy.|τὸ_τέκνον_0023
τύπτει τήν|(he/she) strikes / hits…|Color pencil sketch capturing mid-motion: a cloaked figure’s arm extended, hand blurred in swift ochre and sienna strokes implying a strike toward an unseen target. Dynamic diagonal composition, body twisted, fabric rendered with sweeping indigo and charcoal hatching that echoes the force line. Background reduced to angular, erased rays of pale gray, focusing energy on the gesture. Sharpened red pencil accents along knuckles and sleeve edge heighten tension; white chalk arcs suggest wind-cut. Paper grain catches gritty pigment, underscoring raw urgency. Mood: split-second violence, classical tragedy. Lines intentionally varied—fine to broad—to convey acceleration.|τύπτει_τήν_0024
