βλέπει τήν|(he/she) sees / is looking at…|Color charcoal drawing: a lone woman stands on a marble balcony at the violet edge of dawn, her back to us, hair a loose charcoal stroke catching rose-gold light; she gazes down into a moon-washed courtyard where a translucent ghost of her younger self—drawn only in white chalk highlights—looks back up, eyes locked across time. Composition uses a low diagonal balcony rail to split the scene: upper world bathed in warm sanguine pastels, lower world cooled with indigo and umber charcoal dust. Fingers of sunrise backlight her silk gown, scattering scarlet and cerulean chalk particles that dissolve into the paper’s tooth; below, a single gas-lamp emits a soft citrine halo, creating cross-light that models cheekbones and stone alike. Moody, contemplative atmosphere—silent confrontation between past and present. Paper left raw at edges, smudges and erasure marks left visible, giving the drawing an unfinished, breath-held tension. Heavy stump work for velvet shadows, sharp white Conte for eyelid glints and star specks. Technical: 2400 dpi texture, broad tonal range from deepest carbon black to lifted highlights, slight paper fiber sparkle to emulate vintage pastel card.|βλέπει_τήν_0001
ἐσθίει τήν|(he/she) eats / is eating…|Color charcoal drawing of weathered hands tearing dark crusty bread above a terracotta bowl. Composition: extreme close-up, hands fill frame, crumbs scatter toward viewer. Lighting: single oil-lamp glow from right, chiaroscuro on knuckles. Mood: intimate sustenance. Colors: vine charcoal shadows, sepia chalk for bread, smears of ochre oil on fingers. Technique: heavy pressure for deep palm creases, lifted charcoal with kneaded eraser for flour dust, sgraffito to scratch crust texture. Edges vignette into warm paper tone, suggesting ancient hearth light.|ἐσθίει_τήν_0002
ἡ ἀδελφή|the sister|Color charcoal drawing of a young woman in draped linen, half-length portrait, braid resting over shoulder. Composition: centered, slight three-quarter turn, eyes lowered. Lighting: soft north-light from left, delicate sfumato across cheek. Mood: quiet guardianship. Colors: white chalk on collar, Payne’s grey charcoal for veil folds, rose pastel dust on lips. Technique: feathered strokes for hair strands, stump blending for skin, sharp white edge-light on braid. Background: muted olive charcoal wash, hint of olive branch silhouette. Paper tooth catches powder for velvety texture.|ἡ_ἀδελφή_0003
ἡ ἐπιστολή|the letter (message)|Color charcoal drawing of an unfolded papyrus sheet on rough wooden table, wax seal broken. Composition: diagonal placement, seal catches focal light. Lighting: low evening sun, long shadows, warm side-light raking texture. Mood: urgent stillness. Colors: raw umber charcoal for table grain, ivory chalk for papyrus fibers, crimson pastel crumb for seal. Technique: dry-brush charcoal for papyrus striations, white gel pen for script shadows, finger smudge for dust. Edges burned slightly to suggest antiquity, paper left raw at corners for tactile fragility.|ἡ_ἐπιστολή_0004
ἡ κεφαλή|the head|Color charcoal drawing of a marble bust fragment—youthful male profile—against dark void. Composition: tight crop, edge of nose nearly touches frame. Lighting: single spotlight from above, sharp terminator on brow. Mood: eternal contemplation. Colors: cold grey charcoal, touches of cerulean chalk on vein marble, white heightening on bridge of nose. Technique: circular scribbling for stone pores, sandpaper rubbed for soft gradients, kneaded eraser lifted for specular highlights. Background: velvety black charcoal dust fading to paper fiber, suggesting infinite darkness.|ἡ_κεφαλή_0005
ἡ κώμη|the village|Color charcoal drawing of hillside cluster of cubic houses at dusk, crooked paths zig-zagging upward. Composition: elevated vantage, rooftops form overlapping planes. Lighting: setting sun behind ridge, orange glow silhouettes chimneys. Mood: drowsy return. Colors: burnt brick charcoal for tiles, turquoise chalk for shuttered windows, white pastel for smoke wisps. Technique: broad stick for hillside masses, razor-sharp white line for path edges, finger-blended smoke. Paper left untouched for distant light between houses, suggesting quiet life within.|ἡ_κώμη_0006
ἡ ποίμνη|the flock (of sheep)|Color charcoal drawing of woolly backs packed tight, only occasional horn or ear emerging. Composition: horizontal band across lower frame, dust cloud above. Lighting: backlit dawn, edges haloed. Mood: gentle momentum. Colors: warm grey charcoal gradients, cream chalk dabs on fleece tips, sepia dust for ground. Technique: circular wrist motions for fluffy texture, negative eraser marks for legs, smudged sky for early haze. Lower edge of paper torn to mimic trodden path, charcoal crumbs cling like real dirt.|ἡ_ποίμνη_0007
ἡ σκηνή|the tent / dwelling|Color charcoal drawing of goat-hair tent fabric billowing slightly, entrance flap tied back revealing dark interior. Composition: off-center, diagonal pole leads eye inward. Lighting: moonlight from right, cool blue cast on folds. Mood: nomadic serenity. Colors: deep brown charcoal stripes, ultramarine chalk shadows, silver pastel on guy-rope. Technique: cross-hatched layers for weave, white charcoal streaks for stress lines, stump for soft moonlit gradation. Ground: scattered ash-grey charcoal for campfire remains, paper grain evokes desert sand.|ἡ_σκηνή_0008
κράζει|(he/she) cries out, shouts|Color charcoal drawing of open mouth in mid-cry, neck tendons stretched, framed by swirling cloak. Composition: tight portrait, chin thrust upward. Lighting: lightning-flash from left, stark white on teeth. Mood: raw release. Colors: blood-red chalk at throat, black charcoal cavity of mouth, white streaks for spittle. Technique: aggressive diagonal hatching for cloak motion, eraser dragged for light scars across cheek, finger smear for echoing void around head. Paper surface scarred with stylus to suggest sound vibration.|κράζει_0009
νεύει|(he/she) nods, beckons|Color charcoal drawing of slight head tilt and lifted hand, fingers curling inward. Composition: upper torso, negative space left for implied presence. Lighting: soft window-light, gentle gradient across forehead. Mood: silent invitation. Colors: warm sienna charcoal for skin, white chalk crescent under fingernails, muted green pastel on sleeve. Technique: delicate contour lines, stumped shadow under chin, razor-fine white line for catch-light in eye. Background: sparse charcoal dust, paper left bare where unseen visitor stands, creating breathable anticipation.|νεύει_0010
ὁ ἄνθρωπος|the human being, man|Color charcoal drawing of a solitary male figure in classical contrapposto, rendered with expressive smudged charcoal gradients and selective ochre and burnt sienna pastel highlights. Low, raking side-light carves out muscular anatomy against deep umber shadows; background a hazy sfumato of charcoal dust suggesting an ancient agora. Mood contemplative, dignified, with eyes lost in thought. Rough paper texture shows through, edges left unfinished to evoke timeless humanity. 35 mm equivalent, f/2, center-weighted focus on face.|ὁ_ἄνθρωπος_0011
ὁ ἄρτος|the bread, loaf|Color charcoal still-life of a crusty round loaf split in two, crumbs scattered on weathered wood. Warm sanguine and sepia pastels streak through charcoal blacks to capture toasted crust and soft ivory crumb. Diffused window light from left casts long velvety shadows; background softly erased to pale grey, emphasizing tactile texture. Earthy, comforting mood, evoking humble sustenance. Paper grain visible, strokes loose and gestural. 50 mm, f/4, shallow depth, focus on cracked crust.|ὁ_ἄρτος_0012
ὁ θεός|God, god|Color charcoal drawing of an imposing bearded figure emerging from swirling graphite clouds, seated on a throne of negative space. Highlights in iridescent white and gold pastel pierce through charcoal darkness, creating divine radiance. Low-angle composition, strong chiaroscuro, eyes glowing with soft Conté white. Grand, awe-inspiring mood; background abstracted into turbulent strokes suggesting cosmic power. Rough paper tooth catches dust for ethereal texture. 28 mm, f/5.6, vignette edges.|ὁ_θεός_0013
ὁ ἵππος|the horse|Color charcoal study of a galloping horse, mane flying, rendered with dynamic, sweeping black strokes and subtle burnt umber pastel along flank. Side lighting emphasizes rippling muscles and dust kicked up beneath hooves. Background a blur of erased charcoal lines conveying speed; mood vigorous, heroic. Paper left raw at corners for energy; highlights picked out with white chalk on eye and bridle. 85 mm, f/2.8, motion blur in background.|ὁ_ἵππος_0014
ὁ καρπός|the fruit / produce|Color charcoal arrangement of pomegranates, figs, and grapes spilling from a clay bowl. Deep violet, carmine, and olive pastels weave through charcoal husk, suggesting ripe skins and dusty bloom. Soft top light evokes Mediterranean midday; shadows warm and translucent. Mood abundant, serene. Rough paper texture catches loose dust for organic softness; edges softly blended. 40 mm, f/3.5, selective focus on split pomegranate seeds glowing white.|ὁ_καρπός_0015
ὁ νόμος|the law|Color charcoal drawing of a towering marble judge’s bench seen from below, its base cracked like a fissure in stone; half-emergent, translucent tablets of law hover, their text smudged in white and sanguine charcoal, edges feathered into the paper’s grain. A blindfolded figure looms behind, robe rendered in sweeping Prussian-blue strokes, folds catching ghost-lights of scarlet and gold pastel dust. Light slices downward through a hazy courtroom oculus, shafts rendered with kneaded-eraser highlights, scattering crimson chalk motes that drift across the scene like falling verdicts. Foreground: a broken balance scale, one pan in deep indigo shadow, the other catching a sliver of cadmium light, sketched with gritty, smeared charcoal texture. Background walls dissolve into cross-hatched umber and ash, suggesting ancient scrollwork dissolving into smoke. Mood: solemn, timeless, on the verge of crumbling authority. Paper tone left warm beige, letting torn edges and thumb-blended gradients evoke raw handling; fixative speckles glint where crayon meets tooth. Composition: low-angle, diagonal thrust from scale to bench, guiding the eye along a charcoal-smudged beam of light.|ὁ_νόμος_0016
ὁ ὀφθαλμός|the eye|Color charcoal extreme close-up of a single human eye, lashes and iris rendered with fine black strokes; iris touched with ultramarine and viridian pastel for subtle color. Soft side light reveals moisture on lower lid, white chalk speck for catch-light. Background dissolved into charcoal haze; mood introspective, searching. Paper grain emphasizes skin texture; edges feathered. 100 mm macro, f/2.2, shallow depth, pinpoint focus on pupil.|ὁ_ὀφθαλμός_0017
ὁ χριστός|the anointed one, Christ|Color charcoal portrait of a serene bearded face crowned with faint halo of white and gold pastel, shoulders draped in loosely sketched robe. Gentle frontal light, subtle cross of reflected light on chest. Mood compassionate, tranquil; background softly stroked into warm grey nothingness. Rough paper shows through, edges left incomplete for humility. 50 mm, f/2, center-weighted focus, slight bokeh.|ὁ_χριστός_0018
τὸ βιβλίον|the book / scroll|Color charcoal still-life of an open scroll unfurling across weathered wood, sepia and sanguine pastel hinting at aged parchment. Low warm light from right casts long shadows and reveals crinkled texture; faint erased lines suggest unreadable script. Mood scholarly, quiet. Background a neutral charcoal wash; edges softly smudged. 60 mm, f/3.2, focus on curling edge catching light.|τὸ_βιβλίον_0019
τὸ ἱμάτιον|the garment, cloak|Color charcoal drawing of a heavy wool cloak draped over an invisible form, folds captured with sweeping black strokes and muted indigo pastel along creases. Backlighting creates glowing edge and deep interior shadows; mood protective, enigmatic. Background a simple gradated charcoal wash; rough paper texture enhances fabric weight. White chalk highlights on worn edges. 75 mm, f/4, side angle to emphasize volume.|τὸ_ἱμάτιον_0020
τὸ πετεινόν|the bird|Color charcoal drawing of a small songbird perched on a gnarled olive branch, its breast a soft blush of sanguine pastel, wings rendered in layered charcoal strokes with hints of Prussian-blue dust at the tips. Background a vaporous sfumato of warm umber and olive-green chalk, feather-edges picked out by careful kneaded-eraser highlights. Low, raking light from left casts long charcoal shadows across the branch; negative space left untouched paper for ethereal morning mood. Paper tooth visible, loose cross-hatching suggests downy texture, fixative sparkle on the eye for life. 16:9 horizontal composition, branch entering lower third, bird at golden-ratio focal point.|τὸ_πετεινόν_0021
τὸ ποτήριον|the cup / drinking-vessel|Color charcoal study of a shallow kylix cup on weathered tavern table, terracotta pastel wash inside the bowl fading to smoky charcoal greys on the exterior. Rim catches a razor-thin white highlight; reflected vermilion chalk hints of diluted wine. Background a loose, gestural scrumble of warm sepia and indigo sticks, table grain drawn with sideways vine charcoal, smeared with heel of hand for soft motion blur. Single diagonal shaft of candlelight enters from top right, pooling ochre on the table, casting a cobalt shadow that anchors the cup. Vertical 4:5 format, cup centered slightly below midline, edges left intentionally unfinished to show paper texture and spontaneous drawing energy.|τὸ_ποτήριον_0022
τὸ τέκνον|the child|Color charcoal portrait of a tousle-haired child asleep on a stone step, cheeks kissed with gentle carmine pastel, lips a muted rose. Charcoal build-up in the hair creates velvety black curls, highlighted with quick white chalk scribbles for stray strands. Dappled Mediterranean sunlight filtered through vines: alternating patches of warm sienna and cool payne’s-grey cross the face, giving a dreamlike mood. Background merely suggested: a few angular lines of doorway and a soft turquoise smudge of distant sea. Square composition, child’s head at upper left third, step edge diagonal to lead eye, paper left raw at corners for airy spontaneity, fixative only on face to preserve soft gradients.|τὸ_τέκνον_0023
τύπτει τήν|(he/she) strikes / hits…|Dynamic color charcoal freeze-frame: a bare forearm mid-swing, vine charcoal arcs showing motion blur, fist highlighted with white gouache streak. Target implied by a splash of scarlet pastel shards exploding outward against muted olive paper. Complementary strokes of indigo and burnt umber build muscular tension; diagonal composition from lower left to upper right conveys force. Dusty ground rendered with broad side-of-stick smears, a single ochre chalk line indicating horizon. Lighting is high-contrast chiaroscuro: strong white light from right leaves razor shadows, enhancing violent mood. Paper tooth exploited for gritty texture, edges left ragged to amplify raw energy; 3:2 landscape format, negative space around fist for visual impact.|τύπτει_τήν_0024
