ἄκαρπος |unfruitful, barren|1st-century Greco-Roman fresco: a gnarled, leafless olive tree stands solitary on a rocky Attic hillside, its branches twisted like despairing arms against a pale terracotta sky. Foreground: cracked ochre earth, a broken krater spilling dry dust. Middle distance: a veiled woman in chiton and himation kneels, empty wicker basket beside her, face shadowed by deep sfumato. Background: distant marble columns of an unfinished temple, bleached by sharp axial light from upper left. Palette: muted iron-oxide reds, carbon black outlines, chalk white highlights. Egg-tempera matte finish, subtle encaustic wax luster on skin. Composition: golden-ratio tree placement, low horizon, atmospheric perspective. Mood: stoic resignation, echoing Euripidean tragedy.|ἄκαρπος_0001
 ἀλλήλων |of one another, each other (gen. pl.)|Fresco in the Pompeian Third-Style, two mirror-facing figures—youth and maiden—kneel on a marble plinth at dawn in a peristyle garden; they share a single laurel wreath whose leaves loop between their hands, symbolizing mutual obligation. Egg-and-dart frame borders the scene; behind, a fluted Corinthian column rises, its gilt capital catching low, slanting sunlight that rakes across damp stucco, revealing subtle chiaroscuro ridges. Palette of iron-oxide Pompeian red, verdigris green, and chalky marble white; cinnabar highlights on cheek and ankle. Subtle aerial perspective softens distant Porticus columns into a cool umber haze, evoking 1st-century atmospheric depth. Egg-tempera texture, fine craquelure, no modern pigments.|ἀλλήλων_0002
 ἄμωμος |blameless, without blemish|1st-century Greco-Roman panel painting: a young athlete holding a victor’s palm stands before a plain indigo backdrop, torso lit by crisp, raking sidelight that models every muscle like Praxitelean bronze. Skin rendered in layered encaustic—beeswax fused with malachite and lead white—creating translucent, pore-less surface. Hair: golden ochre with individual strands incised by stylus. Background: minimal, only a thin vermilion halo line suggesting divinity. Composition: frontal, slight contrapposto, eyes meeting viewer with serene confidence. Palette: limited earths, no red spots, no scars, symbolizing moral and physical perfection. Finish: glass-smooth polish, echoing the concept of being ‘without blemish’.|ἄμωμος_0003
 ἄν |untranslatable modal particle (potential, conditional)|A marble relief panel in the severe style of 1st-c. BCE Attica: a veiled Muse stands on the cusp of stepping forward, her left foot half-lifted, drapery caught mid-billow as though frozen by an unheard “if.” The scene is carved in shallow, under-life-size chiaroscuro; the background plane is left rough-punched so the figure emerges hesitantly. Light rakes from stage-left, grazing the high polish of her face and leaving the recesses of her himation in violet shadow, dramatizing the suspended moment. Pigment ghosts—ultramarine and cinnabar—cling to the folds and the lost wax bronze wreath she almost lifts, hinting at potential color rather than declaring it. Behind her, a barely incised doorframe (Doric, triglyph half-finished) implies a threshold never crossed. The overall palette is warm Pentelic white with subtle ochre veins; depth of field is compressed like a metope, edges bordered by a strigillated cymatium. Shot with the cold neutrality of archaeological documentation, 50 mm lens, f/4, no motion blur—time itself conditional.|ἄν_0004
 ἀναγινώσκω λόγον |I read / recognize (the) word|1st-century Greco-Roman interior scene: a bearded philosopher seated on a low klismos, hunched over an unfurled papyrus scroll resting on a marble lectus. Single oil-lamp casts chiaroscuro across lined face and ink-stained fingers, emphasizing act of decoding glyphs. Scroll partially visible: black sepia ink letters, marginal scholia in red. Background: plain plaster wall with faint grid guidelines, hinting at artist’s preliminary sketch. Palette: monochrome browns, ivory, lamp-flame amber. Technique: encaustic on wood panel, sharp stylus detailing in beard and text. Composition: tight framing, diagonal scroll guiding eye to glowing letters. Mood: quiet epiphany, fusion of intellectual and spiritual recognition.|ἀναγινώσκω_λόγον_0005
 διάφορος |differing, various, superior|1st-century Greco-Roman mosaic emblema: central roundel depicting three overlapping theatrical masks—tragedy, comedy, satyr—each rendered in distinct colored tesserae: dark green serpentine, golden limestone, and polished black basalt. Radiating bands of varied marbles (porphyry, lapis-veined white, cinnabar) form concentric circles, asserting hierarchy of materials. Light: oblique morning sun skimming surface, creating specular flashes on glass tesserae, emphasizing superiority of central mask. Technique: minute 1 mm cubes, lead-string outlines, subtle gradations. Composition: rotational symmetry, central mask slightly larger, denoting excellence. Mood: celebration of diversity within classical order.|διάφορος_0006
 διέρχομαι διὰ τόπου |I go through / pass through (a) place|1st-century Greco-Roman fresco: a narrow marble-paved cardo recedes between pastel stucco insulae toward a sunlit archway. A solitary traveler in short tunic and petasos strides mid-stride, left leg forward, shadow stretching long on flagstones. Overhead: laundry lines with dyed fabrics flutter like vertical banners, creating rhythmic verticals. Light: strong Mediterranean noon from right, casting sharp silhouettes and cooling shadows in cobalt. Palette: faded rose, umber, indigo shadows, chalk white highlights. Technique: linear perspective with slightly elevated viewpoint, wet-plaster intonaco, quick brush strokes suggesting motion. Mood: transient purpose, echo of Herodotean journey.|διέρχομαι_διὰ_τόπου_0007
 δύσκολος |hard, difficult|1st-century Greco-Roman stelar relief: a muscular quarry-worker strains to lever an unbroken block of Pentelic marble with an iron pick, veins taut across forearms. Block’s rough surface resists, cleaved edges sharp. Background: jagged quarry walls, tool-marks like violent scratches. Light: harsh overhead sun creates deep under-eye shadows, emphasizing toil. Palette: cold stone greys, rust red of picks, sweat rendered by glossy wax layer. Technique: high-relief undercutting, drill-work texture on rock, polished skin contrasts. Composition: diagonal pick forms tension line against vertical block. Mood: Sisyphean struggle, visual metaphor for difficulty.|δύσκολος_0008
 εὐσπλαγχνος |compassionate, tender-hearted|1st-century Greco-Roman panel: a seated matron in deep blue stola cradles a wounded stray dog across her lap, one hand gently lifting its bandaged paw. Soft diffuse light filters through a translucent linen awning, enveloping figures in warm, golden halo. Background: minimal, only a small altar with extinguished incense, implying private mercy not public display. Palette: muted indigo, rose madder on lips and wound, ivory highlights on drapery folds. Technique: encaustic, blended brushstrokes for fur and fabric, glass-paste eyes reflecting sympathy. Composition: circular embrace, viewer’s eye drawn to tender hand contact. Mood: quiet humanitas, Stoic ideal of benevolence.|εὐσπλαγχνος_0009
 ἡ ἐλπίς |the hope|1st-century Greco-Roman fresco: a young woman personifying Elpis stands barefoot on a darkened shore at first light, holding a small bronze oil-lamp whose flame glows pale against pre-dawn marine gloom. She wears a thin saffron chiton blown by offshore breeze, outlining hopeful forward stride. Background: barely visible ship silhouettes on horizon, suggesting safe arrival awaited. Light: cool nocturnal ultramarine transitions to warm rose on horizon, lamp-flame rendered with gold leaf catching incidental light. Palette: limited—indigo, saffron, gold, chalk foam. Technique: wet-plaster layering, sfumato on sky, sharp gilded edge on flame. Composition: vertical figure against horizontal calm, diagonal lamp lifting gaze to horizon. Mood: serene anticipation, visual prayer for safe future.|ἡ_ἐλπίς_0010
 ἡ κρίσις |the judgment / decision / justice|Greco-Roman marble relief panel, 1st century style: a draped, bearded judge (Themis/Dike) seated on a simple klismos chair, right hand raised, left holding scales of bronze; behind, a half-column with acanthus capital catches oblique late-morning light that carves deep folds in his himation. Foreground: two toga-clad litigants, one kneeling, the other gesturing. Background: coffered wall, faint vermilion border. Palette: warm ochre stone, muted Tyrian purple, ivory highlights. Low-depth carving, drill-work eyes, subtle wax sheen, frontality, rhythmic chiaroscuro.|ἡ_κρίσις_0011
 κατοικεῖ ἐν τόπῳ |he/she dwells / settles in (a) place|Fresco from Pompeii, 1st c. BC–AD: a modest coastal villa terrace overlooking the Bay of Naples. A solitary woman in white stola and saffron palla reclines on a stone bench, right hand resting on a small Cupid fountain. Late-afternoon sun slants through a pergola of vine leaves, casting honey-gold light and long violet shadows across ochre plaster. Terracotta roof tiles glow russet; sea beyond is deep indigo. Soft sfumato edges, minimal perspective, encaustic-like color saturation, calm domestic mood.|κατοικεῖ_ἐν_τόπῳ_0012
 μᾶλλον |more, rather|Roman still-life fresco, wall panel: bronze platter heaped higher on right side—ripe figs, pomegranates, a tilted silver pitcher—creating diagonal composition. Left side sparser, one fallen peach. Illumination: raking side light from oil lamp, coppery reflections on fruit skins, shadows in green umber. Background neutral Pompeian red with fine craquelure. Symbolic imbalance, subtle moral choice. Encaustic technique simulation, high detail on water droplets, tactile realism, contemplative silence.|μᾶλλον_0013
 νομίζω ὅτι |I think / suppose that …|Hellenistic bronze statuette on marble plinth: young philosopher in himation, seated, chin pensively resting on right hand, unfocused gaze. Single suspended oil lamp provides golden rim light, catching metallic patina—dark greens with touches of malachite. Background: plain stucco wall, faint grid of red guide lines. Shallow depth, soft vignette, contemplative mood. Slight motion blur on drapery hem to suggest thought in flux. Subtle wax finish, 1st c. realism.|νομίζω_ὅτι_0014
 οὗπω |not yet|A young ephebe stands on the marble lip of a half-built temple podium at dawn, his chlamys still fluttering like an unspun promise; behind him, only the ghostly red ochre grid of the architect’s square is painted on the raw stone, columns lying like sleeping titans on the ground. Golden-rose Attic sunlight, raking low through cypresses, gilds the boy’s untouched curls and the un-carved capitals alike, while the empty stylobate casts long, violet shadows that point toward an unfinished future. Palette of cold Pentelic white, wet-plaster pink, and the dark honey of raw timber; no metal yet glints, no bronze has been fixed—everything waits. Shot with the flat, frontal clarity of a 1st-century wall painting from Pompeii: crisp outlines, subtle interior modeling, no true depth, a sky of graduated cerulean without clouds. Mood of pregnant stillness; the very air seems to hold its breath. Technical notes: fine marble dust motes in the light beam, slight encaustic texture on surfaces, 4:5 aspect, sharp focus from foreground youth to distant cranes, slight vignette to emulate age.|οὗπω_0015
 ὄψιος |late (in the day), evening|1st c. Roman wall painting: villa garden at twilight. Cypresses and laurel hedges painted in overlapping translucent layers, sky shifting from warm vermilion near zenith to deep Tyrian purple above hills. Stone lantern flickers, casting amber glow on gravel path. Distant shepherd and goat silhouetted atop marble wall. Encaustic-like blending, soft atmospheric perspective, muted golden light on column capitals. Subtle crumbling stucco edges suggest antiquity, tranquil evening mood.|ὄψιος_0016
 πάρειμι |I am present / have arrived|Triumphal-relief panel, white marble: toga-clad messenger strides through city gate, right foot forward on threshold, drapery billowing. Behind, empty road; before, crowd of partially carved figures welcoming. Low raking sunlight from left gilds folds, deep undercutting creates strong shadows. Spindle-fluted columns frame scene, egg-and-dart border above. Palette: ivory stone, faint cinnabar in letters 'PARI'. High polish on face, drill-work hair, sense of sudden arrival frozen in stone.|πάρειμι_0017
 περίλυπος |very sorrowful, deeply grieved|Roman funerary marble, 1st c.: seated widow in high-girt chiton and mantle, head bowed, hair loose, right hand clutching disheveled folds. Single oil lamp illuminates her from above, creating deep eye sockets and tear-like highlights on cheek. Background plain, somber umber wash. Palette: cool white marble, subtle blue-grey shadows, touch of raw umber on lips. Fine chisel marks visible, emotional verism, restrained but profound grief, frontality reminiscent of republican portraiture.|περίλυπος_0018
 προσκυνεῖ σοι |he/she worships / bows down to you|Fresco panel from House of the Vettii: eastern supplicant in brightly striped trousers kneels on tessellated floor, arms outstretched toward standing deity (genius with cornucopia). Diagonal composition, deity frontally posed, mortal in three-quarter view. Lighting: torches left and right cast dramatic chiaroscuro, gilding on deity’s laurel crown catches firelight. Palette: cinnabar red background, indigo stripes, ochre skin tones. Linear outline typical of Pompeian style, heightened emotional reverence, spatial depth via tiled perspective.|προσκυνεῖ_σοι_0019
 προσφέρω σοι αὐτήν |I bring / offer it (fem.) to you|Roman ceremonial relief: young priestess in white linen stola steps forward on low altar dais, both hands raising a small gilt statuette of Athena. Morning sun from left glints on gold, contrasting with cool marble shadows. Background: simple fluted altar, wreath of olive behind. Palette: ivory marble, muted gold, subtle green altar cloth. Carving style: shallow but precise, drill highlights on drapery edges, calm devotional expression. Composition centered, slight forward tilt conveys active offering, 1st c. gravitas.|προσφέρω_σοι_αὐτήν_0020
 τῇ ἕτερα |on the next / other (day, etc.)|1st-c. Greco-Roman fresco: at dawn, a narrow white-plastered cubiculum opens onto a peristyle court; rose-fingered light spills through a red-porphyry column, raking across a wax-tablet left on a cedar table, its wooden diptych half-closed—symbol of the ‘next’ day’s task. Earthy Pompeian palette: ocher walls, indigo shadows, vermilion border meander. Soft side-light, sfumato smoke from an extinguished oil lamp, tranquil anticipatory mood. Shot on faux marble intonaco, fine crackle, 4:5 aspect, shallow depth, 35 mm equiv.|τῇ_ἕτερα_0021
 τὸ δῶρον |the gift / present|1st-c. Greco-Roman still-life: a silver-gilt patera engraved with Nike cradles a gift—ripe quince, myrrh seeds, and a purple-edged papyrus scroll tied with golden fillet—resting on rose-veined marble. Low afternoon light from an off-frame atrium skylight carves bright specular highlights on metal, leaves cool violet shadows. Background: muted Pompeian cinnabar wall, white stucco molding. Color harmony: warm metallics against cool stone, symbolizing honor & generosity. Hyper-real fresco texture, subtle intonaco granulation, 50 mm lens look, soft bokeh.|τὸ_δῶρον_0022
 τὸ κοράσιον |the little girl / maiden|1st-c. Greco-Roman panel: a barefoot maiden, 7 summers, stands on a mosaic floor of black-and-white meander; she wears a saffron peplos, himation draped over one shoulder, holding a small bronze hand-mirror. Diffused morning light through a peristyle garden; olive and cinnabar hues, soft rose on cheeks. Expression: shy curiosity. Background: blurred oleander and limestone column, hint of villa portico. Encaustic texture, visible brush-strokes, delicate gold earring glint. Mood: innocent anticipation, 85 mm portrait framing, shallow depth, subtle vignette.|τὸ_κοράσιον_0023
 ὥσπερ|just as, exactly as|1st-c. Greco-Roman allegorical wall painting: two facing panels within one fresco—left, an elder scribe copies Homer; right, a youth repeats the same line, postures mirrored ‘ὥσπερ’. Warm axial light from oil lamps creates twin chiaroscuro profiles, emphasizing perfect parallelism. Palette: terre-verte, yellow ochre, iron-red, offset by chalk-white stucco frame. Subtle egg-tempera sheen, fine craquelure. Central hanging laurel garland unites the scenes, symbol of exact emulation. Square 1:1 format, 40 mm equiv., crisp foreground, gentle background fade, contemplative mood.|ὥσπερ_0024
