ἄρα |therefore, then, so|Anime style illustration of a contemplative moment: a young scholar in flowing robes stands at a crossroads beneath ancient Greek columns, golden hour light streaming through. Dramatic backlighting creates a halo effect, warm amber and deep purple shadows. Cherry blossom petals drift on a mystical breeze, forming arrow shapes pointing forward. Sharp cel-shaded lines, exaggerated perspective, cinematic 16:9 composition. Soft lens flare and particle effects emphasize the decisive moment.|ἄρα_0001
 αὐτὸς καλεῖται ὄνομα |he himself is called (by) name|Anime portrait of a heroic figure emerging from ethereal mist, his name glowing in ancient Greek script behind him. Dramatic rim lighting outlines his silhouette, while soft blue and silver tones dominate. Floating kanji and Greek letters intertwine in the background. Low angle shot emphasizing grandeur, sparkling particle effects around his glowing eyes. Clean line art with digital glow effects, creating an otherworldly aura of destiny.|αὐτὸς_καλεῖται_ὄνομα_0002
 δεῖ με ποιῆσαι |it is necessary for me to do|Dynamic anime action scene: determined protagonist reaching toward a glowing artifact, chains of light breaking around their wrists. Intense orange and red lighting symbolizes urgency, with dramatic speed lines and motion blur. Dutch angle composition heightens tension, debris floating in slow motion. High contrast shadows, electric energy effects, and determined expression with shining eyes. Background fades to dark crimson, emphasizing the solitary quest.|δεῖ_με_ποιῆσαι_0003
 ἔμπροσθεν αὐτῆς |before / in front of her/it|Romantic anime scene: elegant female figure in flowing white dress standing before an ancient temple gate. Soft morning light creates gentle lens flares, pastel pink and lavender color palette. Cherry blossoms frame the composition, petals swirling in heart shapes. Low depth of field with bokeh effects, creating dreamy atmosphere. Delicate line work, subtle sparkles around her silhouette, conveying reverence and anticipation.|ἔμπροσθεν_αὐτῆς_0004
 ζητεῖ αὐτήν |he/she seeks / looks for it (fem.)|Mysterious anime night scene: lone searcher with lantern navigating a moonlit maze of library shelves. Cool blue moonlight contrasts warm lantern glow, creating dramatic chiaroscuro. Floating books and scrolls with feminine silhouettes dissolving into stardust. Dynamic perspective looking upward, emphasizing the vast quest. Soft watercolor-style backgrounds with sharp character outlines, mystical fog effects adding to the ethereal search.|ζητεῖ_αὐτήν_0005
 ἡ ἄλωσις |the capture / destruction|Epic anime battle scene: massive crystalline prison shattering in space, fragments transforming into butterflies of light. Explosive composition with dramatic diagonal lines, electric purple and cyan energy waves. Central figure breaking free from chains of darkness, hair flowing upward in zero gravity. High contrast lighting with lens flares, particle effects creating constellation patterns. Cinematic widescreen format, emphasizing scale and liberation.|ἡ_ἄλωσις_0006
 ἡ δέησις |the petition / prayer / supplication|Emotional anime scene: young priestess kneeling in prayer beneath a celestial temple, hands clasped as golden light descends. Soft halo effect around her figure, tears transforming into tiny stars. Warm golden and pearl white color scheme, with translucent angel wings forming behind her. Low angle emphasizing spiritual elevation, floating prayer strips with glowing text. Delicate watercolor textures, soft focus background creating intimate, sacred atmosphere.|ἡ_δέησις_0007
 ἡ δύναμις |the power / miracle / might|Spectacular anime transformation scene: figure surrounded by swirling energy vortex, ancient symbols orbiting at high speed. Electric blue and white lightning effects, with rainbow prismatic bursts. Dynamic pose with hair and clothing defying gravity, eyes glowing with cosmic power. Radial composition with motion blur on background elements, emphasizing the explosive release of energy. Sharp cel-shading with digital glow overlays.|ἡ_δύναμις_0008
 ἡ ἐπιγραφή |the inscription / title|Mystical anime scene: floating stone tablet with glowing ancient inscriptions, surrounded by ethereal library of memories. Soft teal and gold lighting creates sacred atmosphere, with holographic text projecting into cosmic void. Central tablet radiates light beams, revealing hidden truths. Symmetrical composition with rule of thirds, dust motes transformed into tiny galaxies. Clean vector-style inscriptions contrast with painterly backgrounds.|ἡ_ἐπιγραφή_0009
 ἡ πίστις |the faith / trust / belief|Heartwarming anime scene: two characters reaching across a glowing chasm, hands almost touching, connected by golden light bridge. Soft sunset colors - warm oranges and pinks blend with spiritual white light. Feathered wings of light emanating from their backs, forming heart shape in negative space. Shallow depth of field, bokeh effects creating dreamy quality. Gentle smiles, sparkling eyes conveying unbreakable trust and devotion.|ἡ_πίστις_0010
 ἡ πόλις |the city|Anime style, sprawling cyberpunk cityscape at twilight, towering neon-lit skyscrapers with holographic katakana signs, elevated maglev trains weaving between buildings, bustling crowds in school uniforms and business attire below, warm orange sunset bleeding into cool electric blues and magentas, dramatic low-angle composition from street level looking up, detailed architectural linework, soft bokeh effects on background lights, cinematic rim lighting on character silhouettes, 4K detail, vibrant color palette|ἡ_πόλις_0011
 ἡ χάρις |the grace / favor / thanks|Anime style ethereal angel girl floating in cathedral ruins, translucent wings scattering golden feather particles, flowing white dress with subtle pink gradients, gentle smile with closed eyes, soft divine light rays filtering through broken stained glass, warm golden hour lighting, pastel color palette with emphasis on whites and golds, delicate linework, floating cherry blossom petals, spiritual atmosphere, shallow depth of field, magical sparkles surrounding her form|ἡ_χάρις_0012
 θεωρεῖ αὐτήν |he/she beholds / looks at it (fem.)|Anime style dramatic scene, mysterious boy with heterochromatic eyes gazing intently at glowing magical girl through classroom window, sunset backlighting creating dramatic silhouettes, her hair and ribbon floating with supernatural energy, intense eye detail with light reflections, soft-focus background with lens flares, warm orange and cool purple color contrast, emotional expression capture, detailed school uniform wrinkles, cinematic composition with rule of thirds|θεωρεῖ_αὐτήν_0013
 κύκλῳ |around, in a circle (dat. of κύκλος)|Anime style magical circle ritual scene, intricate glowing runic circle pattern on ground with rotating geometric symbols, young mage girl with long flowing hair suspended in center, multiple magical orbs orbiting around her in perfect circles, dynamic camera angle from above, electric blue and mystical purple energy effects, detailed costume with celestial motifs, particle effects creating depth, dramatic lighting with rim highlights, speed lines suggesting rotation|κύκλῳ_0014
 ὁ διάβολος |the devil / slanderer|Anime style dark fantasy, handsome demon lord with curved black horns and glowing red eyes, perched on obsidian throne in hellish dimension, flowing black cape with crimson lining, malicious smirk revealing sharp fangs, dramatic low-key lighting with red rim light, chains and skulls in background, detailed armor with demonic symbols, dark purple and black color scheme, intense shadows, atmospheric smoke effects, dynamic pose suggesting power|ὁ_διάβολος_0015
 ὁ θυμός |the wrath / anger|Anime style explosive anger personification, warrior girl with wild flowing red hair crackling with electricity, eyes glowing white-hot with rage, surrounded by swirling red and orange energy aura, ground cracking beneath her feet, dramatic upward angle shot, speed lines emphasizing movement, particles and debris flying, intense warm color palette, dynamic pose with clenched fists, detailed clothing damage suggesting power release, cinematic lighting with high contrast|ὁ_θυμός_0016
 ὁ κλέπτης |the thief|Anime style rooftop night scene, agile cat burglar girl in black bodysuit crouched on gargoyle, moonlight casting dramatic shadows across her masked face, grappling hook in hand, city skyline in background, flowing scarf catching wind, glowing yellow eyes behind mask, cool blue night palette with silver moon highlights, dynamic diagonal composition, detailed fabric textures, subtle rim lighting on silhouette, mysterious atmosphere with distant police lights|ὁ_κλέπτης_0017
 ὅσος |how much / great / many; as much as|Anime style infinite library dimension, endless towering bookshelves disappearing into clouds, young scholar girl standing on floating platform surrounded by countless flying books with glowing pages, magical symbols floating in air, golden ratio spiral composition, warm amber lighting from floating orbs, perspective tricks showing infinite depth, rich brown and gold color palette, detailed book spines with Greek letters, particles of knowledge floating like fireflies|ὅσος_0018
 παρακαλεῖ σε |he/she exhorts / comforts / beseeches you|Anime style emotional scene, teary-eyed girl reaching out desperately toward viewer, both hands clasped in pleading gesture, soft morning light filtering through window creating hopeful atmosphere, delicate tears catching light, gentle breeze moving hair and ribbons, warm pastel colors with emphasis on soft pinks and whites, shallow depth of field, detailed fabric folds in school uniform, vulnerable expression, cinematic close-up composition with eye-level angle|παρακαλεῖ_σε_0019
 πείθω σε περὶ αὐτῆς |I persuade / convince you concerning her/it|Anime style: a midnight rooftop garden above Neo-Athens, cherry petals swirling like golden ratio spirals. Center, a violet-eyed girl in fluttering white himation pleads with a brooding boy whose holographic π symbol earrings scatter turquoise light. Low-angle composition: she leans forward, hand on his chest, hair ribbons echoing Fibonacci curves; he half-turns, cloak billowing, eyes reflecting starlit code. Rim-lighting from violet neon kanji on columns carves lavender edges; soft bokeh fireflies drift, each a tiny π. Palette: indigo sky, rose-gold petals, electric cyan accents. Mood: tender urgency, ancient rhetoric in cyber age. Ultra-sharp line art, 8K, subtle film grain, depth-of-field focus on intertwined hands, background tilt-shifted.|πείθω_σε_περὶ_αὐτῆς_0020
 τηρεῖ αὐτήν |he/she keeps / guards / observes it (fem.)|Anime style: a serene shrine maiden in flowing white-and-red hakama stands on a moonlit stone bridge, one hand cupped before her as a glowing, translucent feminine spirit rests in her palm. Cherry-blossom petals drift through cobalt twilight; rim-lighting from a paper lantern casts soft gold halos around her long dark hair. Low-angle composition, 4:5 aspect, delicate ink linework, pastel-violet shadows, gentle bokeh of distant fireflies—mood of quiet vigilance and tender protection.|τηρεῖ_αὐτήν_0021
 τὸ κρῖνον |the lily|Anime style macro close-up: a single white lily arcs across the frame, its petals pearlescent with morning dew that refracts rainbow sparks. Background rendered as dreamy watercolor wash of mint and sky-blue; soft diffused backlighting simulates sunrise, creating an ethereal glow. Thin calligraphic ink outlines, subtle lens flare, pastel palette, shallow depth of field—mood of pure innocence and fleeting beauty.|τὸ_κρῖνον_0022
 τὸ παράπτωμα |the trespass / offence / sin|Anime style dramatic scene: a fractured torii gate looms under a blood-red eclipse, black feathers swirling. A fallen angel kneels in torn shrine robes, chains of dark kanji symbols coiling around wrists; violet lightning forks above. High-contrast chiaroscuro lighting, saturated crimsons against desaturated grays, dynamic low-angle perspective, sharp angular shadows—mood of remorse and ominous weight.|τὸ_παράπτωμα_0023
 φιλεῖ σε|he/she loves / kisses you|Anime style: a cherry-blossom bridge at twilight, soft pink petals swirling like snow. A gentle ikemen with tousled midnight-blue hair leans in, eyes half-lidded, long lashes catching the last rose-gold rays; his school uniform collar flutters, tie loosened. You’re seen from a low, intimate angle—his fingers tilt your chin, lips a breath away, shimmering with warm breath highlights. Background bokeh lanterns glow heart-amber, casting soft rim-light along his jaw and ear, sakura petals backlit into translucent hearts. Color palette: tender magentas, peachy creams, indigo shadows; subtle lens flare and chromatic edge-aberration for vintage film vibe. Mood: tender, time-stopped heartbeat. Composition rule-of-thirds, depth-of-field blur, delicate watercolor texture overlay, 4K cel-shaded clean lines, ultra-thin ink outlines, sparkles rendered as tiny star-crosses.|φιλεῖ_σε_0024
