οὐ γὰρ ὑμεῖς ἐστε οἱ λαλοῦντες ἀλλὰ τὸ πνεῦμα τοῦ πατρὸς ὑμῶν τὸ λαλοῦν ἐν ὑμῖν.|For it is not you who are speaking, but the Spirit of your Father speaking in you.|Photorealistic close-up of a Middle Eastern man in simple robes, eyes lifted heavenward, mouth slightly open as golden-white light emanates from within, illuminating his weathered face against a soft-focus sunset backdrop; shallow depth of field, warm rim-lighting catching dust motes, serene yet awe-struck expression, 85 mm lens, f/1.4, cinematic color grading in amber and indigo, ultra-sharp skin texture, subtle volumetric glow around the lips suggesting divine speech.|οὐ_γὰρ_ὑμεῖς_ἐστε_οἱ_λαλοῦντες_0001
λέγει αὐτοῖς· ὑμεῖς δὲ τίνα με λέγετε εἶναι;|"He says to them, ""But who do you say that I am?"""|Photorealistic twilight scene on a Galilean hillside: Jesus, wind-tossed hair and linen garments, stands centered, locking eyes with the viewer; low-key lighting with a single kerosene lamp camera-left carving golden catch-lights, twilight sky bleeding from lavender to deep cobalt, disciples blurred in background bokeh, 50 mm lens, f/2, high-dynamic-range capture, intimate questioning mood, filmic grain, hyper-real skin pores and fabric weave.|λέγει_αὐτοῖς_ὑμεῖς_δὲ_τίνα_με__0002
Τότε ὁ Ἰησοῦς ἐλάλησεν τοῖς ὄχλοις καὶ τοῖς μαθηταῖς αὐτοῦ|Then Jesus spoke to the crowds and to his disciples.|Photorealistic aerial perspective over a dusty Palestinian plain at golden hour, Jesus on a natural limestone outcrop, crowds radiating below in organic semicircles; backlit sun flares through date-palm fronds, long shadows stretch toward camera, 24 mm tilt-shift lens, f/5.6 for crowd sharpness, warm earth tones, atmospheric haze, 8 K clarity on every face, dynamic gesture frozen mid-sentence, cinematic drone-capture feel.|Τότε_ὁ_Ἰησοῦς_ἐλάλησεν_τοῖς_ὄχ_0003
ὁ δὲ ἀποκριθεὶς εἶπεν· ἀμὴν λέγω ὑμῖν, οὐκ οἶδα ὑμᾶς.|"But answering, he said, ""Truly I say to you, I do not know you."""|Photorealistic night-time doorway shot: a cloaked figure half-stepped outside, iron-bracketed oil lamp casting hard chiaroscuro across stern face, five virgins in soft-focus background with lowered lamps, cool blue moonlight contrasting warm flame, 35 mm lens, f/1.8, high contrast monochrome with selective desaturation, tense rejection mood, razor-sharp eyelashes, subtle breath vapor in chill air.|ὁ_δὲ_ἀποκριθεὶς_εἶπεν_ἀμὴν_λέγ_0004
καὶ Ἀνδρέαν καὶ Φίλιππον καὶ Βαρθολομαῖον καὶ Μαθθαῖον καὶ Θωμᾶν καὶ Ἰάκωβον τὸν τοῦ Ἁλφαίου καὶ Θαδδαῖον καὶ Σίμωνα τὸν Καναναῖον|...and Andrew, and Philip, and Bartholomew, and Matthew, and Thomas, and James the son of Alphaeus, and Thaddaeus, and Simon the Cananaean.|Photorealistic group portrait at dawn on rocky shore, Sea of Galilee glassy behind; nine bearded men in layered tunics arranged in informal staggered depth, sidelong glances and subtle hand gestures, first light kissing faces from camera-right, 70-200 mm at 135 mm, f/2.8, rich ochre and teal palette, 16-bit color depth, every beard hair and fabric thread resolved, contemplative brotherhood vibe, cinematic lens flare off water.|καὶ_Ἀνδρέαν_καὶ_Φίλιππον_καὶ_Β_0005
ὁ δὲ εἶπεν αὐτοῖς· τί θέλετέ [με] ποιήσω ὑμῖν;|"And he said to them, ""What do you want [me] to do for you?"""|Photorealistic interior of rough-hewn Capernaum house, morning window light shafting onto packed-earth floor; Jesus kneels eye-level with two blind men, hands open, dust particles suspended in backlight, 50 mm lens, f/1.6, shallow depth isolates hopeful faces, warm sepia tones mixed with cool window blues, ultra-detailed iris textures, intimate expectancy, cinematic handheld motion blur on edges.|ὁ_δὲ_εἶπεν_αὐτοῖς_τί_θέλετέ_με_0006
καὶ ἀποκριθεὶς ὁ Ἰησοῦς λέγει αὐτοῖς· ἔχετε πίστιν θεοῦ.|"And answering, Jesus says to them, ""Have faith in God."""|Photorealistic mountaintop at sunrise, Jesus stands on windswept ridge, robe billowing, right hand gesturing toward vast Jordan Valley below; golden sun breaches horizon creating rim-light halo, 14 mm wide-angle, f/8 for infinite depth, saturated warm-cool gradient sky, 12 K panorama, crisp rock texture and fabric threads, majestic reassurance mood, subtle lens vignette.|καὶ_ἀποκριθεὶς_ὁ_Ἰησοῦς_λέγει__0007
τοῦ Μαθθὰτ τοῦ Λευὶ τοῦ Μελχὶ τοῦ Ἰανναὶ τοῦ Ἰωσὴφ|[The son] of Matthat, of Levi, of Melchi, of Jannai, of Joseph,|Photorealistic depiction of five generations of ancient Hebrew patriarchs arranged in ascending diagonal composition. Each man portrayed with distinct period-appropriate clothing, weathered faces with detailed skin textures, and authentic Middle Eastern features. Warm natural lighting reminiscent of golden hour filters through stone archways. Deep shadows create depth while highlighting facial details and intricate garment weaves. Earth tone palette with rich browns, deep blues, and subtle gold accents. Dust particles float in shafts of light. Stone wall background with Hebrew genealogical text carved faintly into the surface. 85mm lens effect with shallow depth of field focusing on the central figures. High-resolution capture with visible skin pores, fabric textures, and individual hair strands. Moody atmospheric lighting creates a sense of historical reverence and spiritual significance. Photorealistic rendering with accurate light physics, natural color grading, and cinematic composition.|τοῦ_Μαθθὰτ_τοῦ_Λευὶ_τοῦ_Μελχὶ__0008
τοῦ Ματταθίου τοῦ Ἀμὼς τοῦ Ναοὺμ τοῦ Ἑσλὶ τοῦ Ναγγαὶ|of Mattathias, of Amos, of Nahum, of Esli, of Naggai,|Photorealistic depiction of an ancestral tapestry in a solemn stone chamber, featuring five weathered, ancient portraits of Mattathias, Amos, Nahum, Esli, and Naggai arranged vertically along a sun-bleached fresco. Each figure rendered with authentic Middle Eastern features, aged parchment skin, deep-set eyes with realistic catchlights, and coarse woolen garments with intricate weaving details. Golden hour sunlight streams through narrow stone windows, casting long shadows and highlighting dust particles in the air. The portraits exhibit varying degrees of deterioration, with cracked paint edges, faded pigments, and subtle moisture stains on the limestone wall below. The chamber features ancient Hebrew inscriptions chiseled into stone archways, oil lamps flickering with warm amber light, and stone benches covered with hand-stitched fabrics. Ultra-detailed 8K resolution capturing every texture: the rough-hewn stone surface, individual threads in ancient fabrics, dust motes dancing in light beams, and the authentic aging of the portraits. Cinematic lighting with strong contrast between illuminated faces and shadowed corners, creating depth and reverence for this sacred genealogy. Professional photography style with shallow depth of field focusing on the central portraits while the ancient surroundings gently blur into atmospheric shadow.|τοῦ_Ματταθίου_τοῦ_Ἀμὼς_τοῦ_Ναο_0009
τοῦ Μάαθ τοῦ Ματταθίου τοῦ Σεμεῒν τοῦ Ἰωσὴχ τοῦ Ἰωδὰ|of Maath, of Mattathias, of Semein, of Josech, of Joda,|Photorealistic portrait composition of ancient genealogical lineage, depicting five generations of ancestors in a dusty, sunlit chamber. Maath as an elderly sage with weathered features, surrounded by Mattathias, Semein, Josech, and Joda, each subtly aged progression in the background. Warm golden light streams through stone window openings, catching dust motes in the air. The figures wear simple linen robes in earth tones - ochre, terracotta, and soft gold. Stone tablets and ancient Hebrew scrolls rest on wooden surfaces nearby. Cinematic lighting with strong side illumination creates depth and shadows, emphasizing facial textures and aged skin. Sepia-toned walls with climbing plants visible through arched openings. Composition employs shallow depth of field, focusing on the central figure with soft background blur. High resolution, hyper-detailed textures showing weathered skin, coarse fabric weaves, and aged parchment. Photographic characteristics include natural film grain, subtle chromatic aberration, and authentic color grading with warm, saturated tones. Moody, contemplative atmosphere with golden hour lighting filtering through stone architecture. Rendered in photorealistic style with sharp focus, accurate skin textures, and realistic material properties. 8K resolution with professional portrait photography techniques, subtle lens distortion, and natural light behavior.|τοῦ_Μάαθ_τοῦ_Ματταθίου_τοῦ_Σεμ_0010
τοῦ Ἰωανὰν τοῦ Ῥησὰ τοῦ Ζοροβαβὲλ τοῦ Σαλαθιὴλ τοῦ Νηρὶ|of Joanan, of Rhesa, of Zerubbabel, of Shealtiel, of Neri,|"Photorealistic portrait of a dignified, middle‑aged man representing Joanan, son of Rhesa, grandson of Zerubbabel, great‑grandson of Shealtiel, and great‑great‑grandson of Neri, standing before an ancient stone wall in Jerusalem’s Old City. He wears a finely woven, earth‑tone linen tunic with subtle gold embroidery at the cuffs, a dark leather belt, and a simple, weathered leather sandal. His hair is dark, shoulder‑length, and slightly wavy, with a modest, well‑trimmed beard. In his right hand he holds an unfurled, semi‑transparent parchment scroll written in classical Greek lettering: “τοῦ Ἰωανὰν τοῦ Ῥησὰ τοῦ Ζοροβαβὲλ τοῦ Σαλαθιὴλ τοῦ Νηρὶ.” The scroll’s edges are frayed, ink slightly faded, adding authenticity.

The composition centers the figure, using a shallow depth of field to blur the background stone arches and distant olive trees, while a soft, warm golden hour light streams from the left, casting gentle highlights on his face and illuminating the parchment. Warm amber and muted ochre tones dominate the palette, contrasted by cool slate gray stone and deep green foliage. Subtle rim lighting outlines the man’s silhouette, emphasizing his profile and the texture of his garments. Shot with a full‑frame 85mm lens at f/1.8, high resolution, ultra‑realistic skin texture, accurate subsurface scattering, and HDR dynamic range for rich shadows and luminous highlights."|τοῦ_Ἰωανὰν_τοῦ_Ῥησὰ_τοῦ_Ζοροβα_0011
τοῦ Μελχὶ τοῦ Ἀδδὶ τοῦ Κωσὰμ τοῦ Ἐλμαδὰμ τοῦ Ἢρ|of Melchi, of Addi, of Cosam, of Elmadam, of Er,|Photorealistic macro of five concentric bronze rings on dark velvet, each band etched with tiny Greek names catching a single focused spotlight. Rings glow amber against obsidian fabric; specular highlights trace every scratch and oxidized edge. Moody chiaroscuro, 100 mm macro, f/4, ISO 100, 32-bit color depth. Colors shift from warm copper to cool gunmetal, conveying ancient lineage and quiet dignity.|τοῦ_Μελχὶ_τοῦ_Ἀδδὶ_τοῦ_Κωσὰμ_τ_0012
τοῦ Ἰησοῦ τοῦ Ἐλιέζερ τοῦ Ἰωρὶμ τοῦ Μαθθὰτ τοῦ Λευὶ|of Joshua, of Eliezer, of Jorim, of Matthat, of Levi,|Photorealistic dusk scene: five generations of Galilean men standing on limestone terrace overlooking Sea of Galilee. Backlit by low sun, silhouettes rimmed with fiery orange, faces gently filled by bounce light off white stone. Wind lifts linen robes; embroidered tribal patterns visible in 8K clarity. 35 mm lens, f/5.6, panoramic crop. Palette of indigo sky, dusty ochre hills, muted turquoise water—solemn, enduring mood.|τοῦ_Ἰησοῦ_τοῦ_Ἐλιέζερ_τοῦ_Ἰωρὶ_0013
τοῦ Συμεὼν τοῦ Ἰούδα τοῦ Ἰωσὴφ τοῦ Ἰωνὰμ τοῦ Ἐλιακὶμ|of Simeon, of Judah, of Joseph, of Jonam, of Eliakim,|Photorealistic portrait of five distinguished Middle‑Eastern men representing Simeon, Judah, Joseph, Jonam, and Eliakim, arranged in a dignified semi‑linear composition that fades gently into a softly lit, ancient stone courtyard. The oldest figure (Eliakim) stands at the left, his silver‑gray beard flowing, wearing a richly embroidered, earth‑toned tunic with subtle gold thread; behind him a weathered stone column hints at an ancient temple. Next to him, Jonam, mid‑forties, has dark, wavy hair, a trimmed beard, and a deep indigo robe with a faint cedar pattern, his hand resting on a bronze scroll. In the center, Joseph, youthful yet regal, gazes forward; he wears a crisp, white linen shirt beneath a crimson mantle edged in turquoise, a thin circlet of olive leaves rests on his brow. Judah, slightly older, stands to Joseph’s right, his strong shoulders clad in a dark brown leather jerkin over a tan woolen shirt, a scar runs across his cheek, and a small, polished bronze hammer hangs at his belt. Finally, Simeon, the youngest, appears with shoulder‑length dark curls, a soft smile, and a light beige tunic with subtle geometric embroidery; a delicate lilac iris flower is tucked behind his ear. The scene is bathed in warm golden‑hour light from the right, casting gentle shadows and highlighting textures of fabric, skin, and stone. Background elements include faint, sun‑kissed vines and a distant mountain silhouette, adding depth without distracting. The mood is reverent and contemplative, emphasizing lineage, wisdom, and enduring heritage. Ultra‑high resolution, shallow depth of field, crisp focus on faces, natural color grading, subtle vignette.|τοῦ_Συμεὼν_τοῦ_Ἰούδα_τοῦ_Ἰωσὴφ_0014
τοῦ Μελεὰ τοῦ Μεννὰ τοῦ Ματταθὰ τοῦ Ναθὰμ τοῦ Δαυὶδ|of Melea, of Menna, of Mattatha, of Nathan, of David,|Photorealistic golden-hour tableau: five shepherd silhouettes on ridge outside Bethlehem, youngest holding Davidic harp. Sun hangs low, backlighting wool robes, long shadows stretch across terraced olive groves. 70-200 mm at 135 mm, f/3.2, high-dynamic-range capture. Colors: molten gold sky, sage hills, umber earth—epic yet intimate, evoking royal lineage rooted in pastoral life.|τοῦ_Μελεὰ_τοῦ_Μεννὰ_τοῦ_Ματταθ_0015
τοῦ Ἰεσσαὶ τοῦ Ἰωβὴδ τοῦ Βόος τοῦ Σαλὰ τοῦ Ναασσὼν|of Jesse, of Obed, of Boaz, of Sala, of Nahshon,|Photorealistic narrow-depth shot of five ancient wheat sheaves bound with scarlet cord, standing in old threshing floor. Late-afternoon sun streams through open barn door, shafts of light ignite golden grains, background fades to soft brown blur. 50 mm, f/1.8, ISO 64. Rich ambers, crimson accents, warm nostalgic mood, symbolizing harvest of ancestry.|τοῦ_Ἰεσσαὶ_τοῦ_Ἰωβὴδ_τοῦ_Βόος__0016
τοῦ Ἀμιναδὰβ τοῦ Ἀδμὶν τοῦ Ἀρνὶ τοῦ Ἑσρὼμ τοῦ Φάρες τοῦ Ἰούδα|of Amminadab, of Admin, of Arni, of Hezron, of Perez, of Judah,|Photorealistic museum display: six translucent layers of papyrus suspended in air, each painted with tribal lion of Judah motif, progressively larger. Spotlight from above creates sharp shadows on marble floor; subtle fiber texture visible in 100 MP capture. Monochrome parchment against deep Prussian-blue backdrop conveys regal austerity. 24-70 mm at 50 mm, f/8, focus stacked for infinite clarity.|τοῦ_Ἀμιναδὰβ_τοῦ_Ἀδμὶν_τοῦ_Ἀρν_0017
τοῦ Ἰακὼβ τοῦ Ἰσαὰκ τοῦ Ἀβραὰμ τοῦ Θάρα τοῦ Ναχὼρ|of Jacob, of Isaac, of Abraham, of Terah, of Nahor,|Photorealistic star-lit desert encampment: five generations around crackling fire, faces illuminated by flickering orange tongues, Milky Way overhead. 24 mm, f/1.4, 15 s exposure, ISO 3200 retain natural night color. Indigo sky, ember reds, sand reflecting subtle teal starlight—intimate, eternal mood, evoking patriarchal journeys under open heavens.|τοῦ_Ἰακὼβ_τοῦ_Ἰσαὰκ_τοῦ_Ἀβραὰμ_0018
τοῦ Σεροὺχ τοῦ Ῥαγαὺ τοῦ Φάλεκ τοῦ Ἔβερ τοῦ Σαλὰ|of Serug, of Reu, of Peleg, of Eber, of Shelah,|Photorealistic aerial dawn over divided prehistoric valley: thin sliver of mist-filled rift catches first pink sunlight, symbolic of earth’s division in Peleg’s day. Shot from drone at 120 m, 28 mm equiv., f/5.6. Palette: rose quartz sky, jade vegetation, basalt browns. Hyper-real 12K clarity, gentle S-curve composition leading eye along ancestral timeline.|τοῦ_Σεροὺχ_τοῦ_Ῥαγαὺ_τοῦ_Φάλεκ_0019
τοῦ Καϊνὰμ τοῦ Ἀρφαξὰδ τοῦ Σὴμ τοῦ Νῶε τοῦ Λάμεχ|of Cainan, of Arphaxad, of Shem, of Noah, of Lamech,|Photorealistic portrait of five ancient Semitic patriarchs—Cainan, Arphaxad, Shem, Noah, and Lamech—standing together in a windswept desert oasis at golden hour. Arrange the figures in a subtle diagonal line from left (elder Noah, stoic, white beard, scrolls of stone) toward right (youngest Cainan, thoughtful, hand on a bronze astrolabe). Behind them, a crystal‑clear oasis pools reflect the warm amber sky, framed by rugged sandstone cliffs covered in sparse, golden‑green scrub. Soft, rim lighting outlines each face, highlighting weathered skin and intricate, hand‑woven linen robes dyed in earthy ochres, muted indigos, and deep russet. Noah holds a wooden staff; Shem grips a smooth, polished stone tablet; Arphaxad carries a simple leather satchel; Lamech bears a curved spear; Cainan peers at a rolled parchment. The composition uses a shallow depth of field (85mm lens, f/1.8) to keep the men's expressions razor‑sharp while the distant cliffs gently blur, emphasizing intimacy. Warm, diffused sunlight streams from the left, casting long, dramatic shadows across the sand, while a faint, ethereal glow backlights the oasis water, adding a sense of timeless reverence. Color palette: rich amber, burnt sienna, deep teal, and soft ivory. Mood is solemn yet hopeful, evoking the continuity of lineage. Capture in ultra‑high resolution (8K), HDR, with subtle film grain for a tactile, historic feel. Include soft vignetting at the edges to draw focus to the central figures.|τοῦ_Καϊνὰμ_τοῦ_Ἀρφαξὰδ_τοῦ_Σὴμ_0020
τοῦ Μαθουσαλὰ τοῦ Ἑνὼχ τοῦ Ἰάρετ τοῦ Μαλελεὴλ τοῦ Καϊνὰμ|of Methuselah, of Enoch, of Jared, of Mahalaleel, of Cainan,|"Photorealistic portrait of five ancient biblical ancestors—Methuselah, Enoch, Jared, Mahalaleel, and Cainan—standing side‑by‑side on a windswept hill at the moment of sunrise. The composition places the tallest figure, Methuselah, centered, with the younger ancestors decreasing subtly in height outward to the left (Enoch) and right (Cainan), creating a gentle arc that draws the eye toward the glowing horizon. Each man wears traditionally inspired Near‑Eastern garments: coarse linen tunics in muted earth tones, leather sandals, and simple leather belts, with faint gold thread accents that catch the first light. Their faces show deep, weathered lines, white‑gray hair, and contemplative expressions, evoking wisdom and timelessness.

Lighting: soft, warm sunrise illumination from behind, casting a golden rim around each silhouette and creating delicate, elongated shadows on the rocky ground; a subtle fill light from a low‑angle, diffused sun flare adds a gentle glow to the faces and highlights the texture of the fabric. Mood: reverent, serene, and contemplative, with a sense of ancient continuity. Colors: rich amber, burnt sienna, soft ochre, and cool slate blues in the distant sky, balanced by the warm skin tones of the figures.

Technical aspects: shot with an 85mm prime lens at f/1.4 for shallow depth of field, ISO 100, 8K resolution, film‑like grain for authenticity, subtle HDR to preserve detail in highlights and shadows, and a slight vignette to focus attention on the central group. The overall feel is that of a timeless, high‑detail photograph capturing the majesty of early patriarchs in a mythic yet believable landscape."|τοῦ_Μαθουσαλὰ_τοῦ_Ἑνὼχ_τοῦ_Ἰάρ_0021
τοῦ Ἐνὼς τοῦ Σὴθ τοῦ Ἀδὰμ τοῦ θεοῦ.|of Enos, of Seth, of Adam, of God.|Photorealistic ultra‑detailed portrait series of three biblical patriarchs standing on a weathered stone platform in a mist‑filled valley at sunrise, illuminated by divine light. In the foreground, Adam is a robust, bearded man with dark hair, wearing a simple leather tunic, barefoot on ancient earth, his gaze fixed on the horizon. Slightly behind him, Seth appears younger yet dignified, medium‑length hair, thoughtful expression, clad in a modest linen robe, holding an olive‑wood staff. Further back, Enos is gentle, with soft‑graying hair, draped in a pale, flowing robe, looking upward. Above them, a celestial presence representing God manifests as a radiant, luminous white light descending through a halo of warm golden rays, casting an ethereal glow over the three figures. Soft volumetric lighting creates subtle rim light around each subject, emphasizing skin texture, fabric weave, and stone grain. The background shows rolling hills, distant ancient oak trees, and a sky tinged with pastel oranges and purples. Mood is reverent, timeless, and serene, emphasizing divine continuity. Composition follows the rule of thirds, with shallow depth of field blurring the distant landscape, focus sharp on faces. Render at 8K resolution, cinematic lighting, high dynamic range, subtle lens flare, and faint film grain for photorealistic depth.|τοῦ_Ἐνὼς_τοῦ_Σὴθ_τοῦ_Ἀδὰμ_τοῦ__0022
εἶπεν δὲ αὐτοῖς· ὑμεῖς δὲ τίνα με λέγετε εἶναι; Πέτρος δὲ ἀποκριθεὶς εἶπεν· τὸν χριστὸν τοῦ θεοῦ.|"And he said to them, ""But who do you say that I am?"" And Peter answering said, ""The Christ of God."""|Photorealistic dusk scene on a Galilean hillside: dusty olive trees silhouetted against a fading magenta-to-indigo sky, a small campfire casting dancing orange light on weather-worn faces. Center, a robed Jesus softly back-lit by the last sun-glow, locking eyes with bearded Peter in foreground; sparks trace golden arcs. Palette: muted desert neutrals, ember oranges, twilight violets. Shot handheld 50 mm, f/1.6, high-ISO grain for authenticity, 8 K resolution, cinematic bokeh isolates the moment of revelation.|εἶπεν_δὲ_αὐτοῖς_ὑμεῖς_δὲ_τίνα__0023
καὶ καθὼς ἐγένετο ἐν ταῖς ἡμέραις Νῶε, οὕτως ἔσται καὶ ἐν ταῖς ἡμέραις τοῦ υἱοῦ τοῦ ἀνθρώπου·|And just as it happened in the days of Noah, so it will be also in the days of the Son of Man.|Photorealistic wide shot above a vast Middle-Eastern valley suddenly engulfed by an approaching supercell storm: sun-bleached houses and vineyards in foreground, slate-black rain curtains sweeping in from the horizon. Foreboding cyan-gray clouds edged with sulfur-yellow light; distant lightning illuminates an unfinished ark on a ridge. Palette: arid browns, slate blues, electric white highlights. 24 mm lens, f/8 for deep focus, 1/250 s freezes raindrops, 8 K clarity, subtle vignette for dramatic urgency.|καὶ_καθὼς_ἐγένετο_ἐν_ταῖς_ἡμέρ_0024
λέγοντες· εἰ σὺ εἶ ὁ χριστός, εἰπὸν ἡμῖν. εἶπεν δὲ αὐτοῖς· ἐὰν ὑμῖν εἴπω, οὐ μὴ πιστεύσητε·|"saying, ""If you are the Christ, tell us."" But he said to them, ""If I tell you, you will never believe."""|Photorealistic interior of a dim Jerusalem chamber: morning light slants through latticed shutters, painting striped shadows across limestone walls and skeptical officials in rough wool. Jesus stands centered, subtly back-lit, eyes calm yet resolute; dust motes glitter in the beam between accuser and accused. Palette: cool stone grays, muted earth tones, piercing amber highlights. 35 mm, f/2, shallow depth, high-dynamic-range 8 K capture, fine film grain for historical grit.|λέγοντες_εἰ_σὺ_εἶ_ὁ_χριστός_εἰ_0025
ἐν τῷ κόσμῳ ἦν, καὶ ὁ κόσμος διʼ αὐτοῦ ἐγένετο, καὶ ὁ κόσμος αὐτὸν οὐκ ἔγνω.|He was in the world, and the world was made through him, and the world did not know him.|Photorealistic night street in old Jerusalem: a solitary figure in simple linen walks through pools of amber lamplight while bustling crowds blur past in long-exposure streaks, oblivious. Cobblestones glisten after rain, reflecting cool sapphire sky; distant temple lanterns glow like orphaned stars. Palette: deep indigos, wet-stone blacks, warm ochre accents. 24 mm, f/1.4, 1/8 s for motion blur, ISO 400, 8 K clarity, gentle vignette centers the unrecognized presence.|ἐν_τῷ_κόσμῳ_ἦν_καὶ_ὁ_κόσμος_δι_0026
ἦν δὲ ὁ Φίλιππος ἀπὸ Βηθσαϊδά, ἐκ τῆς πόλεως Ἀνδρέου καὶ Πέτρου.|Now Philip was from Bethsaida, from the city of Andrew and Peter.|Photorealistic dawn drone view above Bethsaida’s ruins beside the Sea of Galilee: golden sun crests the Golan Heights, igniting frost on wild grass between toppled basalt walls; fishing boats glide on glassy water, nets glistening. Palette: sage greens, volcanic grays, rose-gold sunrise, ultramarine lake. 20 mm aerial lens, f/5.6, polarizer deepens sky, 8 K resolution, subtle haze for atmospheric depth.|ἦν_δὲ_ὁ_Φίλιππος_ἀπὸ_Βηθσαϊδά__0027
αὐτὸς δὲ Ἰησοῦς οὐκ ἐπίστευεν αὐτὸν αὐτοῖς διὰ τὸ αὐτὸν γινώσκειν πάντας|But Jesus himself was not entrusting himself to them because he knew everyone.|Photorealistic midday temple courtyard: sun-scorched limestone, swirling dust, crowds pressing forward. Jesus stands slightly apart, sharp focus on his discerning gaze; foreground faces fade into soft bokeh, illustrating hidden motives. Palette: bleached whites, desert tans, subtle teal shadows under cloaks. 85 mm portrait lens, f/1.4, 1/2000 s freezes dust, 8 K detail, high micro-contrast for piercing insight.|αὐτὸς_δὲ_Ἰησοῦς_οὐκ_ἐπίστευεν__0028
λέγει αὐτῇ ὁ Ἰησοῦς· ἐγώ εἰμι, ὁ λαλῶν σοι.|"Jesus says to her, ""I am [he], the one speaking to you."""|Photorealistic portrait of a young woman in simple ancient Judean garments seated near a stone well at dusk, Jesus in flowing white and muted earth‑tone robes standing slightly turned toward her, his hand gently raised as he speaks. Capture from a slight low angle to emphasize intimacy; soft rim lighting from an off‑center lantern creates a warm golden halo around Jesus, while cool blue‑silver moonlight filters through distant olive trees, illuminating the woman’s face. The background shows faint silhouettes of stone walls and a distant hill, muted in desaturated teal and amber. Composition follows the rule of thirds: Jesus occupies the upper left third, the woman the lower right, and a scroll of Greek text “λέγει αὐτῇ ὁ Ἰησοῦς· ἐγώ εἰμι, ὁ λαλῶν σοι..” floats faintly in the air, rendered in translucent gold script. Mood is serene and reverent, with a subtle sense of divine presence. Render in Ultra‑HD 8K, shallow depth of field (f/1.8), cinematic volumetric lighting, high dynamic range, realistic skin textures, subsurface scattering, and natural color grading with warm amber highlights and cool shadow tones. Shot on a full‑frame digital cinema camera, 50mm prime lens, post‑processed for photorealistic detail.|λέγει_αὐτῇ_ὁ_Ἰησοῦς_ἐγώ_εἰμι_ὁ_0029
ἐξῆλθον ἐκ τῆς πόλεως καὶ ἤρχοντο πρὸς αὐτόν.|They went out from the city and were coming to him.|Photorealistic golden-hour dirt road outside Sychar: a loose procession of villagers back-lit, elongated shadows stretching toward camera; distant figure of Jesus waits beneath an solitary olive tree, haloed by low sun. Dust kicked up by sandals glows like suspended bronze. Palette: warm siennas, amber light, cool violet hills beyond. 35 mm, f/4, 1/320 s freezes motion, 8 K resolution, gentle bokeh on foreground feet to draw eye to approaching encounter.|ἐξῆλθον_ἐκ_τῆς_πόλεως_καὶ_ἤρχο_0030
καὶ πολλῷ πλείους ἐπίστευσαν διὰ τὸν λόγον αὐτοῦ,|And many more believed because of his word.|Photorealistic, cinematic wide-angle shot at golden hour on a dusty Palestinian hillside above ancient Sychar: a loose semicircle of thirty-five everyday Galileans—sun-creased farmers, olive-skinned mothers with sleeping infants, Roman-occupied soldiers in battered leather, all seated on limestone outcrops and wild thyme—lean forward, eyes wide, caught mid-breath as unseen words ripple through them; foreground a weather-worn, sandaled storyteller just out of frame, his extended arm casting a long shadow that touches the crowd, implying presence without revealing identity. Warm 4 p.m. light shafts through translucent dust motes, rim-lighting hair and linen robes with honey-gold halos, while a shallow-depth 50 mm lens at f/1.8 isolates crisp faces against a soft, shimmering Sea of Galilee backdrop; color palette of earthy umbers, muted indigos, and sun-bleached whites, subtle lens flare adding transcendent ambience. Shot on virtual full-frame sensor, 8 K clarity, ultra-sharp skin pores, cloth weave, and stray beard hairs; low-contrast, high-dynamic-range grading preserves shadow detail, conveying quiet awe and burgeoning belief.|καὶ_πολλῷ_πλείους_ἐπίστευσαν_δ_0031
Δόξαν παρὰ ἀνθρώπων οὐ λαμβάνω,|I do not receive glory from men.|A lone, barefoot figure in a rough-spun linen robe stands waist-deep in a calm, mirror-smooth lake at twilight, back turned to a distant, golden-lit city on the shore; he faces open water where the last ember of sun bleeds into violet dusk. Low, cool key-light from the horizon grazes his weathered skin, revealing every pore and crease, while a subtle rim-light outlines droplets clinging to tangled hair, emphasizing photoreal micro-detail. Behind him, the city’s glowing windows and triumphant marble arch form a bokeh constellation of warm tungsten and sodium vapor halos, symbolizing human applause he refuses to face. Foreground ripples catch ultrasharp reflections of the sky’s deepening indigo and rose, each ripple rendered with 8-K clarity, 50 mm f/1.4 lens realism, shallow depth of field isolating the subject. Color palette: desaturated earth tones against saturated sunset magentas and cyans, conveying quiet defiance. Mood: solemn, introspective, almost monastic; the man’s lowered gaze and slightly raised hand rejecting the distant praise. Technical: full-frame sensor simulation, high dynamic range preserving highlight roll-off in lanterns and shadow detail in robe folds, chromatic aberration minimized, hyper-real skin pores and wet fabric translucency, no visible grain, shot at golden-blue hour transition for natural gradient lighting.|Δόξαν_παρὰ_ἀνθρώπων_οὐ_λαμβάνω_0032
εἰ γὰρ ἐπιστεύετε Μωϋσεῖ, ἐπιστεύετε ἂν ἐμοί· περὶ γὰρ ἐμοῦ ἐκεῖνος ἔγραψεν.|For if you believed Moses, you would believe me; for that one wrote about me.|A weathered, olive-skinned rabbi in rough linen robes stands at the center of a narrow, torch-lit stone corridor beneath Jerusalem’s Temple Mount, scroll of Torah unrolled in his calloused hands, fingertips resting on the faded line “The LORD your God will raise up for you a prophet like me…” Warm golden firelight from iron wall-sconces carves deep chiaroscuro across his furrowed brow and dusty beard, while a cooler, bluish moonbeam slips through a cracked ceiling stone, spotlighting the Hebrew letters so they seem to glow. Behind him, out-of-focus shadows suggest ancient scriptorium shelves—papyrus edges, inkwells, broken clay lamps—rendered in hyper-real 8K detail, 50 mm lens, f/1.4, ISO 200, subtle film-grain for authenticity. Color palette: earthen ochres, muted indigos, ember oranges, creating a solemn, reverent mood. Composition: low, slightly off-center angle, rule of thirds placing the prophet’s eyes where torchlight meets moonlight, inviting viewers to feel the weight of unfulfilled belief. Cinematic depth-of-field, photoreal skin pores, individual parchment fibers, and drifting dust motes caught in the light enhance tactile reality.|εἰ_γὰρ_ἐπιστεύετε_Μωϋσεῖ_ἐπιστ_0033
λέγει αὐτῷ εἷς ἐκ τῶν μαθητῶν αὐτοῦ, Ἀνδρέας ὁ ἀδελφὸς Σίμωνος Πέτρου·|One of his disciples, Andrew the brother of Simon Peter, says to him:|Photorealistic close-up at golden hour on a dusty Galilean shore: a wind-weathered Andrew, sun-bronzed skin, coarse linen tunic damp with lake spray, leans slightly toward a figure just out of frame, eyes alive with urgency and hope. His left hand cups five small barley loaves, his right grips two glistening tilapia; crumbs and water droplets catch the low sun, each grain and scale rendered in 8-K macro detail. Backlit rim-light halos his tangled dark hair, while warm amber rays skip across rippling water, igniting flecks of dust in the air. Behind him, shallow depth of field reveals a blurred crowd seated on grass, soft bokeh of muted olives and browns. Palette: burnt umber, ocher, olive green, and the shimmering silver of fish scales. Subtle lens flare, 35 mm lens, f/1.4, cinematic, ultra-sharp clarity, natural skin pores, fibers in fabric, and the moist sheen of fresh fish—capturing the exact moment Andrew speaks, “Here is a boy with five barley loaves and two fish.”|λέγει_αὐτῷ_εἷς_ἐκ_τῶν_μαθητῶν__0034
Ἀλλʼ εἶπον ὑμῖν ὅτι καὶ ἑωράκατέ [με] καὶ οὐ πιστεύετε.|But I said to you that you have both seen [me] and do not believe.|A lone barefoot figure in a rough-woven robe stands ankle-deep in the shallows of the Sea of Galilee at the first blue hour of dawn, back to camera, face half-turned so that one amber eye catches the viewer—an eye whose iris faintly glows like smelted gold. Behind him, seven disciples huddle in a weather-beaten fishing boat, nets still dripping, their faces lit by a single oil-lamp; its flame creates a warm rim-light that halos tousled hair and bearded cheeks while cool indigo shadows creep across the water. The horizon is split: left side bruised storm-purple, right side already kissed by a rose-gold sunbeam that pierces a rift in low stratocumulus clouds, symbolizing revelation and unbelief in one frame. Foam-flecked waves reflect the contradictory light, scattering glittering highlights that mirror the doubting faces. Shot on a virtual 50 mm f/1.4 lens at eye level, aperture wide open for creamy bokeh that isolates the central figure; shutter 1/250 to freeze droplets in mid-air, ISO 100 for noiseless clarity. Color grade balances warm 4500 K lamplight against cool 7500 K dawn for cinematic tension; micro-contrast and 16-bit depth preserve every linen fiber and water bead. Subtle volumetric god-rays enter from upper right, converging on the glowing eye, while the rest of the scene remains in earthy, desaturated tones—photorealistic, hyper-detailed, 8 K resolution, no artifacts.|Ἀλλʼ_εἶπον_ὑμῖν_ὅτι_καὶ_ἑωράκα_0035
οὐχ ὅτι τὸν πατέρα ἑώρακέν τις εἰ μὴ ὁ ὢν παρὰ τοῦ θεοῦ, οὗτος ἑώρακεν τὸν πατέρα.|Not that anyone has seen the Father except the one who is from God; this one has seen the Father.|Photorealistic, ultra-sharp 8K render: a lone, barefoot traveler in a rough-woven linen robe stands on the lip of an endless salt-flat at blue-hour twilight. Low, glancing rim-light from a hidden sun behind storm clouds carves every thread and grain, while a single shaft of soft, warm gold breaks through the darkness directly onto the traveler’s upturned face, igniting his irises with micro-spectral catch-lights. Behind him the heavens split: upper sky deep indigo star-punctured, lower sky churning violet-black, creating a natural vignette that frames the figure. Subtle volumetric god-rays descend in a perfect 30° angle, their particles visible like faint embers, terminating at a small, ancient bronze-bladed staff planted in the crust beside him—its tarnished surface catching the same divine light. Foreground salt crystals sparkle like frost, each rendered with macro detail; mid-ground mirage shimmer hints at an invisible presence, distorted heat waves forming fleeting silhouettes of throned light. Color palette: desaturated earth tones against iridescent sapphire and amber highlights; dynamic range pushed to cinematic 14-bit depth, f/1.4 bokeh softly obliterating the horizon line so viewer focus locks on the enlightened gaze. Shot on virtual 50 mm full-frame, ISO 64, shutter 1/125, hyper-real clarity, no lens artifacts, ultra-sharp 32-bit color, --ar 3:2 --v 5 --style photoreal|οὐχ_ὅτι_τὸν_πατέρα_ἑώρακέν_τις_0036
καὶ ἔλεγεν· διὰ τοῦτο εἴρηκα ὑμῖν ὅτι οὐδεὶς δύναται ἐλθεῖν πρός με ἐὰν μὴ ᾖ δεδομένον αὐτῷ ἐκ τοῦ πατρός.|"And he was saying, ""Because of this I have said to you that no one can come to me unless it has been granted to him from the Father."""|Photorealistic golden-hour close-up of a weather-worn, Middle-Eastern man in his thirties—dusty, sun-creased skin, compassionate hazel eyes—seated on a flat limestone outcrop above the Sea of Galilee. He leans slightly forward, right hand open toward the viewer in gentle invitation, left hand resting on a rough-spun indigo robe that drapes over sun-bleached knees. Behind him, the lake glitters like hammered bronze beneath a low, amber sun; distant fishing boats hover in soft haze, their sails catching translucent rim-light. Foreground grasses glow chartreuse, individual seeds back-lit and sparkling; a narrow footpath winds out of frame,暗示ing the journey “granted.” Depth-of-field f/1.4 keeps face and hand tack-sharp while background dissolves into creamy bokeh, emphasizing the intimate call. Color palette: warm ochres, muted teals, and celestial gold highlights; subtle vignette darkens edges, drawing the eye to the figure’s serene yet authoritative gaze. Shot on 50 mm full-frame, ultra-high-resolution, no visible camera artifacts, hyper-real skin pores and fabric weave, cinematic dynamic range, 8 K clarity.|καὶ_ἔλεγεν_διὰ_τοῦτο_εἴρηκα_ὑμ_0037
καὶ ἡμεῖς πεπιστεύκαμεν καὶ ἐγνώκαμεν ὅτι σὺ εἶ ὁ ἅγιος τοῦ θεοῦ.|And we have believed and have known that you are the Holy One of God.|Photorealistic, ultra‑detailed scene bathed in soft golden‑hour light: a luminous, holy figure in flowing white robes with subtle gold embroidery stands on a raised marble dais within an ancient stone cathedral. Sunlight streams through towering stained‑glass windows, casting vibrant ribbons of red, blue, and emerald across the polished floor. A faint radiant halo hovers above the figure’s head, and their expression is serene and compassionate. In the foreground, a diverse group of men, women, and children kneel or bow, heads inclined in reverent prayer; their faces are gently illuminated by the warm light, with subtle tears of devotion glistening. Composition follows a strong vertical axis centered on the holy figure, with the cathedral’s arched columns forming leading lines that draw the eye inward. Mood is solemn yet uplifting, conveying deep belief and recognition of the Holy One. Color palette features warm golds, soft ivories, deep jewel tones from the stained glass, and muted earth tones of the stone. Technical details: 8K resolution, HDR, realistic skin textures, volumetric light shafts, slight lens flare, shallow depth of field with crisp focus on faces, subtle peripheral bokeh on candlelight, cinematic anamorphic 2.35:1 aspect ratio. Emphasize photorealistic lighting, texture of marble, fabric, and human skin.|καὶ_ἡμεῖς_πεπιστεύκαμεν_καὶ_ἐγ_0038
οὐκ ἔγνωσαν ὅτι τὸν πατέρα αὐτοῖς ἔλεγεν.|They did not know that he was speaking to them [about] the Father.|Photorealistic, late-afternoon scene inside a dim first-century Galilean synagogue: sunbeams slit through latticed shutters, drifting dust motes ignited like gold filaments. Center-frame, a thirty-year-old Jewish teacher—olive skin, wind-weathered hands, undyed wool tunic—stands on the raised bimah, lips parted mid-sentence, eyes lifted in sorrowful knowing. His face is half-lit by the angled light: one side glowing amber, the other sliding into cool umber shadow, carving depth and enigma. Around him, a dozen townspeople—weathered fishermen, elderly women in indigo veils, a boy clutching a clay oil-lamp—sit on rough stone benches, brows furrowed, gazes vacant, the puzzlement palpable. Their muted earth-tone garments absorb the light, while subtle rim-lighting halos each silhouette, separating bodies from the dark ashlar walls. Background: ancient Torah scrolls half-visible in a cedar ark, its brass fixtures catching pinpoints of brilliance, symbolizing the unseen Father. Depth-of-field: f/1.4, teacher’s eyes tack-sharp, listeners softly bokeh; cinematic 35 mm sensor, ultra-high resolution, 16-bit color, no film grain, hyper-real textures—from the flax fibers in his sash to the pores on the boy’s cheek. Mood: hushed, reverent tension, a moment of revelation unrecognized. Palette: warm siennas and ochres against cool slate shadows, a single streak of crimson on a woman’s head-scarf echoing hidden divine love. Subtle volumetric god-rays, gentle lens flare, no artificial highlights, maintaining historical authenticity.|οὐκ_ἔγνωσαν_ὅτι_τὸν_πατέρα_αὐτ_0039
Ταῦτα αὐτοῦ λαλοῦντος πολλοὶ ἐπίστευσαν εἰς αὐτόν.|As he was speaking these things, many believed in him.|Photorealistic golden-hour scene on a limestone outcrop above Galilee: a barefoot teacher in natural-dyed linen sits slightly off-center, knees drawn up, hands animated as he speaks; warm 4 pm light skims his weather-beaten face, carving soft micro-shadows into every crease while rim-lighting the edges of his loose hair. Around him, thirty to forty listeners form a loose semicircle—fishermen in patched tunics, merchants in faded indigo, mothers with sun-freckled children—each face lit by the same honeyed sun, eyes locked on the speaker, subtle catchlights revealing dawning belief. Background: distant sapphire lake, haze-softened hills, a few fishing boats catching glints of light; foreground blades of dry grass record razor-thin detail. Color palette: earthy umbers, muted olives, sun-bleached creams, punctuated by indigo and rust garments; skin tones true-to-life with slight subsurface scatter. Shot on virtual 50 mm lens, f/1.8, ISO 100, 8 K clarity; shallow depth keeps teacher tack-sharp while listeners melt into gentle bokeh, enhancing intimacy. Cinematic contrast, no visible artifacts, hyper-real texture on stone fabric and skin, inviting viewer into the historic moment of belief.|Ταῦτα_αὐτοῦ_λαλοῦντος_πολλοὶ_ἐ_0040
ἃ ἐγὼ ἑώρακα παρὰ τῷ πατρὶ λαλῶ· καὶ ὑμεῖς οὖν ἃ ἠκούσατε παρὰ τοῦ πατρὸς ποιεῖτε.|I speak the things which I have seen with the Father; and you therefore do the things which you heard from the father.|Photorealistic close-up of a Middle-Eastern man in simple linen robes, eyes reflecting golden sunrise light, whispering to a diverse crowd gathered under an ancient olive tree. Soft rim-lighting halos his hair, warm amber tones contrast with cool shadowed faces, shallow depth of field isolates his intense gaze, 85 mm lens, cinematic contrast, hyper-detailed skin texture, dust motes suspended in backlit air, serene yet authoritative mood.|ἃ_ἐγὼ_ἑώρακα_παρὰ_τῷ_πατρὶ_λαλ_0041
εἰ μὴ ἦν οὗτος παρὰ θεοῦ, οὐκ ἠδύνατο ποιεῖν οὐδέν.|If this man were not from God, he would be able to do nothing.|Photorealistic courtroom-style scene: sunlit stone tribunal, a blindfolded man in rough robes stands center, wrists faintly glowing, while skeptical priests lean forward, shafts of dusty light slice through darkened colonnade, high-dynamic-range lighting, cool marble against warm skin, 50 mm lens, crisp 8-K detail on weathered stone and fabric, tense contemplative mood, subtle lens flare on bronze accoutrements.|εἰ_μὴ_ἦν_οὗτος_παρὰ_θεοῦ_οὐκ_ἠ_0042
ἀπεκρίθη ἐκεῖνος καὶ εἶπεν· καὶ τίς ἐστιν, κύριε, ἵνα πιστεύσω εἰς αὐτόν;|"That man answered and said, ""And who is he, Lord, that I may believe in him?"""|Photorealistic medium shot of a weathered blind man, eyes milky yet upturned, one trembling hand extended toward a gentle figure bathed in soft late-afternoon sunlight, background Jerusalem alley softly bokeh, warm golden color palette, 35 mm lens, shallow depth, delicate rim light outlining both subjects, hopeful vulnerability in expression, ultra-sharp iris detail, subtle film grain for authenticity.|ἀπεκρίθη_ἐκεῖνος_καὶ_εἶπεν_καὶ_0043
εἶπεν αὐτῷ ὁ Ἰησοῦς· καὶ ἑώρακας αὐτὸν καὶ ὁ λαλῶν μετὰ σοῦ ἐκεῖνός ἐστιν.|"Jesus said to him, ""You have both seen him, and the one speaking with you is he."""|Photorealistic intimate portrait: two men at eye level, sunlit dust swirling between them, the healed man’s pupils now clear, reflecting the speaker’s face, warm sidelight carving compassionate smile, background olive grove softly blurred, 85 mm f/1.4, creamy bokeh, rich earthy tones, hyper-real skin pores and eyelashes, moment of recognition frozen, serene joyful mood.|εἶπεν_αὐτῷ_ὁ_Ἰησοῦς_καὶ_ἑώρακα_0044
ἐγὼ καὶ ὁ πατὴρ ἕν ἐσμεν.|I and the Father are one.|Photorealistic low-angle shot of a robed figure on a limestone outcrop at dawn, golden light merging his silhouette with towering sunbeams breaking through clouds, subtle translucent overlay suggesting a second presence, cool violet shadows against warm highlights, 24 mm wide lens, dramatic sky, ultra-sharp rock textures, reverent awe mood, high contrast yet balanced exposure.|ἐγὼ_καὶ_ὁ_πατὴρ_ἕν_ἐσμεν_0045
ἀπεκρίθη αὐτοῖς [ὁ] Ἰησοῦς· οὐκ ἔστιν γεγραμμένον ἐν τῷ νόμῳ ὑμῶν ὅτι ἐγὼ εἶπα· θεοί ἐστε;|"Jesus answered them, ""Is it not written in your law, 'I said: You are gods'?"""|Photorealistic interior of ancient scriptorium, scroll unfurled under focused oil-lamp glow, scribe’s fingers pause mid-sentence, face half-lit showing thoughtful tension, warm candlelight against cool stone walls, 50 mm lens, shallow depth highlighting parchment fibers, subtle smoke haze, rich browns and ochres, contemplative scholarly mood, ultra-detailed ink and skin texture.|ἀπεκρίθη_αὐτοῖς_ὁ_Ἰησοῦς_οὐκ_ἔ_0046
εἰ οὐ ποιῶ τὰ ἔργα τοῦ πατρός μου, μὴ πιστεύετέ μοι·|If I am not doing the works of my Father, do not believe me.|Photorealistic twilight scene: solitary man lifts a wooden staff toward darkening sky, small spontaneous blossom of white lilies at its tip, backlit by purple horizon, crowd silhouettes in soft foreground blur, 85 mm lens, high-dynamic-range capturing delicate petals and storm clouds, cool blue palette with warm highlights, mood of quiet challenge, razor-sharp focal plane.|εἰ_οὐ_ποιῶ_τὰ_ἔργα_τοῦ_πατρός__0047
λέγει αὐτῇ ὁ Ἰησοῦς· οὐκ εἶπόν σοι ὅτι ἐὰν πιστεύσῃς ὄψῃ τὴν δόξαν τοῦ θεοῦ;|"Jesus says to her, ""Did I not say to you that if you believe, you will see the glory of God?"""|Photorealistic tomb entrance at first light, woman in muted robes kneels on dewy grass, eyes wide as subtle golden rays explode from sealed stone doorway, particles of light swirl like fireflies, 35 mm lens, dramatic backlight creating ethereal rim around her hair, cool dawn blues against warm divine glow, hopeful tear glinting, ultra-sharp pebble detail, reverent mood.|λέγει_αὐτῇ_ὁ_Ἰησοῦς_οὐκ_εἶπόν__0048
ἔρχεται ὁ Φίλιππος καὶ λέγει τῷ Ἀνδρέᾳ, ἔρχεται Ἀνδρέας καὶ Φίλιππος καὶ λέγουσιν τῷ Ἰησοῦ.|Philip comes and tells Andrew; Andrew and Philip come and tell Jesus.|Photorealistic hillside path at golden hour, two disciples in hurried stride, robes billowing, dust kicked up by sandals catching sidelight, distant figure awaits under solitary olive tree, warm honey tones, 50 mm lens, motion blur on edges, sharp facial expressions of urgency, layered depth showing parched landscape, anticipatory mood, high-resolution fabric weave visible.|ἔρχεται_ὁ_Φίλιππος_καὶ_λέγει_τ_0049
ταῦτα εἶπεν Ἠσαΐας ὅτι εἶδεν τὴν δόξαν αὐτοῦ, καὶ ἐλάλησεν περὶ αὐτοῦ.|Isaiah said these things because he saw his glory and spoke about him.|Photorealistic prophetic chamber, elderly Isaiah quill poised over parchment, eyes lifted toward a soft beam of iridescent light descending from ceiling slit, warm candle flickers mixing with cool celestial glow, 85 mm lens, shallow depth isolating weathered face, rich maroon and indigo robes, subtle smoke trails, awe-inspired expression, ultra-fine ink droplets visible, reverent timeless mood.|ταῦτα_εἶπεν_Ἠσαΐας_ὅτι_εἶδεν_τ_0050
πιστεύετέ μοι ὅτι ἐγὼ ἐν τῷ πατρὶ καὶ ὁ πατὴρ ἐν ἐμοί· εἰ δὲ μή, διὰ τὰ ἔργα αὐτὰ πιστεύετε.|Believe me that I am in the Father and the Father is in me; but if not, believe because of the works themselves.|Photorealistic close-up of a weathered carpenter’s hands, sunlit dust motes suspended above calloused palms that cradle a glowing, translucent orb of golden light—symbolizing the indwelling unity. Behind, a vast Middle-Eastern dusk sky blazes in warm amber and rose, lens-flare halos rim the fingers, 85 mm f/1.4, shallow depth of field, cinematic rim-lighting, subtle film grain, hyper-real skin pores and sweat beads, mood of intimate reverence.|πιστεύετέ_μοι_ὅτι_ἐγὼ_ἐν_τῷ_πα_0051
περὶ ἁμαρτίας μέν, ὅτι οὐ πιστεύουσιν εἰς ἐμέ·|Concerning sin, because they do not believe in me.|Photorealistic night scene on a dimly lit Jerusalem street: a lone figure in rough linen robes stands beneath a flickering oil lamp, face half-shadowed, eyes averted from a soft beam of light streaming from an open doorway ahead. Cool blue moonlight contrasts the warm flame, moisture on rough stone walls, 35 mm f/1.8, high-dynamic-range capture, slight bokeh on distant crowd blur, mood of quiet conviction and subtle tension.|περὶ_ἁμαρτίας_μέν_ὅτι_οὐ_πιστε_0052
ἐκ τοῦ κόσμου οὐκ εἰσὶν καθὼς ἐγὼ οὐκ εἰμὶ ἐκ τοῦ κόσμου.|They are not of the world, just as I am not of the world.|Photorealistic aerial shot above clouds at sunrise: a small group in simple robes stands on a jagged mountain peak that breaks through the cloud sea, golden dawn rays outlining them against a sky gradient of indigo to coral. Ultra-sharp 70-200 mm at 135 mm, polarized light, crisp shadows, tiny lens flares on robe edges, conveys other-worldly separation and serenity.|ἐκ_τοῦ_κόσμου_οὐκ_εἰσὶν_καθὼς__0053
ἀπεκρίθη ὁ Πιλᾶτος· ὃ γέγραφα, γέγραφα.|"Pilate answered, ""What I have written, I have written."""|Photorealistic scene of Pontius Pilate seated on a marble dais within a dim, vaulted Roman praetorian chamber, his stern face illuminated by a single warm oil lamp casting soft, golden chiaroscuro across his features. He wears a richly textured, deep crimson tunic with gold embroidery, a white linen under‑garment, and a bronze breastplate polished to a subtle sheen. In his left hand he holds a heavy, weathered stone tablet etched with the ancient Greek inscription “Ἀπεκρίθη ὁ Πιλᾶτος· ὃ γέγραφα, γέγραφα” (Pilate answered, “What I have written, I have written”). The tablet’s rough surface shows fine cracks and a faint patina, emphasizing age. Behind him, a heavy tapestry of deep indigo woven with faint geometric patterns drapes the stone walls, creating a dark, moody backdrop. A faint shaft of cool, diffused daylight streams through a narrow, high window, revealing dust motes that catch the light. The composition uses a shallow depth of field: Pilate’s face and the tablet are razor‑sharp, while the background blurs gently, drawing focus to his expression of resolute authority. The color palette balances warm amber lamp glow with cool stone grays and deep reds, evoking a solemn, historic atmosphere. Shot with a high‑resolution 85mm lens effect, ultra‑sharp detail, realistic skin texture, and subtle film grain for authenticity.|ἀπεκρίθη_ὁ_Πιλᾶτος_ὃ_γέγραφα_γ_0054
ἀπεκρίθη Θωμᾶς καὶ εἶπεν αὐτῷ· ὁ κύριός μου καὶ ὁ θεός μου.|"Thomas answered and said to him, ""My Lord and my God!"""|Photorealistic intimate indoor tableau: warm candlelit upper room, Thomas kneels, weathered face streaked with tears, eyes wide in awe as he touches a faintly luminous wrist wound. Soft volumetric light wraps around the standing figure, wood grain and earthenware details tack-sharp, 35 mm f/1.4, shallow depth, gentle noise pattern, mood of overwhelming revelation.|ἀπεκρίθη_Θωμᾶς_καὶ_εἶπεν_αὐτῷ__0055
τοῦτον οὖν ἰδὼν ὁ Πέτρος λέγει τῷ Ἰησοῦ· κύριε, οὗτος δὲ τί;|"Therefore, seeing him, Peter says to Jesus, ""Lord, but what about this man?"""|Photorealistic lakeside dawn: soft pink horizon mirrored on calm water, Peter in patched tunic gestures toward a younger disciple standing further along the shore. Backlit silhouettes with delicate rim light, 85 mm f/2, crisp reflections, distant boat slightly bokeh, cool morning mist, mood of curious concern and tranquil hope.|τοῦτον_οὖν_ἰδὼν_ὁ_Πέτρος_λέγει_0056
οὐ δυνάμεθα γὰρ ἡμεῖς ἃ εἴδαμεν καὶ ἠκούσαμεν μὴ λαλεῖν.|For we are unable not to speak the things which we saw and heard.|Photorealistic narrow marketplace alley: two sun-weathered men in rough robes stand atop worn stone steps, mouths open mid-speech, animated hands catching slanted golden light, crowds blurred in background. 24 mm f/8 for deep focus, high shutter freezes flying dust, vibrant textiles and pottery provide color accents, mood of urgent testimony.|οὐ_δυνάμεθα_γὰρ_ἡμεῖς_ἃ_εἴδαμε_0057
τίς γὰρ οἶδεν ἀνθρώπων τὰ τοῦ ἀνθρώπου εἰ μὴ τὸ πνεῦμα τοῦ ἀνθρώπου τὸ ἐν αὐτῷ; οὕτως καὶ τὰ τοῦ θεοῦ οὐδεὶς ἔγνωκεν εἰ μὴ τὸ πνεῦμα τοῦ θεοῦ.|For who among men knows the things of a man except the spirit of the man which is in him? So also, no one has known the things of God except the Spirit of God.|"Photorealistic, ultra‑high‑resolution (8K) scene centered on a solitary, introspective man standing on a rugged marble terrace at sunrise. The composition is split vertically: the lower half shows the earthly figure—weathered skin, soft stubble, deep eyes gazing inward—bathed in warm amber light that seems to emanate from his chest, hinting at the “spirit of the man” within. His torso subtly transitions into a semi‑transparent, luminous veil of golden‑white mist that spirals upward, blending with a second, ethereal presence: a vast, celestial aura resembling the “spirit of God,” rendered as a gentle, diffuse nebula of cool sapphire and pearl tones, punctuated by faint constellations. The background fades into a misty horizon of rolling hills and distant mountains, under a sky painted in pastel blues and rose‑gold, with soft clouds catching the first rays of light.

Lighting is cinematic: rim lighting outlines the man's silhouette, while volumetric god‑rays filter through the mist, creating a halo effect around the divine aura. A shallow depth of field keeps the man's face razor‑sharp, with the spiritual mist rendered in exquisite detail, showing delicate swirls and faint script‑like glyphs etched in the vapor. Mood is contemplative and transcendent, evoking quiet awe. Color palette balances warm earth tones (ochre, burnt sienna) with cool celestial hues (azure, lavender). Include subtle grain for realism, high dynamic range, and a 50mm f/1.2 lens perspective to emphasize intimacy and depth. Use terms: photorealistic, ultra‑detailed, cinematic lighting, volumetric mist, ethereal glow, divine aura."|τίς_γὰρ_οἶδεν_ἀνθρώπων_τὰ_τοῦ__0058
ὑμεῖς δὲ Χριστοῦ, Χριστὸς δὲ θεοῦ.|And you [belong] to Christ, and Christ [belongs] to God.|Photorealistic golden-hour wheat field: a diverse circle of believers in simple robes linked by joined hands, centered low angle so heads frame a radiant sun, lens flare creates concentric halos. 24 mm f/11 for sun-star, warm color grading, gentle breeze bends stalks, conveys unity and hierarchy in serene devotion.|ὑμεῖς_δὲ_Χριστοῦ_Χριστὸς_δὲ_θε_0059
ἀλλʼ ἡμῖν εἷς θεὸς ὁ πατὴρ ἐξ οὗ τὰ πάντα καὶ ἡμεῖς εἰς αὐτόν, καὶ εἷς κύριος Ἰησοῦς Χριστὸς διʼ οὗ τὰ πάντα καὶ ἡμεῖς διʼ αὐτοῦ.|but for us there is one God, the Father, from whom are all things and we for him, and one Lord, Jesus Christ, through whom are all things and we through him.|Photorealistic cosmic landscape: vast starfield above a quiet Judean hillside, Milky Way arc acting as luminous conduit linking foreground silhouettes of humble worshippers to an infinite sky. 14 mm f/2.8, 30-second exposure captures star detail, subtle landscape fill-light, cool star blues against warm ground tones, evokes singular divine source and connection.|ἀλλʼ_ἡμῖν_εἷς_θεὸς_ὁ_πατὴρ_ἐξ__0060
Μὴ κατὰ ἄνθρωπον ταῦτα λαλῶ ἢ καὶ ὁ νόμος ταῦτα οὐ λέγει;|Am I speaking these things according to a human perspective? Or does the Law not also say these things?|"Photorealistic scene, ultra‑high resolution, 8K, anamorphic lens, shallow depth of field – a split‑frame composition that juxtaposes two realms of law and humanity.  

Left half: a modern courtroom bathed in soft, diffused overhead fluorescents, the polished wood bench reflecting a subtle amber glow. In the foreground, a sharply focused human figure in a crisp navy suit leans forward, hand raised as if questioning, eyes narrowed in contemplation. Behind him, glass‑like legal documents hover, their text faintly illuminated by a cool teal backlight, suggesting the abstract nature of statutory law.  

Right half: an ancient Greek agora at golden hour, sun low on the horizon casting long, warm shadows across marble columns and weathered stone steps. A life‑size marble statue of a philosopher (resembling a young Socrates) stands beside a bronze scroll inscribed with the Greek phrase “Μὴ κατὰ ἄνθρωπον ταῦτα λαλῶ …”. The philosopher’s face is serene, eyes gazing toward the modern courtroom, creating a visual bridge between eras. Warm amber light kisses the marble, while subtle rim light outlines the scroll, emphasizing its significance.  

Center seam: a translucent veil of parchment fades between eras, hinting at the continuity of law across time. The overall mood is contemplative and solemn, color palette balanced between cool blues and teals of the present and warm ochres and golds of antiquity. Use global illumination, HDR toning, and subtle film grain to enhance realism. The image captures the question: “Am I speaking these things from a human perspective, or does the law also assert them?”"|Μὴ_κατὰ_ἄνθρωπον_ταῦτα_λαλῶ_ἢ__0061
οὐ γάρ ἐστιν ἀνὴρ ἐκ γυναικὸς ἀλλὰ γυνὴ ἐξ ἀνδρός·|For man is not from woman, but woman from man.|Photorealistic macro of two hands—one masculine, one feminine—emerging from opposite edges of the frame, almost touching but separated by a narrow beam of cool moonlight, shot on a black velvet background, skin textures rendered in hyper-detail, cool silvery blues against warm candlelight reflecting on gold wedding bands, 100 mm macro lens, f/2.8, high contrast, evoking mystery and origin, shallow depth of field isolating the fingertips.|οὐ_γάρ_ἐστιν_ἀνὴρ_ἐκ_γυναικὸς__0062
Πάντες γὰρ υἱοὶ θεοῦ ἐστε διὰ τῆς πίστεως ἐν Χριστῷ Ἰησοῦ·|For you are all sons of God through faith in Christ Jesus.|Photorealistic golden-hour aerial over a vast diverse crowd on a Galilean hillside, every face illuminated by the same low sun, lens flare streaking across the top, warm ochre and olive tones, 24 mm wide-angle, f/8, crisp detail from foreground wildflowers to distant Sea of Galilee shimmer, gentle uplifted gazes, peaceful unity, subtle halo effect around the sun giving an ethereal glow.|Πάντες_γὰρ_υἱοὶ_θεοῦ_ἐστε_διὰ__0063
Λέγετέ μοι, οἱ ὑπὸ νόμον θέλοντες εἶναι, τὸν νόμον οὐκ ἀκούετε;|Tell me, you who want to be under the law, do you not hear the law?|Photorealistic interior of a sandstone synagogue, early morning light slicing through latticed windows onto a marble floor, a lone rabbi in dusty robes holding open a heavy Torah, his shadow stretching toward the viewer, muted desert palette with sharp highlights on the gilt edges of the scroll, 35 mm lens, f/2, subtle motion blur on drifting dust, tense interrogative mood, crisp echo of silence.|Λέγετέ_μοι_οἱ_ὑπὸ_νόμον_θέλοντ_0064
εἷς θεὸς καὶ πατὴρ πάντων, ὁ ἐπὶ πάντων καὶ διὰ πάντων καὶ ἐν πᾶσιν.|One God and Father of all, who is over all and through all and in all.|Photorealistic cosmic tableau: a single shaft of brilliant white light breaking through roiling nebulae, reflected in the upturned eyes of children of every ethnicity floating in zero-gravity-like suspension, stars rendered in pin-sharp detail, deep indigos and magentas fading to infinite black, 14 mm fisheye, f/4, long exposure star trails creating a web of connection, serene yet majestic mood, subtle lens bloom on the central light source.|εἷς_θεὸς_καὶ_πατὴρ_πάντων_ὁ_ἐπ_0065
αὐτοὶ ἐκ τοῦ κόσμου εἰσίν, διὰ τοῦτο ἐκ τοῦ κόσμου λαλοῦσιν καὶ ὁ κόσμος αὐτῶν ἀκούει.|They are from the world; because of this they speak from the world and the world hears them.|Photorealistic rush-hour city street at twilight, neon reflections pooling on rain-slick asphalt, dozens of commuters isolated in shallow depth-of-field bokeh, each absorbed in glowing phone screens, saturated cyans and magentas against cold steel grays, 50 mm lens, f/1.2, high ISO grain, streaking taillights implying motion, claustrophobic yet impersonal mood, sharp detail on a single billboard advertisement that mirrors the crowd’s blank expressions.|αὐτοὶ_ἐκ_τοῦ_κόσμου_εἰσίν_διὰ__0066
