ἄγω σε πρός |I lead / bring you to …|Epic neoclassical painting: a luminous winged figure in flowing white linen guides a mortal by the hand across a marble bridge arcing over starlit void. Behind, Olympus glows in rose-gold dawn; ahead, an immense bronze gate hangs open, rays of violet and amber light spilling through. Grand cinematic composition, low-angle heroic perspective, volumetric god-rays, warm rim-lighting on fluttering drapery, ultrasharp 8K detail, deep ultramarine and burnished gold palette, subtle lens flare, awe and destiny in the air.|ἄγω_σε_πρός_0001
 ἔτι |still, yet, even now|A lone marble statue of a winged figure stands knee-deep in a silver-black sea at twilight, its stone surface cracked yet luminous with faint inner gold; the horizon behind it is a thin, burning line of cobalt that refuses to sink into night. Style: hyper-realistic romantic symbolism, shot on a virtual 85 mm lens, f/1.4, ISO 100, 8 K clarity. Composition: statue placed left-of-center on a low sandbar, negative space filled with mirror-still water reflecting the last ember of sky; tiny ripples radiate outward as if time itself hesitates. Lighting: cool lunar rim-light from behind, warm residual sunset kissing the figure’s forward edges, creating a dual-tone chiaroscuro that whispers “still here.” Colors: desaturated indigo, cold pewter, and a single streak of molten rose; microscopic gold flecks suspended in the air like frozen sparks. Mood: suspended breath, ancient hope refusing to bow. Technical: depth-of-field draws eye to the statue’s cracked yet unbroken heart, water droplets frozen mid-splash, subtle volumetric mist curling upward, film-grain overlay at 5 % for timeless texture.|ἔτι_0002
 ἔχω τήν |I have / hold …|Baroque chiaroscuro oil on canvas: strong tungsten spotlight from left reveals a weathered warrior’s gauntleted hand clutching a cracked bronze shield reflecting a ghostly face. Background fades into rich umbra with crimson cloth draped diagonally, adding movement. Sharp focus on knuckles and metal texture, impasto highlights, warm sienna and cold Payne’s gray contrast, 4K resolution, dramatic tension, sense of guardianship and burden.|ἔχω_τήν_0003
 ἡ κλίνη |the bed / couch / bier|Art-nouveau illustration: an ornate funerary couch of dark mahogany and polished brass, blanketed in deep indigo silk embroidered with silver constellations. Soft candlelight casts long amber shadows across marble floor tiles, rose petals scattered like fading memories. Overhead, a faint aurora borealis glows through a tall lancet window. Pastel and ink linework, muted jewel tones, melancholic serenity, 300 dpi, soft vignette, poetic memento mori atmosphere.|ἡ_κλίνη_0004
 ἡ νεφέλη |the cloud|Surreal high-altitude photograph: a lone lenticular cloud glowing from within by hidden lightning, suspended above a cobalt twilight horizon. Below, distant mountain ridges rendered as dark cut-paper silhouettes; above, star field pin-sharp. Long-exposure captures subtle magenta and electric teal discharges inside the cloud. Ultra-wide 14 mm lens, crisp 8 K, high contrast, ethereal yet ominous mood, colors graded toward cyan and magenta split-tone.|ἡ_νεφέλη_0005
 ἡ στολή |the robe / long garment, festive dress|Vibrant Pre-Raphaelite scene: a priestess stands on a sun-drenched Cretan courtyard step, wind whipping her saffron-colored linen stole embroidered with cobalt spirals and gold meanders. Behind, ochre walls and blooming pomegranate trees. Golden hour side-lighting, intricate fabric folds rendered in sharp detail, Kodak Ektar-style saturated palette, slight bloom on highlights, 100 mm portrait lens look, celebratory yet reverent mood, 4 K clarity.|ἡ_στολή_0006
 κρύπτω τήν |I hide / conceal …|Neo-noir digital painting: in a rain-slick Venetian alley at midnight, a mysterious figure in a high-collared black coat slips an antique silver locket into a hidden wall recess. Single green mercury-vapor lamp reflects on wet cobblestones, creating teal and magenta color contrast. Shallow depth, sharp focal point on glinting locket, background dissolved into bokeh of droplets and haze, cinematic 21:9 aspect, suspenseful secrecy, 8 K, volumetric mist.|κρύπτω_τήν_0007
 λύω τήν |I loose / untie / destroy …|High-speed macro photograph: a fraying sisal rope exploding under tension, individual fibers snapping and curling like solar flares. Stroboscopic flash freezes motion at 1/8000 s, deep crimson backdrop for high contrast, sparks lit by back-rim light. Hyper-real 8 K detail, shallow DOF isolates rupture point, palette of raw umber and ember orange, visceral energy, metaphor of release and collapse.|λύω_τήν_0008
 ὁ ἄγγελος |the messenger, angel|Art-deco stained-glass concept: a tall seraph with geometric wings of iridescent glass panels stands on a skyscraper ledge at sunrise, city below rendered in miniature. Sunlight refracts through wings casting rainbow shards across chrome gargoyles. Bold vertical lines, metallic gold leaf highlights, limited palette of ultramarine, vermilion, and crystal amber, 4 K vector clarity, optimistic yet otherworldly mood, slight lens flare, stylized grandeur.|ὁ_ἄγγελος_0009
 ὁ ἀγρός |the field / countryside|Impressionist plein-air oil sketch: rolling wheat field rippling like molten gold under a wind-laden summer sky, cerulean streaked with titanium-white cirrus. Foreground path of ochre earth invites viewer in, poppies dotting scarlet accents. Loose visible brushwork, high-chroma palette, dappled sunlight suggests mid-afternoon, 8 K textured canvas, evokes scent of grain and distant rain, peaceful abundance, painted with palette knife and hog-bristle brushes.|ὁ_ἀγρός_0010
 ὁ ἀπόστολος |the apostle, sent one|A solitary figure stands on a windswept Mediterranean cliff at dawn, robed in rough-spun linen bleached by sun and salt. Golden hour light breaks behind him, rim-lighting his weathered face and the rolled papyrus clutched to his chest. Style: cinematic biblical realism, 35 mm film grain, shallow depth of field (f/1.8). Palette: warm ochres, ultramarine sea, muted terracotta. Mood: resolute yet humble. Composition: low horizon, subject rule-of-thirds left, negative space right for divine calling. 8 K clarity, subtle lens flare, volumetric god-rays.|ὁ_ἀπόστολος_0011
 ὁ δοῦλος |the slave, servant|Inside a dim Roman atrium, a barefoot young servant kneels on cool marble, polishing a bronze mirror that reflects his lowered gaze. Single shaft of afternoon light slices through a latticed window, scattering dust motes into amber constellations. Style: Caravaggio chiaroscuro, oil-on-canvas texture, high contrast. Colors: deep umber shadows, burnished copper highlights, faded indigo tunic. Mood: quiet dignity amid servitude. Technical: 50 mm prime perspective, subtle subsurface scattering on skin, 4 K micro-detail on cracked mosaic floor.|ὁ_δοῦλος_0012
 ὁ λύχνος |the lamp|A hand-forged clay oil lamp flickers on a rough-hewn cedar table inside a midnight Galilean house. Its flame paints dancing halos across unfinished stone walls, revealing a half-open scroll and a sprig of rosemary. Style: intimate Dutch-master still life, extreme macro focus on the wick, creamy bokeh background. Palette: burnt sienna, honey gold, cool slate shadows. Mood: sanctuary of light against encroaching dark. Lighting: practical source only, realistic falloff, subtle smoke wisps. 32-bit color depth, filmic grain, 8 K.|ὁ_λύχνος_0013
 ὁ οἶκος |the house / household|Sun-bleached limestone walls enclose a tranquil central courtyard in a first-century Jewish home. A fig tree casts dappled shadows onto a stone cistern; clay sherds and children’s reed whistles lie scattered near a woven mat. Style: architectural pastoral, aerial three-quarter view, soft diffused noon light. Colors: dusty whites, sage greens, earthenware reds. Mood: lived-in serenity. Composition: leading lines of colonnade guide eye to open sky, symbolizing divine presence. Ultra-sharp 16 K, orthographic tilt-shift, subtle heat shimmer.|ὁ_οἶκος_0014
 ὁ πρεσβύτερος |the elder, presbyter, old man|An elderly sage sits on a weathered wooden stool beneath an ancient olive tree, gnarled fingers tracing Hebrew letters in a parchment scroll. Late-afternoon sidelight carves deep wrinkles, each a testament of decades. Style: Rembrandt-inspired portraiture, warm palette of ivory, olive, sepia. Background melts into soft ochre bokeh. Mood: gravitas tempered by gentle eyes. Technical: 85 mm lens simulation, f/1.4 for creamy isolation, 14-bit raw dynamic range, delicate film grain.|ὁ_πρεσβύτερος_0015
 ὁ υἱός |the son|A youth of about twelve stands at the synagogue steps, morning light igniting the fringes of his tallit. Behind him, dark wooden doors imply entry into manhood and destiny. Style: Renaissance-infused realism, low-angle hero shot. Palette: alabaster robe, cobalt stripes, honey skin. Mood: anticipation, quiet calling. Lighting: golden hour with gentle fill, circular halo effect. 12 K resolution, path-traced reflections on limestone, subtle chromatic aberration for vintage lens feel.|ὁ_υἱός_0016
 πέμπω σε πρός |I send you to …|A barefoot traveler steps off a dusty village threshold onto an endless desert road that vanishes into a heat-hazed horizon. Sandaled foot suspended mid-stride, robe billowing, staff in hand. Style: epic biblical vista, 24 mm wide-angle, rule-of-thirds placement. Palette: bleached sand, cobalt sky gradient, white-hot sun. Mood: divine commission, solitary purpose. Lighting: harsh noon sun, stark shadows, high dynamic range. 8 K aerial drone perspective, anamorphic lens flare, subtle dust particles caught in backlight.|πέμπω_σε_πρός_0017
 πίνω τήν |I drink …|Close-up of calloused hands cradling a simple clay cup, crimson wine catching candlelight like liquid garnet. Droplets cling to weather-cracked lips, suspended in time. Style: hyper-real macro, shallow depth, dark velvet background. Palette: deep meridians of red, umber skin, specular highlights. Mood: solemn sustenance, sacramental tension. Technical: 100 mm macro lens simulation, f/2.8, 16-bit color, subsurface scattering on liquid, 12 K micro-texture on pottery.|πίνω_τήν_0018
 σῴζω σε |I save / rescue you|A lone arm plunges through storm-tossed teal waves, seizing a drowning wrist under torrential rain. Foam and spray freeze into crystalline droplets against lightning-illuminated clouds. Style: high-drama romantic seascape, diagonal composition for dynamism. Palette: electric cyan, slate gray, silver highlights. Mood: urgent salvation, hope against chaos. Lighting: split-second lightning as key, rim-light on water, high contrast. 32-bit EXR, 8 K splash simulation, cinematic lens flare, volumetric rain.|σῴζω_σε_0019
 τὸ δαιμόνιον |the demon, evil spirit|A shadowed figure looms in a moonlit ruined colonnade, eyes glowing ember-red beneath tattered hood. Swirling black vapor coils around broken marble, forming barely-glimpsed tormented faces. Style: dark fantasy gothic, low-key lighting, high-detail texture. Palette: cold desaturated blues, charcoal blacks, accent of molten orange. Mood: malevolence restrained, ancient corruption. Composition: Dutch tilt, negative space above for oppression. 8 K ray-traced shadows, chromatic aberration, subtle parallax for unease.|τὸ_δαιμόνιον_0020
 τὸ δένδρον |the tree|Ancient Greek marble relief of a solitary, gnarled olive tree carved in high relief, its trunk spiraling upward with deep grooves and weathered bark texture. Shot head-on at eye level, the tree fills the vertical frame against a soft, out-of-focus background of Aegean-blue sky. Late-afternoon golden-hour light rakes across the stone, emphasizing every chisel mark and casting long, dramatic shadows that curl around the roots. Palette: warm ivory marble, dusty gold highlights, muted cerulean sky. Style: classical sculpture realism, 50 mm lens, f/2.8, ISO 100, ultra-sharp macro detail, subtle vignette, solemn timeless mood.|τὸ_δένδρον_0021
 τὸ ζῷον |the living creature, animal|Black-figure amphora painting style depicting a majestic lion mid-stride, rendered with flowing incised lines and earthy slip glazes. Composition: low side-angle view, the lion dominates the center against an unpainted terracotta background. Lighting: soft studio key light from left, creating gentle rim light on mane edges and highlighting glossy black glaze. Colors: deep obsidian black, burnt sienna, muted ochre. Mood: archaic reverence, primal vitality. Technical: 85 mm lens, f/4, shallow depth of field, subtle film grain, museum-grade sharpness, slight warm color grade.|τὸ_ζῷον_0022
 τὸ πρόβατον |the sheep|Pastoral watercolor illustration of a fluffy white sheep grazing on a hillside overlooking the Aegean Sea. Loose, expressive brushstrokes, gentle bleeds, and soft edges evoke a breezy afternoon. Composition: rule-of-thirds, sheep placed left foreground, distant sapphire sea horizon upper right. Lighting: diffused midday sun, cool shadows under olive trees. Palette: titanium white wool, sage green grass, ultramarine sea, lavender hints in clouds. Mood: tranquil, idyllic. Technical: scanned at 600 dpi, subtle paper texture visible, light watercolor granulation, no hard lines, airy negative space.|τὸ_πρόβατον_0023
 τὸ σχοινίον|the rope / cord|Extreme macro photograph of a hand-laid hemp rope coiled on weathered driftwood, lit by a single narrow beam of morning light creating high-contrast chiaroscuro. Every fiber is crisp, showing frayed strands and salt crystals. Colors: warm sepia rope, cool slate shadows, sun-bleached wood. Mood: maritime nostalgia, quiet resilience. Technical: 100 mm macro lens, f/5.6, focus stack for full-coil sharpness, ISO 64, subtle warm tint, dark vignette, ultra-high resolution.|τὸ_σχοινίον_0024
