ἀμήν|truly, verily, amen|A luminous, Byzantine-inspired icon painting: a solitary, hooded monk seen from behind, standing in a vast, half-ruined desert basilica whose golden dome is fractured to let a single shaft of dawn light pour through. The beam strikes a massive, open codex on the altar; its pages glow like burnished copper, the Greek letters Α-Μ-Η-Ν scribed in raised, gilded relief that catches fire in the light. Mosaic tesserae of lapis, cinnabar, and marigold spiral across the walls, forming concentric halos that echo the word’s finality. Dust motes become tiny, suspended stars; the stone floor reflects the illumination like still water, doubling the scene into infinity. Ultra-sharp 8 K detail, 50 mm lens, f/1.4, shallow depth of field, subtle volumetric god-rays, color palette of antique gold, imperial purple, and fading rose, contrasted with cool graphite shadows. Mood: solemn, transcendent, hushed—an audible silence after the last syllable of prayer.|ἀμήν_0001
ἀφίημι αὐτήν|I let go / forgive / leave it (fem. obj.)|A delicate woman releasing a white dove from her outstretched hand onto a calm sunrise sky. The composition centers the figure in soft focus, with the dove soaring toward warm, pastel hues of pink and gold. Golden hour lighting bathes the scene, creating a luminous rim around the woman's silhouette. Mood is gentle liberation and forgiveness, expressed through ethereal mist and subtle lens flares. Use a dreamy impressionist style with fine, pastel brushwork, shallow depth of field, and a pastel color palette. High resolution, slight grain for artistic texture.|ἀφίημι_αὐτήν_0002
δείκνυμί σοι αὐτήν|I show you it (fem. obj.)|A luminous female figure emerges from obsidian mist, her silhouette formed by swirling constellations and liquid starlight. She stands in profile, one hand extended, palm-up, revealing a glowing orb of compressed galaxies that drips silver stardust between her fingers. Her form is translucent yet tangible—skin like polished marble veined with aurora borealis colors, hair flowing upward as if underwater, each strand a thread of nebulae. The composition follows classical Renaissance contrapposto but rendered with hyperrealistic digital techniques, her body both ancient statue and living cosmos. Dramatic chiaroscuro lighting carves her from darkness: a single, impossible light source from within the orb illuminates her face in sharp relief, casting prismatic shadows that bend like light through water. The background dissolves from deep violet-black at edges to ultraviolet nothingness behind her, punctuated by faint geometric glyphs that shimmer then vanish. Color palette: iridescent teals, electric purples, molten golds, with skin tones of pale moonstone. Technical execution: 8K resolution, ray-traced reflections on her skin showing miniature galaxies, depth of field focused on her eyes—twin white dwarfs spinning slowly. The mood is reverent revelation, the moment before knowledge transfers from divine to mortal. Style fusion of Bouguereau's idealized femininity with android Jones' psychedelic digitalism, shot through with quantum uncertainty—she exists only while being observed.|δείκνυμί_σοι_αὐτήν_0003
δίδωμί σοι αὐτήν|I give you it (fem. obj.)|A regal figure in flowing white robes extends a golden chalice toward the viewer, set on a marble altar bathed in soft, diffused twilight. The composition centers the chalice, with rays of amber light spilling from it, highlighting intricate engravings of Greek motifs. Ambient haze creates a serene, sacred atmosphere. Color scheme: ivory, gold, deep sapphire shadows. Rendered in a cinematic baroque style, using realistic lighting, gentle rim light, and a shallow depth of field that softens the background pillars. Mood is generous, solemn, and timeless.|δίδωμί_σοι_αὐτήν_0004
ἔσχατος|last, final, utmost|A lone figure stands at the edge of a crumbling marble platform suspended in an endless void, the last remnant of a once-great cosmic coliseum. Style: hyper-realistic digital painting with surrealist undertones, reminiscent of Zdzisław Beksiński meets Simon Stålenhag. Composition: low-angle wide shot, the figure small and centered against the vast emptiness, their tattered crimson cloak billowing in solar winds, one hand clutching a dying golden hourglass that bleeds light. Lighting: dramatic rim-lighting from a distant, collapsing star—its final pulse casting long shadows across broken Corinthian columns that drift like asteroids. Mood: solemn, inevitable, yet transcendent; the silence before the universe exhales its last breath. Colors: desaturated umbers and cold ashes punctuated by the final ember of a blood-orange sun, metallic silvers oxidized to bruised violets on floating debris. Technical: 8K resolution, depth-of-field focused on the figure’s cracked porcelain mask reflecting the star’s death-flare, subtle chromatic aberration on fractured edges, ultra-sharp texture on floating stone dust, cinematic 21:9 aspect ratio.|ἔσχατος_0005
ἡ γραφή|the scripture / writing|An open ancient codex on a wooden lectern, its pages illuminated by a single candle flame, revealing intricate Greek script in deep indigo ink. The composition frames the text centrally, with the candle casting warm amber highlights and soft shadows across the vellum. Ambient background shows a dim stone library. Mood is contemplative and scholarly, colors muted earth tones with splashes of gold from the flame. Rendered in a realistic digital illustration with fine paper texture, high‑resolution, shallow depth of field that blurs the surrounding shelves.|ἡ_γραφή_0006
ἡ ἐκκλησία|the assembly / church|A grand Byzantine cathedral interior, vaulted ceilings adorned with golden mosaics, rows of marble columns, and an expansive nave filled with warm sunrise light streaming through stained‑glass windows. The composition centers on the altar where a golden chalice rests, with worshippers in soft focus. Color palette: rich gold, deep teal, ruby reds from the glass. Mood is reverent and uplifting, captured in an ultra‑wide angle, high‑detail 8K render, emphasizing the intricate tile work and luminous atmosphere. Subtle volumetric light beams add a spiritual quality.|ἡ_ἐκκλησία_0007
ἡ ῥίζα|the root|A close‑up macro view of an ancient olive tree root emerging from dark, cracked earth, patterning like veins of history. Soft, directional side lighting accentuates the texture of the gnarled bark and soil particles. The background is a shallow blur of muted browns and deep greens. Mood is grounded, timeless, and resilient. Use a realistic photographic style with high depth of field to capture fine details, gentle vignette, and a warm, earthy color palette. Slight desaturation adds an antiquated feel.|ἡ_ῥίζα_0008
ἵστημι αὐτήν|I set / place / establish it (fem. obj.)|A graceful hand placing a luminous sapphire gemstone onto a brass astrolabe under a celestial night sky. The composition highlights the gemstone's sparkle against the dark velvet backdrop, with stars twinkling overhead. Soft, cool moonlight washes the scene, creating a subtle halo around the astrolabe. Mood is purposeful and mystical, colors focused on deep indigo, metallic bronze, and the vivid blue of the stone. Rendered in a digital painterly style with fine metal reflections, gentle bokeh in the background, and a slight glow effect on the gem.|ἵστημι_αὐτήν_0009
καινός|new, fresh|A vibrant spring garden bursting with freshly bloomed tulips, dew‑kissed petals, and emerald leaves. The scene is captured from a low angle, with a soft morning sunrise casting pink and gold light across the field. Light breezes create subtle motion, blurring the edges of distant flowers. Mood is joyful and invigorating, palette of pastel pinks, fresh greens, and warm amber. Rendered in a hyper‑realistic style with depth of field that sharpens the nearest blossoms while gently blurring background foliage, detailed water droplets glistening like tiny lenses.|καινός_0010
καλός|good, beautiful, noble|A regal marble statue of a classical Greek hero illuminated by soft, golden sunrise light, set on a marble pedestal surrounded by olive trees. The figure is draped in flowing white linen, head crowned with laurel, expression serene and noble. Warm, saturated colors of amber and ivory dominate, with subtle shadows that enhance the sculptural depth. Shot in a cinematic 4K resolution, shallow depth of field focuses on the face, background gently blurred. Mood is uplifting and timeless, evoking honor and beauty. Style blends neoclassical realism with a hint of romantic lighting, high detail, HDR rendering.|καλός_0011
λευκός|white, bright|A pristine snow‑covered alpine meadow at high noon, illuminated by brilliant, diffuse daylight that makes every crystal sparkle. The scene is composed with a wide‑angle perspective, foreground dotted with delicate white wildflowers, midground a frozen lake reflecting the clear blue sky, and distant snow‑capped peaks. High contrast whites and cool blues dominate; subtle pastel pinks appear in distant sunrise glow. Soft, even lighting eliminates harsh shadows, creating a luminous, ethereal mood. Shot in Ultra‑HD with a tilt‑shift effect to emphasize the crispness of the snow. Style: hyper‑realistic nature photography with a clean, minimal aesthetic.|λευκός_0012
ὁ ἄνεμος|the wind|An invisible wind visualized as swirling currents of translucent pastel ribbons flowing through a Mediterranean coastal cliff. The composition features a lone olive tree bending gracefully, its leaves caught mid‑tremor, and a sailboat in the distance with billowing white sails. Sunlight creates golden shafts that pierce the mist, casting dynamic, soft shadows. Mood is energetic yet serene, colors range from sea‑blue, sun‑gold, and ivory. Shot with a slow shutter to blur motion, creating a sense of motion blur. Style combines impressionist painting technique with photographic realism, high resolution, anamorphic lens flare, and subtle dust particles illuminated by backlight.|ὁ_ἄνεμος_0013
ὁ θερισμός|the harvest|A golden wheat field at golden hour, rows of ripe stalks stretching toward a crimson‑orange sunset. In the foreground, a farmer in traditional tunic lifts a wicker basket overflowing with wheat sheaves, his hands weathered yet gentle. A distant village with terracotta roofs glows faintly. Warm amber, ochre, and deep purple tones dominate; long shadows add depth. Soft, directional lighting from the low sun creates a halo around the wheat. Mood is abundant and hopeful. Shot in 8K, medium format, shallow depth of field on the basket, background softly blurred. Style merges realist agrarian painting with cinematic photography, high dynamic range, subtle lens flare.|ὁ_θερισμός_0014
ὁ μισθός|the wage / reward|A close‑up of an ancient Greek bronze coin resting on a velvet scarlet cushion, illuminated by a focused beam of warm light that highlights its intricate Athena engraving. Surrounding the coin are scattered laurel leaves and a small amphora of dark olive oil, symbolizing reward. Rich, deep reds and metallic gold dominate, with soft shadows adding depth. Mood is reverent and contemplative, evoking the value of labor. Shot with macro lens, shallow depth of field, bokeh of the cushion. Style blends classical artifact photography with painterly texture, high detail, HDR, and a subtle vignette.|ὁ_μισθός_0015
ὀλίγος|little, small, few|A delicate composition of three tiny wildflowers—white poppy, blue cornflower, and yellow buttercup—growing on a smooth river stone beside a gently flowing stream. The scene is captured with a macro lens, emphasizing the fine petals, dewdrop droplets, and fine hairs on the stems. Soft, diffused morning light creates a cool color palette of pastel greens, blues, and muted earth tones. Mood is intimate and tranquil. Background is a creamy bokeh of water and foliage. Shot in 4K, high sharpness, with a shallow depth of field that isolates the flowers. Style combines naturalist macro photography with a subtle watercolor wash effect.|ὀλίγος_0016
τίθημι αὐτήν|I put / place / lay it (fem. obj.)|A graceful hand of a marble statue gently placing a luminous white ceramic vase onto a marble altar. The altar is adorned with faint gold inlay patterns, and soft candlelight flickers, casting warm amber glows and gentle shadows. The composition uses a low angle to emphasize the act of laying, with the vase centered and the hand poised above. Color palette of cool whites, warm gold, and deep shadows. Mood is solemn and ceremonial. Shot in high‑definition, soft focus background, rim lighting on the vase to highlight its glossy surface. Style merges classical sculpture photography with dramatic chiaroscuro lighting.|τίθημι_αὐτήν_0017
τὸ αἷμα|the blood|A vivid macro view of a deep red drop of blood suspended in mid‑air, captured against a stark black background. The droplet reflects a crimson glow, with microscopic details of suspended cells visible. A single ray of cold, cool blue light from the side creates a dramatic rim, highlighting the surface tension. The color palette is rich burgundy, black, and icy blue accents. Mood is intense and visceral. Shot with a high‑speed camera, extreme close‑up, shallow depth of field, high contrast. Style combines scientific macro photography with dramatic fine‑art lighting, ultra‑sharp focus, and subtle motion blur of surrounding air particles.|τὸ_αἷμα_0018
τὸ ἅλας|the salt|A crystal‑clear close‑up of a heap of coarse sea salt glistening under bright, natural sunlight on a shallow glass bowl. Each grain sparkles like tiny pearls, reflecting warm golden tones and soft shadows. The background is a muted turquoise seafoam texture. Mood is fresh and tactile. Colors are ivory, warm gold, and soft blues. Shot with macro lens, high aperture for depth, and a slight backlight to highlight translucency. Style blends culinary macro photography with a minimalist aesthetic, high dynamic range, and a shallow depth of field that isolates the salt crystals.|τὸ_ἅλας_0019
τὸ κέρας|the horn|An ancient bronze hunting horn resting on a weathered stone plinth in a dimly lit tavern. Warm, amber lantern light spills from above, casting dramatic, elongated shadows across the polished metal surface, revealing intricate Celtic knotwork. The background shows blurred wooden beams and flickering candles, adding a rustic atmosphere. Color palette of deep browns, bronzy gold, and soft amber glow. Mood is historic and mysterious. Shot with a medium‑format camera, shallow depth of field focusing on the horn's curve, subtle lens flare from the lantern. Style merges archaeological artifact photography with cinematic low‑key lighting, enhanced texture rendering.|τὸ_κέρας_0020
τὸ ῥῆμα|the word / saying|A colossal, translucent figure—half-statue, half-mist—kneels in a void of starless indigo, cupped hands forming an ancient amphora. From its parted marble lips spills a liquid alphabet: molten gold letters that cascade like luminous honey, each character igniting into tiny supernovas before dissolving into constellations that rearrange themselves into unseen words. The letters cast no shadow, yet their glow carves radiant scars across the void, revealing layers of palimpsest universes beneath. Microscopic scripts crawl over the figure’s alabaster skin like living filigree, rewriting its form every heartbeat—now Socrates, now a child, now an empty hood. A single thread of silver light stitches the mouth to the viewer’s eye, vibrating with unspoken resonance. Depth of field razor-thin: the face crisp, the cosmic spill creamy bokeh. Palette: auric highlights against abyssal violet, prismatic flares on obsidian. Style: hyper-real baroque meets quantum surrealism, 8K, ray-traced caustics, subsurface scattering on marble, volumetric gold ink, shot on virtual 85 mm f/1.2, mood of sacred vertigo and hushed genesis.|τὸ_ῥῆμα_0021
τὸ σπέρμα|the seed / offspring|A hyper‑realistic macro view of a single golden seed cracking open to reveal a luminous, miniature human figure emerging, set against a dark, velvety background. The style blends scientific illustration with magical realism: crisp line work for the seed coat, soft glowing contours for the infant form. Warm, low‑key lighting from behind the seed creates a halo effect, accentuating the transition from darkness to light. Cool blues and purples dominate the surroundings, enhancing a sense of wonder and new life. Shot in ultra‑sharp 4K macro, with a shallow depth of field that blurs the backdrop, the image conveys hope, potential, and the intimate moment of birth.|τὸ_σπέρμα_0022
τὸ στόμα|the mouth|An elegant, stylized portrait of a classical Greek mask whose open mouth forms a cavernous portal, painted in a Baroque chiaroscuro style. The composition places the mask front‑center against a rich crimson curtain, with soft, dramatic side lighting from a concealed candle casting deep shadows and highlighting the ivory marble texture. Inside the mouth, a swirling galaxy of tiny golden letters floats, symbolizing speech. Warm amber and cool indigo color palette creates a mysterious mood. Rendered in high‑detail digital oil paint, 6K resolution, with a slight vignette to focus attention on the mouth as a conduit of words and stories.|τὸ_στόμα_0023
ὑψηλός|high, lofty, exalted|A breathtaking panoramic landscape depicting soaring marble columns that stretch beyond clouds, topped with luminous orbs, rendered in a neo‑classical cinematic style. The composition uses a low angle looking up, emphasizing verticality and grandeur. Golden hour sunlight bathes the scene in a warm, ethereal glow, while subtle pastel blues of the sky create a serene, exalted atmosphere. Light rays pierce the clouds, casting dramatic shafts that highlight the columns' crisp edges. The color scheme blends ivory, gold, and sky‑blue. Captured in ultra‑wide 16:9 format, 8K resolution, with a shallow depth of field that softens distant horizons, evoking awe and divine elevation.|ὑψηλός_0024
