Ἄνθρωπος κράζει|A person shouts|Vintage lithograph-style illustration of a rugged man mid-shout, mouth wide, one hand cupped to his beard-shadowed jaw. He stands on a weather-worn Athenian rooftop at sunset, terracotta tiles glowing ochre against a faded indigo sky. Cross-hatched shadows carve his tweed vest and rolled sleeves; a single sepia tone wash blankets the scene, evoking 1890s educational plates. Low, raking gaslight from a street lantern clips his silhouette, throwing a long dramatic shadow across the tiles. Fine stipple texture on distant hills, slight paper foxing in corners for authentic age. Composition: three-quarter view, bold outline, ample negative sky. Mood: urgent yet scholarly. Colors: burnt umber, Prussian blue, warm cream paper.|Ἄνθρωπος_κράζει_0001
Τέκνον κράζει|A child shouts|Delicate Victorian wood-engraving of a barefoot child shouting while chasing pigeons across a sun-bleached plaka courtyard. Short tousled hair, patched linen smock fluttering, mouth forming a perfect ‘O’. Strong white sunlight from upper left creates crisp chalky highlights; parallel hatching builds shade under olive tree. Palette: faded sepia, olive green, dusty terracotta, cream stock. Fine grain texture, slight platemark edges. Composition: low eye-level, wide negative space above to amplify youthful voice. Mood: playful, nostalgic. Technical: 600-dpi stipple combined with rhythmic line work, subtle scuffs for antique authenticity.|Τέκνον_κράζει_0002
Ἀδελφὴ κράζει|A sister shouts|Art-Nouveau style chromolithograph of a young woman calling from a wrought-iron balcony, floral headscarf whipping in sea breeze. Decorative sinuous border frames the scene; muted tertiary inks—faded rose, sea-foam green, warm umber—printed with slight misregistration for vintage charm. Soft diffused morning light kisses her cheek; cross-contour lines model her embroidered apron. Background: hazy Cycladic rooftops, hand-lettered Greek caption beneath. Composition: portrait orientation, central figure, ample ornamental margin. Mood: spirited, romantic. Paper texture: light deckled edge, soft cockling, faint age spots.|Ἀδελφὴ_κράζει_0003
Πετεινὸν κράζει|A bird shouts|Early 1900s zoological plate of a proud rooster crowing atop a split-rail fence. Fine copperplate lines detail every hackle feather; hand-tinted watercolor washes in dusty orange, sage, and barn-red applied slightly outside lines for antique appeal. Dawn sky graded from pale zinc yellow to cool Payne’s gray; long soft shadows stretch across straw. Composition: diagonal fence leads eye to subject, ample white margin with Latin annotation beneath. Lighting: crisp side light imitating morning sun. Mood: rustic, awakening. Paper: cream rag with faint plate tone and foxing spots.|Πετεινὸν_κράζει_0004
Ὁ ἄνθρωπος κράζει.|The person shouts.|Single-panel 1880s newspaper engraving: solitary man in peaked cap shouting into a stone well, echo lines hand-etched in radial bursts. Stark chiaroscuro created by dense parallel hatching; kerosene lamp on ground casts amber glow onto rough-hewn walls. Limited palette: black ink on newsprint-beige, subtle blue-gray spot color on horizon. Composition: tight vertical frame, figure offset to right, diagonal well curb adds dynamism. Mood: existential, raw. Authenticity: occasional broken lines, slight ink bleed, marginal printer’s marks.|Ὁ_ἄνθρωπος_κράζει_0005
Ἡ ἀδελφὴ κράζει.|The sister shouts.|Hand-colored Edwardian postcard illustration: sister leaning from whitewashed window, white dress billowing, mouth open mid-call to seafaring brother. Soft pastel chalk atop litho outlines—faded cerulean, rose madder, olive—applied with visible strokes. Backlighting from late-afternoon sun prints lace shadow across her bodice. Decorative Greek caption in ornate serif. Border: gilt scalloped edges, faint corner bump. Mood: longing, gentle nostalgia. Paper: glossy front, matte back, slight yellowing.|Ἡ_ἀδελφὴ_κράζει_0006
Τὸ τέκνον κράζει.|The child shouts.|A distressed toddler in a threadbare smock stands barefoot on a cracked cobblestone alley of 1890s Athens, mouth wide in a mid-shout wail, one tiny fist raised. Rendered as a hand-lithographed plate: grainy ivory paper, limited ochre & umber ink with a single vermilion highlight on his trembling lower lip. Loose, jittery cross-hatching and stippling create deep shadow pools; edges softly vignette like aged copperplate. Low afternoon sun slashes in from left, raking across rough wall plaster, leaving the child’s face half in burnt-sienna glow, half in cool Payne’s-grey shade—heightening drama without modern smoothness. Background simplifies to charcoal outline: a tavern sign, a stray cat silhouette, distant Parthenon line merely suggested. Slight foxing specks, off-register misprint blur, and a torn paper corner reinforce antique authenticity. Mood is raw, empathetic, timeless; palette warm earth with restrained accent, mimicking century-old textbook prints. Camera angle: low, 50 mm equivalent, subtle barrel distortion to echo vintage lens. Resolution 1200 dpi fine halftone texture, monochrome save for that one spot of red.|Τὸ_τέκνον_κράζει_0007
Ὁ ἄνθρωπος τύπτει καρπόν|The person hits fruit|Sepia-toned 1890s agricultural engraving: laborer striking laden olive branch with wooden rod, fruit raining into wicker basket. Dense cross-hatching defines muscular arms; stippled leaves shimmer in dappled orchard light. Horizon low, tree canopy creates arched frame. Colors: raw umber, olive black, warm paper. Lighting: angled morning sun from left, long soft shadows. Mood: harvest toil, quiet rhythm. Authenticity: plate scratch across corner, minor foxing, Latin caption ribbon beneath.|Ὁ_ἄνθρωπος_τύπτει_καρπόν_0008
Ὁ ἄνθρωπος τύπτει τὸν καρπόν|The person hits the fruit|Detailed copperplate etching: cloaked farmer thumping single pomegranate on stone ledge to loosen seeds, juice splash frozen mid-air. Fine spiralling lines depict arils; chiaroscuro achieved through etched aquatint tone. Background fades to velvety dark, spotlighting subject. Palette: burnt sienna ink on cream, subtle hand-tinted crimson on fruit. Composition: tight crop, dramatic diagonal arm. Mood: ritualistic, momentous. Paper: heavy laid with watermark, deckled edges, slight surface sheen.|Ὁ_ἄνθρωπος_τύπτει_τὸν_καρπόν_0009
Ὁ ἄνθρωπος τύπτει ἀδελφήν|The person hits a sister|A 1930s pulp-magazine lithograph illustration: inside a narrow, gas-lit Athenian back-alley at blue-hour, a gaunt man in a tattered charcoal frock-coat swings a heavy leather satchel toward a kneeling woman in a faded crimson head-scarf; she shields herself with an up-raised forearm, eyes wide, mouth open in a silent cry. Composition uses dramatic diagonal lines—cropped cobblestones, tilting doorframes, the man’s twisted torso—directing the eye to the impending impact. Palette: muted sepia browns, sickly olive shadows, and a single splash of vermilion on her scarf, all printed with visible halftone dots and slightly mis-registered inks for vintage authenticity. Lighting: a single amber street-lamp beam cuts across the scene from upper left, throwing long, razor-edged noir shadows and catching floating dust motes; everything else dissolves into velvety aquatint darkness. Texture: grainy paper fibers, slight plate-wear scratches, and a subtle cream border with typewriter-caption space reading “Η ΣΚΛΗΡΗ ΚΑΡΔΙΑ”. Mood: urgent, moralistic melodrama—freeze-frame of sin and sorrow. Render in high-resolution 4:5 portrait, 300 dpi, limited color separations, no modern elements.|Ὁ_ἄνθρωπος_τύπτει_ἀδελφήν_0010
Ὁ ἄνθρωπος τύπτει τὴν ἀδελφήν|The person hits the sister|Vintage lithograph illustration in sepia and charcoal tones, showing a stern man in classical Greek chiton raising his hand to strike a modestly dressed woman who recoils. Cross-hatched shadows create dramatic depth. Composition uses diagonal tension lines, with the figures positioned at golden ratio intersection. Soft, diffused window light from left casts theatrical shadows reminiscent of 19th-century educational plates. Fine stippling technique renders fabric textures. Warm umber background with cool grey highlights. The distressed paper texture shows slight foxing at edges, enhancing antique authenticity.|Ὁ_ἄνθρωπος_τύπτει_τὴν_ἀδελφήν_0011
Ὁ ἄνθρωπος τύπτει τέκνον|The person hits a child|Engraved Victorian-era illustration depicting a robed adult figure towering over a small child, rendered in muted ochres and deep browns. Strong chiaroscuro lighting from upper right creates stark contrast between abuser and victim. Cross-contour hatching defines muscular tension in the raised arm. Child's face obscured in protective posture. Composition follows rule of thirds with negative space amplifying emotional weight. Aged paper texture with deckled edges. Subtle plate marks visible. Color palette limited to burnt sienna, raw umber, and cream. Dramatic shadows cast in parallel lines typical of 1880s printmaking.|Ὁ_ἄνθρωπος_τύπτει_τέκνον_0012
Ὁ ἄνθρωπος τύπτει τὸ τέκνον|The person hits the child|Vintage lithograph-style illustration, 1890s educational-moralistic plate: a stern, mustachioed man in charcoal frock-coat and waistcoat raises a thin birch rod above his head, left hand gripping the collar of a small barefoot child in patched linen smock; the boy’s mouth open in a silent cry, tears suspended like glass beads. Set in a sparse cottage interior—whitewashed plaster wall, low wood stool overturned, single leaded window casting diagonal shaft of sepia light that cuts across the scene, dust motes illuminated. Cross-hatching and stippling build velvety shadows; muted palette of burnt umber, lampblack, and yellowed cream with touches of dull iron red on the man’s cravat. Composition anchored by strong vertical of the rod and diagonal of the light, creating tense triangular drama. Subtle hand-lettered caption space left blank at lower margin. Printed texture visible: faint grain, slight plate wear, foxing spots in corners, giving authentic 19th-century pedagogical poster feel.|Ὁ_ἄνθρωπος_τύπτει_τὸ_τέκνον_0013
Τὸ τέκνον νεύει|The child nods|Delicate hand-colored lithograph showing a young child in simple tunic captured mid-gesture, head gently inclined in affirmation. Soft pastel washes over precise ink outlines - pale rose, muted teal, and warm beige. Diffused natural lighting from left creates gentle modeling on rounded cheeks. Composition centers the figure with ample breathing space, following neoclassical balance. Fine parallel hatching in shadows, visible plate texture throughout. Background rendered in atmospheric washes suggesting interior space. The child's expression conveys innocent agreement, eyes downcast modestly. Slight yellowing of paper enhances period authenticity, with tiny age spots in margins.|Τὸ_τέκνον_νεύει_0014
Ἡ ἀδελφὴ τύπτει τὸν ἄρτον|The sister hits the bread|Elegant copperplate engraving depicting a woman in classical dress kneading or striking dough on a wooden table. Rich bistre and sepia tones with intricate cross-hatching creating volume in fabric folds. Strong directional light from upper left casts rhythmic shadow patterns. The composition uses triangular stability with the figure bent to her work. Fine stippling technique renders the coarse bread texture and wood grain. Background shows simplified kitchen interior in lighter tones. Plate tone visible in margins, slight foxing enhances vintage character. The woman's concentrated expression captured in minimal, confident lines typical of 1890s instructional illustrations.|Ἡ_ἀδελφὴ_τύπτει_τὸν_ἄρτον_0015
Ἡ ἀδελφὴ βλέπει τὸν ἄρτον|The sister sees the bread|Refined chromolithograph showing a modestly dressed woman gazing at a loaf of bread with quiet appreciation. Soft, muted palette of warm browns, dusty rose, and sage green. Gentle morning light filters through implied window, creating delicate highlights on the bread's crust. Composition employs golden spiral, drawing eye from face to bread. Fine parallel lines build subtle shadows while maintaining illustration's clean aesthetic. The woman's serene expression rendered with minimal but precise linework. Paper shows slight deckled edges with age-toning at margins. Tiny printing dots visible under magnification, characteristic of early color printing processes.|Ἡ_ἀδελφὴ_βλέπει_τὸν_ἄρτον_0016
Ἡ ἀδελφὴ ἐσθίει τὸν ἄρτον|The sister eats the bread|Warm-toned vintage illustration in sanguine and sepia, depicting a woman breaking bread with graceful economy of line. Soft, ambient lighting suggests domestic interior, creating gentle modeling on hands and face. Loose, confident hatching defines form while maintaining illustration's spontaneous quality. Composition places figure slightly off-center, following classical repoussoir technique. Bread rendered with white heightening against darker ground. Paper texture shows slight tooth with minor age spots enhancing authenticity. The moment captures simple nourishment with dignified restraint, eyes modestly downcast. Visible plate tone and subtle registration marks betray hand-printed origins, circa 1900 educational series.|Ἡ_ἀδελφὴ_ἐσθίει_τὸν_ἄρτον_0017
