αἴτει σέ τι |he/she asks you for something|Vintage 1940s Greek village square at golden hour, a barefoot child in faded linen extends tiny cupped hands upward toward viewer, sepia-toned with hand-tinted rosy cheeks, low sun casting long shadows across cracked marble steps, shallow depth of field, film grain, warm ochre and dusty rose palette, Leica III with 50mm Summar, f/2.8, Kodachrome emulation, soft vignette, nostalgic mood|αἴτει_σέ_τι_0001
 βοηθεῖ σοι |he/she helps / comes to your aid|1950s rural Greece, weathered farmer in suspenders grips splintered wooden plough while younger man steers tired oxen through sun-baked field, muted agave greens and earth browns, high-contrast midday light, dust motes sparkling, shot on Zeiss Ikon Nettar, 6×6 cm square negative, slight lens flare, colors hand-painted afterwards, feel of LIFE magazine spread, hopeful companionship|βοηθεῖ_σοι_0002
 δοκεῖ ποιῆσαι ἔργον |it seems good / he intends to do (a) work|Early-60s Athens rooftop, solitary carpenter in rolled sleeves studies hand-drawn blueprints against Acropolis silhouette, turquoise sky fading to amber horizon, Rolleiflex TLR, 75mm lens, crisp detail on rolled paper, bokeh city haze, cyanotype-blue shadows, subtle cross-processing, evokes classic Greek cinema still, determined quiet mood|δοκεῖ_ποιῆσαι_ἔργον_0003
 ἐκτείνω τι |I stretch out / extend something|Vintage 1930s classroom, elderly teacher in ink-stained smock stretches parchment map across black slate board for wide-eyed students, single shaft of window light illuminating chalk dust, muted sepias with hand-painted teal map seas, shot with Ensign folding camera, soft focus edges, gentle barrel distortion, timeless learning atmosphere|ἐκτείνω_τι_0004
 ἐλπίζω εἰς αὐτήν |I hope / expect in her/it (fem.)|Post-war 1950s port, young woman in headscarf gazes beyond horizon where lone white sail disappears, aged brass compass clutched to chest, pastel dawn pinks and corroded teal railing, Hasselblad 500C, 80mm Planar, velvety grain, delicate hand-coloring on scarf and sky, wistful optimism, soft vignette|ἐλπίζω_εἰς_αὐτήν_0005
 ἐπάνω |above, over, upon|1960s hilltop Orthodox chapel, stone bell tower rises above cypress tops into overcast indigo sky, rusty iron cross stands stark against last silver sunlight, wide-angle Voigtländer Vito B, high-contrast orthochromatic feel, deep shadows, minimal color pops of crimson poppies below, contemplative solitude, slight tilt-shift blur at edges|ἐπάνω_0006
 ἡ θλῖψις |the tribulation / affliction|1947 refugee alley, mother cradles sleeping infant under tattered shawl, peeling cerulean plaster wall behind, chiaroscuro oil-lamp light, Leica IIIc, 35mm Summaron, heavy grain, desaturated blues with hand-tinted amber lamp glow, evokes Cartier-Bresson compassion, resilient sorrow|ἡ_θλῖψις_0007
 ἡ θυγάτηρ |the daughter|1952 island courtyard, teenage girl in sun-faded floral dress twirls to feed white doves, whitewash walls glowing under noon sun, shadow stripes from pergola, Kodak Retina IIa, 50mm Schneider Xenon, pastel palette hand-painted afterward, crisp highlights, carefree innocence, slight overexposure for dreamy feel|ἡ_θυγάτηρ_0008
 ἡ μήτηρ |the mother|A 1950s hand-tinted photograph of a poised Mediterranean mother in a faded-rose cotton dress, seated on a cane-back chair beside an open kitchen window. She cradles a sleeping newborn wrapped in a crocheted cream-colored shawl whose scalloped edges catch the late-afternoon light. Behind her, mint-green cupboards, a humming chrome radio, and a small Orthodox icon in brass frame establish the retro interior. Golden hour sunbeams, diffused by gauze curtains, streak across peeling linoleum, illuminating swirling dust motes and the soft halo of her pinned-up dark hair. Shot on imaginary Kodak Ektachrome, the palette is muted pastels—dusty rose, sea-foam, buttercream—with subtle color-shift and grain, corner vignetting, and a hairline scratch for authenticity. Depth of field is shallow: her serene smile and the baby’s tiny fist are tack-sharp while background crockery dissolves into creamy bokeh. Mood is tender, timeless, quietly hopeful; composition centers on the diagonal line of her forearm leading the eye to the child’s face, echoing Renaissance madonnas but rendered with mid-century domestic charm.|ἡ_μήτηρ_0009
 ἡ μνᾶ |the mina (≈ 100 drachmas)|1938 Athens marketplace, vendor's weathered palm displays stack of ornate drachma coins on soiled linen cloth, background burlap sacks and brass scale out of focus, low morning sun, Agfa Isolette, 6×6 negative, sepia with hand-painted gold coin glints, shallow depth, evokes economic pulse of the era, tactile nostalgia|ἡ_μνᾶ_0010
 ἡ ὑπακοή |the obedience|Vintage 1940s Greek Orthodox iconography style, a lone woman in simple linen robes kneels on weathered stone steps of a monastery, head bowed, hands clasped in prayer, soft sepia light filtering through Byzantine arches, warm ochre and umber tones, shallow depth of field with dusty sunbeams, slight film grain texture, faded edges like an old postcard, humble reverence captured in chiaroscuro shadows|ἡ_ὑπακοή_0011
 ἡ χείρ |the hand|Retro 1930s medical anatomy chart aesthetic, a single weathered male hand extended against cracked plaster wall, dramatic Rembrandt lighting highlighting tendons and veins, desaturated olive and sienna palette, slight vignette and paper texture overlay, shallow depth showing every crease and callous, vintage brass ring catching light, evokes classical Renaissance study, aged parchment background with Greek annotations in faded ink|ἡ_χείρ_0012
 λογίζομαι ἔργον σοι εἰς τί |I reckon / count (a) work toward you as something|1950s Greek village scene through vintage lens, elderly man in worn waistcoat sits at taverna table counting copper coins beside unfinished wood carving, late afternoon golden hour light, warm terracotta and dusty blue tones, motion blur on moving hand, Polaroid-style frame edges, background faded like memory, oil lamp casting long shadows, evokes timeless value of craftsmanship|λογίζομαι_ἔργον_σοι_εἰς_τί_0013
 μαρτυρεῖ περὶ αὐτῆς |he/she testifies / bears witness about her/it|1960s courtroom drama aesthetic, weathered woman in black headscarf raises right hand before faded icon, single spotlight from above creating halo effect, deep shadows and harsh contrast, muted grayscale with touches of burgundy, film noir composition, witness stand worn smooth by generations, evokes timeless testimony, slight lens flare adding ethereal quality|μαρτυρεῖ_περὶ_αὐτῆς_0014
 ὁ ἄνηρ |the man / husband|Vintage 1920s Greek portrait studio style, stern patriarch in faded navy captain's uniform sits rigidly against mottled backdrop, hand resting on family Bible, tungsten lighting creating deep eye shadows, sepia toning with silver gelatin texture, shallow depth focusing on weathered face, brass buttons catching light, evokes generations of Mediterranean masculinity|ὁ_ἄνηρ_0015
 ὁ Ἰούδας |Judas (name)|1940s religious illustration aesthetic, cloaked figure in profile clutching small leather purse, moonlight through olive branches casting dramatic shadows, cold blue-grey palette with sudden kiss of silver coins, high contrast film noir lighting, background fades to black, evokes betrayal without showing face, slight motion blur on retreating silhouette|ὁ_Ἰούδας_0016
 ὁ πατήρ |the father|1930s Greek family photograph style, elderly priest in faded black robes holds ancient wooden crozier, standing before whitewashed village church, late afternoon light warming stone walls, muted earth tones with deep browns, soft focus edges like aged print, generations visible in weathered hands, evokes spiritual patriarch, slight sun flare adding divine quality|ὁ_πατήρ_0017
 ὁ ὑπηρέτης |the attendant / officer / helper|1950s press photograph aesthetic, young man in worn grey uniform holds silver tray with single glass of water, standing in shadows of grand marble corridor, available light creating dramatic diagonal, desaturated palette with touches of brass, motion blur suggesting quiet service, evokes anonymous dedication, vintage newsprint texture overlay|ὁ_ὑπηρέτης_0018
 οἰκοδομεῖ τι |he/she builds / edifies something|A 1950s hand-tinted photograph of a sun-weathered carpenter in rolled-up shirtsleeves and suspenders, perched on a creaking birch-wood scaffold against a half-framed cottage wall. He braces a hand-forged claw hammer, mid-swing, driving a glowing copper nail into honey-pine beams; sawdust motes hang like gold dust in low, late-afternoon light that slants through the open rafters, casting long Film-Noir shadows. Behind him, a faded Kodachrome sky—powder blue with streaks of salmon-pink cloud—peeks through the skeleton of the roof, while a rust-red toolbox and a mason jar of cloudy lemonade sit on a plank, labels yellowed and curled. Composition centers on the builder in rule-of-thirds, his profile sharp against the warm wood grain; depth-of-field simulates a 105 mm vintage Petzval lens, soft vignette and creamy bokeh swirling at the edges. Palette is muted mid-century: olive greens, ochre, tobacco browns, and bleached creams, all overlaid with fine grain, slight chromatic aberration, and the faintest crease marks of an old 4×5 print. Mood is quiet triumph—solitary craftsmanship, the hush before the echo of the strike. Shot on imaginary expired Ektachrome, ASA 64, with subtle silver halide sparkle in the shadows.|οἰκοδομεῖ_τι_0019
 παραλαμβάνω σε |I take / receive you (along)|1940s Greek wedding portrait style, elderly woman's weathered hand gently grasping younger woman's wrist, both in traditional black attire, window light creating Rembrandt triangle on faces, sepia toning with warm highlights, shallow depth showing interlaced fingers, evokes generational passage, slight soft focus like memory, faded edges suggesting family album|παραλαμβάνω_σε_0020
 τέσσαρες |four|A faded 1950s Greek classroom poster showing four weathered copper drachma coins arranged in a perfect square on sun-bleached parchment. Warm afternoon light streams through half-closed venetian blinds, casting striped shadows across the composition. The coins display intricate classical profiles worn smooth by countless transactions. Colors: oxidized copper greens, sepia browns, and tobacco-stained creams. Shot with shallow depth of field, slight grain, and the characteristic color shift of aged Kodachrome film. A child's careful pencil marks label the number '4' in both Greek and Arabic numerals.|τέσσαρες_0021
 τὸ λεπτόν |the small copper coin (mite)|Extreme macro photograph of a single ancient Greek lepton coin, captured through the dusty lens of a 1960s rangefinder camera. The tiny copper disc rests on faded blue ledger paper from an old Athens marketplace, its surface showing Minerva's owl worn to a ghostly silhouette. Side lighting from a vintage desk lamp creates dramatic relief, emphasizing every scratch and patina mark. Colors: deep verdigris, burnt umber, and the warm yellow of aging paper. Slight vignetting and the characteristic softness of vintage Zeiss optics. A merchant's weathered thumb partially visible, suggesting scale and human connection.|τὸ_λεπτόν_0022
 τρίτος |third|Vintage 1960s sports photograph capturing the emotional moment of a third-place finisher receiving their bronze medal on a rustic wooden podium. The athlete stands slightly to the right of frame, head bowed with a mixture of disappointment and quiet pride, wearing a faded team tracksuit with retro piping details. The bronze medal hangs from a worn ribbon, catching soft afternoon light. Composition follows classic photojournalistic style with shallow depth of field, focusing on the athlete while the blurred background shows cheering spectators in period-appropriate clothing. Warm sepia tones blend with muted greens and browns, creating that nostalgic film look. Authentic film grain, light leaks at the edges, and subtle vignetting enhance the retro aesthetic. Soft, diffused lighting suggests an overcast day at an old stadium with architectural details from the era. Include photographic artifacts like slight motion blur, dust spots, and the characteristic color shift of aged kodachrome film. The overall mood captures bittersweet victory and the dignity of not quite winning but still achieving something remarkable.|τρίτος_0023
 φωνεῖ σε|he/she calls / summons you|A vintage sepia-toned photograph of a lone figure standing at the edge of a misty road, their hand extended as if beckoning to an unseen observer. The mysterious silhouette wears early 1900s attire—a long coat and hat—with face partially obscured by shadow and drifting fog. Golden hour light filters through ancient trees, creating dramatic lens flares and soft focus effects. Dust motes float in shafts of light, while the background fades into ethereal mist. The composition follows the rule of thirds, with the figure positioned slightly left of center, creating depth through a diminishing perspective of the winding road disappearing into darkness. Subtle film grain and light scratches enhance the aged photograph aesthetic. The mood is haunting yet gentle, a quiet summons from another time. The color palette features warm amber, deep sienna, and faded cream tones, with vignetting at the corners to emulate vintage photographic techniques. A faint aura surrounds the beckoning hand, suggesting supernatural presence, while the surrounding environment appears weathered and nostalgic, as if captured on deteriorating film stock.|φωνεῖ_σε_0024
