βλέπει τήν |(he/she) sees / is looking at…|Illustration in warm watercolor and ink: a lone figure on a terraced hillside, half-turned, gaze lifted toward a distant white-sailed boat glinting on an indigo sea. Golden-hour light spills across the page, long shadows drawn with loose cross-hatching; olive and ocher washes bleed softly into the sky. Composition places the viewer slightly behind the figure, inviting us to follow the sight-line. Subtle graphite under-drawing peeks through, giving a hand-printed texture. Mood is wistful, suspended between motion and stillness.|βλέπει_τήν_0001
 ἐσθίει τήν |(he/she) eats / is eating…|Whimsical gouache illustration: a youth seated cross-legged beneath a pomegranate tree, tearing into crimson fruit whose seeds scatter like tiny rubies. Flat, decorative background of teal and rust tiles frames the scene; strong rim-light from the left outlines the silhouette in burnt sienna. Stylized brush patterns on garments echo vintage Greek pottery. Palette is earthy with jewel accents, creating a festive, tactile mood. Visible pencil strokes and mild paper grain preserve artisanal charm; depth kept shallow to emphasize the intimate act of eating.|ἐσθίει_τήν_0002
 ἡ ἀδελφή |the sister|Delicate pen-and-ink illustration with pastel washes: a young woman braiding her sibling’s hair beside an open arched window. Morning light, rendered with fine parallel lines, falls across linen drapery and their intertwined hands. Limited palette of dusty rose, sage, and sepia evokes quiet affection. Decorative border of meandering ivy frames the composition, giving a storybook quality. Negative space keeps focus on facial resemblance and gentle smile lines; cross-contour strokes add dimensional softness. Mood is tender, timeless, slightly nostalgic.|ἡ_ἀδελφή_0003
 ἡ ἐπιστολή |the letter (message)|Vintage lithograph-style illustration: a sealed scroll resting on weathered cedar wood, wax stamp catching a shaft of candlelight. Background dissolves into crosshatched dusk, emphasizing the luminous parchment. Deep umber and Prussian blue dominate, with a single vermilion accent on the ribbon. Composition uses tight cropping to create suspense, as if the viewer is about to unfurl the message. Fine stippling gives tactile texture; faint handwritten Greek text peeks from a torn edge. Atmosphere is anticipatory, secretive, imbued with historical gravitas.|ἡ_ἐπιστολή_0004
 ἡ κεφαλή |the head|Illustration in the style of a 15th-century anatomical woodcut: a lone classical marble head—severed yet serene—floats at dead-center against a parchment-colored void, surrounded by fine red and blue arrows, Latin labels in elegant copperplate, and delicate hatch-lines that chart veins and nerves. Dramatic chiaroscuro: a single diagonal shaft of warm candlelight carves glowing ivory highlights across the cheekbone and leaves the opposite temple in velvety umber shadow, emphasizing the cool alabaster texture. Palette limited to bone white, raw sienna, vermilion accents, and inky sepia linework; negative space tinted with the faintest tea-stain gradient for antique authenticity. Composition uses perfect vertical symmetry and a subtle 5-degree tilt to imply quiet disquiet. Render with precise cross-hatching, micro-engraved stippling on the neck’s severed edge, and razor-thin ink bleeds at contour edges; maintain visible paper fiber and faint plate-mark embossing. Mood: scholarly reverence tinged with eerie stillness, as if the head might speak a lost theorem. 4K resolution, 300 dpi, no modern elements.|ἡ_κεφαλή_0005
 ἡ κώμη |the village|Storybook watercolor illustration: terracotta-roofed cottages cascade down a hillside toward a moonlit harbor, each building simplified into geometric blocks of peach, lavender, and cobalt. Sweeping graphite outlines mimic etching, while translucent washes layer atmospheric depth. Lantern glows indicated by cadmium orange stipples; stars rendered as tiny white ink dots. Composition leads the eye in an S-curve from windmill at crest to fishing boats below. Mood is serene, communal, laced with nocturnal magic. Visible deckled paper edges reinforce folk-art charm.|ἡ_κώμη_0006
 ἡ ποίμνη |the flock (of sheep)|Soft pastel illustration: fluffy sheep drift across a spring meadow like cotton clouds, guided by a crook-bearing shepherd silhouetted against a rising sun. Limited palette of cream, pale mint, and lilac creates gentle harmony; charcoal accents define wool texture. Low horizon composition emphasizes expansive sky with sweeping chalk strokes suggesting breeze. Implicit morning light casts elongated shadows, grounding the scene. Decorative border of hand-drawn dog roses adds folkloric touch. Mood is pastoral, lullaby-quiet, celebrating simple abundance.|ἡ_ποίμνη_0007
 ἡ σκηνή |the tent / dwelling|Detailed ink-and-wash illustration: a striped canvas tent glowing warmly from within, pitched on rocky plateau beneath sweeping constellations. Crosshatched shadows anchor the structure while orange candlelight bleeds softly through fabric folds. Palette restricted to indigo, burnt umber, and amber for dramatic nocturnal effect. Foreground still-life of traveling satchel and discarded sandals invites narrative. Visible brush granulation conveys wind-whipped texture; constellation patterns drawn with white gel pen add whimsy. Mood is adventurous yet cozy, evoking nomadic solitude.|ἡ_σκηνή_0008
 κράζει |(he/she) cries out, shouts|Dynamic brush-and-ink illustration: figure on cliff edge, mouth open in mid-shout, drapery whipping backward like flame. Motion lines and splattered ink radiate outward, converting sound into visual energy. Palette of stormy grey, viridian, and sudden scarlet streaks amplifies urgency. Low-angle perspective places viewer below, heightening emotional impact. Negative space shaped like a shockwave frames the character, echoing Japanese manga influence yet rendered with Grecian garment folds. Rough paper texture enhances raw intensity; overall mood is cathartic, elemental.|κράζει_0009
 νεύει |(he/she) nods, beckons|Subtle graphite illustration with digital tint: half-length portrait of a veiled woman offering a slight downward nod, eyes lifted in invitation. Gentle crosshatching sculpts cheekbones; a single muted wash of indigo colorizes her shawl, drawing focus to the gesture. Soft vignette background keeps attention on nuanced body language. Fine line weights vary to imply motion, as though the nod is happening in real time. Minimal palette and restrained detail evoke quiet understanding, conspiratorial welcome. Mood is intimate, enigmatic, softly compelling.|νεύει_0010
 ὁ ἄνθρωπος |the human being, man|Illustration of a solitary male figure standing at the edge of an ancient marble plinth, rendered in warm sanguine ink and digital watercolor. Strong cross-hatching defines taut muscles; soft rose wash pools in the folds of a simple himation. Low, late-afternoon light rakes from left, gilding one shoulder while the face remains in contemplative shadow. Palette: burnt umber, terracotta, and muted gold against a parchment background. Composition centers the figure with generous negative space, evoking classical statuary. Fine liner outlines, subtle paper grain visible, slight vignette for timeless mood.|ὁ_ἄνθρωπος_0011
 ὁ ἄρτος |the bread, loaf|Illustration of a crusty round loaf split on a rough-hewn wooden table, drawn in sepia ink with digital pastel highlights. Loose, expressive contour lines trace the scored crust; warm ochre and toasted sienna washes suggest soft interior crumb. A single shaft of morning window light cuts across, scattering luminous crumbs and creating long, soft shadows. Palette limited to earth tones with a whisper of cerulean on the knife handle for contrast. Visible brushstrokes and paper texture enhance artisanal warmth, shallow depth of field keeps focus on bread, evoking humble sustenance.|ὁ_ἄρτος_0012
 ὁ θεός |God, god|Illustration, vertical scroll format: a towering, translucent figure of “ὁ θεός” emerges from a spiral of liquid starlight, body composed of shifting constellations and gold-inked Greek uncials that drift like smoke. Face obscured by a radiating halo of thin, white-gold lines—fine-nib pen strokes—extending beyond the page edges, suggesting infinite reach. Below, a tiny, robed shepherd kneels on a crescent of dark earth; his oil-lamp casts a warm umber pool that contrasts with the cool, pearlescent azures and violets of the cosmic backdrop. Cross-hatching and stippling build velvety shadows, while iridescent watercolor glazes lift the deity’s silhouette into ethereal glow. Soft, rim lighting traced in white gel-pen accents the contours, giving a back-lit, stained-glass effect. Palette: deep indigo, antique gold, muted olive, blush rose highlights. Composition uses golden-ratio spiral, guiding eye from shepherd upward through swirling text-constellations. Subtle parchment texture overlays the whole, edges deckled and tea-stained for an illuminated-manuscript feel. Resolution: 600 dpi line art merged with translucent watercolor layers, perfect for large-format print or scroll display.|ὁ_θεός_0013
 ὁ ἵππος |the horse|Illustration of a spirited stallion mid-gallop across an open steppe, rendered in dynamic brush-and-ink with translucent digital washes. Sweeping, calligraphic lines articulate flowing mane and tense musculature; dusty mauve and raw umber layers evoke windblown terrain. Late-day sunlight from upper right ignites a rim-light along the crest, casting long lavender shadows. Palette: tawny browns, muted crimson, pale sky blue. Low-angle side composition emphasizes power; visible ink splatters convey motion, subtle paper grain lends tactile authenticity.|ὁ_ἵππος_0014
 ὁ καρπός |the fruit / produce|Illustration of a wicker basket brimming with assorted fruit on a sun-dappled orchard table, drawn in vibrant colored pencil and watercolor. Clear, weighted outlines define pomegranates, figs, and grapes; layered washes build translucent crimson, plum, and honey tones. Soft overhead leaf-filtered light creates gentle vignette and scattered highlights on dewy skins. Palette: rich vermilion, fig purple, olive green, with touches of cerulean shadow. Top-down three-quarter view, selective detail on foreground fruit, background softly blurred, conveying abundant harvest.|ὁ_καρπός_0015
 ὁ νόμος |the law|Illustration in the manner of a 15th-century illuminated manuscript border: a towering marble stele rises from a cracked desert floor, its surface etched with shimmering Greek letters “ὁ νόμος” that bleed into living vines of gold leaf. Foreground: a blindfolded archangel in flowing indigo robes balances a bronze scale; one plate holds a feather, the other a tiny beating heart rendered with cross-hatching and stipple. Behind, a semi-circular cosmos of ultramarine and vermilion rotates like a mandorla, sprinkled with shell-gold stars that catch the light. Palette: muted umber, parchment beige, lapis, and cadmium red, all faded as if by centuries. Lighting: a single diagonal shaft of cold dawn light from upper left, creating sharp pen-work shadows and highlighting the stele’s fluted edges. Composition: rule-of-thirds with the stele on the right vertical, angel offset left, negative space filled with swirling marginalia—tiny skulls, olive branches, and serpents inked in fine crow-quill lines. Texture: visible tooth of handmade paper, occasional foxing spots, and subtle watercolor washes bleeding at edges. Mood: solemn, eternal, slightly unnerving. Technique: mix of fine line engraving and translucent gouache, tiny gold leaf highlights, no gradients—only stippled transitions. Resolution: 600 dpi parchment texture, crisp edges, no blur.|ὁ_νόμος_0016
 ὁ ὀφθαλμός |the eye|Illustration of a single human iris seen in extreme close-up, merging into a cosmic motif, painted in liquid watercolor and fine liner. Concentric rings of turquoise, amber, and onyx ripple outward; miniature constellations and nebulae subtly replace striations, suggesting universality. Soft radial lighting from pupil center casts gentle glow; minute white ink specks imply starlight. Palette: jewel-tone blues, warm ochre highlights, deep-space indigo shadows. Circular cropped composition, crisp detail at center fading to soft edges, textured cold-press paper enhances dreamy, introspective mood.|ὁ_ὀφθαλμός_0017
 ὁ χριστός |the anointed one, Christ|Illustration of a serene, robed figure standing waist-deep in translucent river water, rendered in muted gouache and sepia ink. Gentle cross-hatching sculpts bearded features; a discreet white dove hovers overhead emitting soft gold rays. Dawn backlight scatters rose and lavender reflections across ripples, forming subtle halo shapes. Palette: dusty rose, weathered linen, olive green, restrained gold accents. Vertical format with low horizon conveys ascension; visible brush textures and deckled paper edge add reverent, hand-crafted quality.|ὁ_χριστός_0018
 τὸ βιβλίον |the book / scroll|Illustration of an ancient papyrus scroll unfurling across a cedar desk, illuminated by flickering oil-lamp glow, drawn in warm brown ink and digital tempera. Precise linework depicts frayed edges and weathered hieratic script; translucent washes of ochre and burnt sienna imply aged parchment. Diagonal side lighting casts dramatic folds and long shadows, evoking scholarly intrigue. Palette: earthy browns, muted gold, hint of indigo shadow. Tight, shallow depth composition focuses on texture; subtle paper fiber and ink bleed convey antiquity.|τὸ_βιβλίον_0019
 τὸ ἱμάτιον |the garment, cloak|Illustration of a flowing woolen himation draped over a low marble balustrade at twilight, painted in soft watercolor and ink. Loose, confident brush lines trace heavy folds; layered indigo and madder washes pool in crevices, catching last lilac light of dusk. Background hints at distant cypress silhouettes, rendered in diluted Paynes grey for depth. Palette: deep indigo, mauve, weathered ivory highlights. Asymmetrical composition with cascading diagonal folds conveys weight and movement; visible granulation and cold-press texture lend tactile authenticity.|τὸ_ἱμάτιον_0020
 τὸ πετεινόν |the bird|Illustration of a small Aegean bird perched on a broken marble column fragment, rendered in the style of a 19th-century naturalist’s plate. Fine ink linework defines every barb of its rust-ochre and indigo feathers; subtle watercolor washes bloom outward, leaving white paper halos that catch Hellenic sunlight from upper left. Background: a hazy, cerulean-to-lavender gradient suggesting sky, framed by a thin, decorative border of meander motifs. Soft graphite shadows ground the bird, while a single ink splatter implies sudden flight. Palette limited to burnt umber, Prussian blue, and marble white for timeless clarity.|τὸ_πετεινόν_0021
 τὸ ποτήριον |the cup / drinking-vessel|Illustration of a black-figure kylikes cup, tilted three-quarters on a pale papyrus ground. Bold, scratchboard-style engraving lines depict heroic figures circling the bowl; warm umber wash pools inside, fading outward to create sun-bleached age spots. Directed rim-light from the right produces a crisp white edge and translucent shadow cast in dilute indigo. Composition centers the cup on a low, imaginary horizon, negative space above suggesting sacred silence. Limited palette: terracotta, carbon black, and parchment beige, with one gold-leaf highlight on the lip for votive shimmer.|τὸ_ποτήριον_0022
 τὸ τέκνον |the child|Illustration of a barefoot child in a simple linen chiton standing among wind-bent wheat, drawn with delicate Conté-crayon lines and soft gouache tints. Golden-hour light rakes from left, turning edges of hair into glowing filaments and warming rosy cheeks. Background simplified: two horizontal bands—warm ochre earth and pale cyclamen sky—meet at mid-frame, evoking archaic pottery. Sparse white chalk highlights on eyes and knuckles create innocence, while a single lapis-blue bead necklace offers color accent. Overall mood: quiet wonder, timeless Mediterranean childhood.|τὸ_τέκνον_0023
 τύπτει τήν|(he/she) strikes / hits…|Illustration capturing the frozen millisecond of a sandaled youth striking a ceremonial drum. Dynamic brush-ink lines radiate outward, emulating ancient red-figure vase motion. Foreshortened arm rendered in burnt sienna, drumhead in creamy white with a radial burst of cadmium red suggesting impact. Low side-lighting carves muscular contours and throws long, cobalt shadows across a mosaic floor hinted by geometric hatching. Background dissolves into smoky graphite vapor, pushing focus onto the kinetic pose. Palette: earth reds, marble white, and deep indigo for drama; visible pencil construction marks left intentionally for energetic, unfinished authenticity.|τύπτει_τήν_0024
