γινώσκω αὐτήν |I know / perceive / recognize it (fem.)|A luminous Greek muse in translucent drapery, eyes reflecting ancient constellations, reaches toward a glowing scroll half-emerged from shadows. Marble columns fade into mist, moonlight carving silver edges across her face. Palette of lapis, ivory, and electrum; soft rim-lighting, shallow depth, 85 mm lens, cinematic chiaroscuro, ultra-sharp 8 K, subtle cyan glow on skin, contemplative serenity, classical oil-paint texture blended with hyper-real clarity.|γινώσκω_αὐτήν_0001
 δέρω σε |I flog / beat you|Low-key tungsten scene: a scarred leather whip arcs through amber dust motes, frozen mid-snap. Background figure cloaked in deep crimson, face unseen, only taut arm visible. Single spotlight from left casts razor shadows, sparks of ochre sand, bruised violet backdrop. High-speed shutter, 50 mm prime, gritty film grain, dramatic Baroque contrast, visceral tension, blood-warm palette, tactile textures of worn rope and sweat-slick skin.|δέρω_σε_0002
 δέχομαι αὐτήν |I receive / accept it (fem.)|Golden-hour wheat field, a young woman in white linen opens palms skyward as a translucent dove descends, wings lit like frosted glass. Warm honey light wraps around braids and barley heads, gentle lens flare, pastel sky melting to rose. 35 mm, f/1.4, dreamy bokeh, soft impressionistic brushstroke overlay, tranquil acceptance, muted earth palette with iridescent highlights on feathers.|δέχομαι_αὐτήν_0003
 εἶδον αὐτήν |I saw / have seen it (fem.)|Noir city alley at midnight, rain-slick cobblestones mirror neon cerulean and magenta signs. A woman in 1940s emerald dress walks away, silhouette dissolving into steam, only her reflection sharp in a puddle. High-contrast chiaroscuro, 28 mm wide-angle, wet highlights, cool desaturated tones with selective color, cinematic grain, fleeting memory mood.|εἶδον_αὐτήν_0004
 εἶπον αὐτήν |I said / spoke it (fem.)|Minimalist deep-space backdrop, a marble Greek kore statue whispers toward a glowing phonetic symbol that drifts as golden light particles. Single overhead softbox, stark black negative space, warm ivory figure against cold void, 135 mm telephoto, razor focus on lips, subtle subsurface scattering, silent echo mood, monochrome with gilded accents.|εἶπον_αὐτήν_0005
 ἡ ἀσθένεια |the sickness / weakness|Surreal interior: cracked porcelain doll on tarnished brass bed, translucent moths with veins of mercury escaping her fractured chest. Sickly teal pallor, wan candlelight flickers, dusty rose wallpaper peeling into abstract spores. 50 mm, low saturation, high clarity on textures, melancholic atmosphere, symbolist palette of mold greens and bruised lilacs.|ἡ_ἀσθένεια_0006
 ἡ Ἱεροσόλυμα |Jerusalem|Aerial dawn over ancient limestone walls, golden dome catching first sun, narrow streets glowing amber, cypress silhouettes, distant olive hills veiled in lilac haze. Ultra-wide 14 mm drone shot, HDR, soft pastel sky gradation, timeless reverence, warm ochre and dusty rose palette, crisp detail, cinematic tilt-shift subtlety.|ἡ_Ἱεροσόλυμα_0007
 θέλω αὐτήν |I wish / want / will it (fem.)|Baroque candle-lit study, velvet drapes aflame with carmine light, scholar reaches for a floating translucent female mask glowing with inner gold. Deep crimson and emerald shadows, 35 mm, shallow depth, dramatic rim highlights, chiaroscuro oil-paint texture, intense longing, sharp focus on trembling fingertips.|θέλω_αὐτήν_0008
 κακός |bad, evil, worthless|High-contrast black-and-white wasteland, gnarled tree roots coil around a rusted broken crown, storm clouds swirl into skull shapes. Hard side lighting, 24 mm wide, gritty high-resolution grain, stark whites and abyssal blacks, oppressive mood, tactile corrosion detail, minimal color accent of arterial red on thorns.|κακός_0009
 καλῶς ἔχω |I am well / things are well|Sun-drenched Mediterranean terrace, white linen curtains billow, turquoise sea glints beyond balustrade, terracotta pot of blooming basil in foreground. Warm 5600 K light, soft pastel blues and whites, 50 mm f/2, gentle lens glow, serene smile of unseen figure, crisp yet painterly texture, tranquil harmony, postcard clarity.|καλῶς_ἔχω_0010
 κενός |empty, vain|A vast, abandoned neoclassical hall with crumbling marble columns, dust motes drifting through shafts of cold, pale moonlight. Centered, a single cracked mirror leans against a wall, reflecting nothing but an endless void of swirling charcoal-gray mist. Color palette: desaturated whites, cold grays, faint sickly green. Style: high-detail surreal realism, 8K, 50 mm lens, f/1.4, shallow depth of field, subtle film grain. Mood: aching hollowness, oppressive silence. Negative space dominates, edges vignetted to deepen the sense of futility.|κενός_0011
 κωφός |deaf / mute|Extreme close-up of a young person's profile, ear replaced by smooth, unbroken alabaster skin. Mouth sewn with translucent glass threads that refract a single candle’s flame into spectral colors. Background falls into bokeh of muted indigo and ash. Lighting: chiaroscuro, candlelight only, razor-thin highlights on skin. Style: hyper-real macro, 100 mm lens, f/2.8, 32-bit color depth. Mood: suffocating stillness, unspoken screams frozen in warm breath vapor. Colors: desaturated flesh tones, cold blues, ember orange accents.|κωφός_0012
 μέσος |middle, midst|A lone figure stands on a narrow stone bridge that slices through the exact center of a perfectly symmetrical spherical chamber of infinite mirrors. Every reflection shows the figure from a different hour of their life, fading to shadows at the periphery. Lighting: concentric rings of soft neutral white, converging on the bridge, creating an infinite tunnel effect. Palette: monochrome grays, subtle gold rim light. Style: architectural surrealism, 24 mm tilt-shift lens, f/8, crisp focus from foreground to infinity. Mood: meditative suspension, temporal vertigo.|μέσος_0013
 ὁ γάμος |the wedding / marriage|Golden-hour outdoor ceremony beneath an ancient gnarled olive tree, white silk ribbons fluttering like restless spirits. Bride and groom silhouettes exchange thin gold rings that catch the sun, projecting fractal light patterns across guests’ faces. Composition: rule-of-thirds, low angle to elevate the couple against a burning orange sky. Style: cinematic photojournalism, 35 mm lens, f/2.2, warm highlight roll-off, subtle anamorphic flare. Colors: ochre, cream, deep olive, hints of crimson in wildflowers. Mood: jubilant yet solemn, wind carrying whispered vows.|ὁ_γάμος_0014
 ὁ πύργος |the tower|A colossal ancient stone tower rises from a mist-shrouded Mediterranean cliff, its cyclopean blocks weathered by millennia of salt wind, crowned with a crumbling Hellenic temple whose marble columns glow like amber under a low, storm-split sunset. Style: hyper-realistic neoclassical fantasy, shot on 8×10 large-format film, crisp 16-bit depth, 8K resolution. Composition: low-angle drone perspective, tower occupying left third, diagonal line of cliff edge cutting through frame, negative sky filled with rolling purple thunderheads edged in molten gold; foreground wild thyme and silvery olive branches create shallow depth-of-field bokeh. Lighting: chiaroscuro; warm oblique sunlight grazes western façade, carving deep raking shadows into every crack, while cool cerulean twilight fills eastern recesses, producing complementary orange-cyan color harmony. Mood: sublime isolation, archaic mystery, a sense of forgotten divinity. Colors: weathered limestone greys, oxidized bronze greens, bruised plum clouds, flickering ochre highlights on capitals, subtle iridescent lichen sparkles. Technical: f/1.8 for creamy background blur, ISO 64 for noiseless clarity, 14 mm equivalent lens for majestic scale; add faint volumetric god-rays, delicate film-grain, and distant gull silhouettes for scale.|ὁ_πύργος_0015
 δλος |whole, entire|A translucent glass sphere floating in a white void, inside which an entire lush continent—mountains, rivers, cities—rotates slowly as one living organism. Soft volumetric light emanates from within, casting no shadows, implying completeness without outside influence. Style: high-concept macro, 200 mm lens, f/4, focus stacked for absolute sharpness. Colors: iridescent greens, sapphire blues, pristine white. Mood: serene totality, self-contained harmony. Composition: dead-center, slight lower vantage to emphasize grandeur of the microcosm.|δλος_0016
 πρῶτος |first, chief|A regal figure in gleaming bronze armor stands atop the highest step of a sun-bleached marble pyramid at dawn, spear raised, casting the very first shadow of the day across the land below. Warm sunrise light carves golden edges on armor, lens flare crowns the spear tip. Style: epic historical realism, 24 mm lens, f/11, HDR capture. Colors: molten gold, dusty rose sky, cool violet shadows. Mood: triumphant genesis, destiny incarnate. Composition: low angle, slight tilt for dynamism, dust particles swirling in backlight.|πρῶτος_0017
 πτωχός |poor, beggar|Nighttime alley lit by a single flickering neon sign, an elderly beggar huddled against a steam vent, hands cupped around an empty tin can that reflects the sign’s sickly teal glow. Rain-slick cobblestones mirror the scene upside-down, doubling his isolation. Style: gritty street noir, 50 mm lens, f/1.8, high ISO grain, shallow depth with bokeh city lights. Colors: desaturated browns, toxic teal, rust orange. Mood: cold empathy, urban abandonment. Composition: tight vertical frame, subject off-center, steam swirling toward camera.|πτωχός_0018
 πῶς |how?|A child kneels on a polished wooden floor, staring wide-eyed at a floating Möbius strip made of glowing liquid light that continuously inverts itself, droplets defying gravity. Soft afternoon sun through lace curtains creates dappled patterns, intersecting the impossible object. Style: whimsical surrealism, 35 mm lens, f/2.8, subtle motion blur on droplets. Palette: warm beige, pastel rainbow highlights, soft shadows. Mood: innocent wonder, intellectual curiosity. Composition: eye-level, rule-of-thirds, shallow focus on child’s awe-filled eyes.|πῶς_0019
 πῶς ἔχεις; |How are you?|Two old friends sit across a small round café table scratched with years of initials; one reaches forward, gently touching the other’s wrist, asking without words. Window light diffuses through vintage glass, bathing their faces in soft amber, eyes locked, slight smiles under mustaches of coffee foam. Style: intimate portrait realism, 85 mm lens, f/2, creamy bokeh of hanging plants behind. Colors: sepia tones, faded teal cups, warm skin hues. Mood: tender concern, quiet reunion. Composition: tight square crop, focus on intertwined hands, steam curling from cups.|πῶς_ἔχεις_0020
 τὸ βάπτισμα |the baptism|Byzantine fresco style, intimate underground font beneath a dome of pale gold mosaic, a naked infant held over rippling indigo water that catches shards of candlelight, priest’s crimson stole reflected as liquid rubies, single beam of sunlight slicing through incense haze to illuminate the child’s face, ultrareal 8K, shallow depth of field, warm tungsten vs cool stone, sacred hush, 35 mm lens, subtle film grain|τὸ_βάπτισμα_0021
 τὸ οἴκημα |the room / chamber|Baroque chiaroscuro, vaulted stone chamber lit by lone hanging oil lamp casting amber pool across worn Persian rug, mahogany table with single open manuscript, dust motes swirling in shaft of moonlight from high slit window, shadows swallowing corners, muted palette of umber, sienna and deep teal, 4K photoreal, 50 mm prime, low-key lighting, atmosphere of quiet anticipation|τὸ_οἴκημα_0022
 τὸ φῶς |the light|Celestial abstraction, blinding white-gold burst fracturing midnight-blue void, concentric halos of rose and turquoise refracting like cathedral glass, particles suspended in zero-gravity luminescence, ultra-sharp 16K macro, long exposure star-trail effect, high contrast, ethereal serenity, cool rim highlights against warm core, cinematic widescreen 2.39:1|τὸ_φῶς_0023
 χαίρω ἐν|I rejoice in …|Impressionist plein-air, sun-drenched olive grove at golden hour, young woman spinning in flowing white linen, arms outstretched catching drifting yellow petals, lens flare and bokeh of warm saffron and lavender, gentle breeze blurring edges, joyful smile half-shadowed by straw hat, 85 mm f/1.4, pastel palette, glowing skin tones, nostalgic happiness, soft vignette, high-resolution oil-paint texture|χαίρω_ἐν_0024
