βλέπει τήν|(he/she) sees / is looking at…|Surrealist scene: an enormous floating eye with wings hovers above a melting staircase that spirals into a storm-tossed sea. Where the pupil should be, a miniature door opens onto a golden wheat field under a lime-green sky. Chiaroscuro lighting—sharp white beams from the eye dissolve into crimson puddles on the stairs. Palette: electric ultramarine, cadmium orange, bruised violet. Soft-focus edges, baroque clouds shaped like Greek letters, subtle fish-eye distortion. Shot on 50 mm, f/1.4, high-resolution dream-grain texture.|βλέπει_τήν_0001
ἐσθίει τήν|(he/she) eats / is eating…|A headless figure in tattered linen sits at a table suspended mid-air, devouring its own marble reflection with silver fork and knife. The mirror-portion reappears inside the torso as a glowing pomegranate orchard. Background clocks drip like honey; candle flames are frozen ice-blue. Lighting: low-key tungsten from below casting long ochre shadows. Colors: desaturated flesh, verdant pomegranate, cold cyan highlights. Painted with Dalinian precision, slight motion blur on the fork, 35 mm lens, shallow depth of field, subtle film grain.|ἐσθίει_τήν_0002
ἡ ἀδελφή|the sister|Twin sisters fused at the elbow stand in a desert of cracked porcelain, hair braided into Möbius strips that flutter like prayer flags. One holds a glass egg containing a storm; the other offers a key made of smoke. Overhead, a moon fractures into mirror shards reflecting different phases. Palette: alabaster, burnt umber, iridescent teal. Lighting: cool rim light plus warm fill from the egg, creating surreal double shadows. Hyper-real detail, slight tilt-shift, 85 mm, velvety bokeh, faint crystalline texture across skin.|ἡ_ἀδελφή_0003
ἡ ἐπιστολή|the letter (message)|A parchment letter folds itself into an origami boat sailing across a sky-canal that flows through a library without gravity. Ink words detach, turning into black butterflies that rearrange into constellations spelling forgotten names. Colors: sepia paper, indigo sky, flashes of vermilion on butterfly wings. Lighting: diffused dawn glow intersected by sharp candle beams. Magritte-style clouds shaped like envelopes, crisp focus on foreground folds, soft vignette, 28 mm wide-angle, subtle cross-processing for vintage feel.|ἡ_ἐπιστολή_0004
ἡ κεφαλή|the head|A colossal stone head floats above a chessboard city, its cranium hinged open to reveal a night sky with orbiting gears and miniature galaxies. Hair morphs into waterfalls that irrigate rooftop gardens below. Palette: granite gray, deep cosmic purple, molten gold accents. Lighting: dramatic rim light from an unseen sunset, internal stellar glow. Sharp architectural lines contrast with organic water motion; captured with 24 mm tilt-shift, high dynamic range, slight chromatic aberration for ethereal edge.|ἡ_κεφαλή_0005
ἡ κώμη|the village|A village of translucent houses stacked like nesting dolls climbs a ladder that disappears into a cloud shaped like an ancient map. Streets are ribbons of liquid starlight; villagers are silhouettes with birdcages for heads. Palette: opalescent whites, nocturnal blues, ember orange windows. Lighting: bioluminescent glow from cobblestones plus cool moonwash. Soft painterly finish, slight fish-eye curve, 40 mm lens, gentle depth-of-field falloff, surreal haze for dreamlike ambience.|ἡ_κώμη_0006
ἡ ποίμνη|the flock (of sheep)|A flock of sheep with cloud-wool grazes on a floating meadow that casts shadows shaped like musical notes onto an endless sheet-music desert. Shepherd is a shadow holding a staff of blooming sunflowers. Colors: creamy fleece, verdant pasture, parchment sand, solar-yellow blooms. Lighting: golden hour from below the meadow, creating upward shadows. Pastel softness meets crisp detail on wool curls; 135 mm telephoto, creamy bokeh, slight double exposure of sheet music overlay.|ἡ_ποίμνη_0007
ἡ σκηνή|the tent / dwelling|A tent stitched from ocean waves stands in a forest of inverted trees whose roots grasp floating lanterns. Inside, rugs of desert sand shift into hourglasses; the center pole is a lighthouse beam. Palette: marine teal, driftwood brown, lantern amber, twilight lavender. Lighting: internal beacon scattering through water-fabric, dappled leaf shadows inverted. Sharp focus on fabric ripples, soft on background foliage; 50 mm, medium depth of field, subtle lens flare, tactile water texture.|ἡ_σκηνή_0008
κράζει|(he/she) cries out, shouts|A figure opens mouth to release a spiral staircase of sound that shatters into glass birds piercing a sky of parchment. Each bird carries a small house on its back; falling fragments become seeds sprouting loudspeakers. Colors: monochrome figure, iridescent birds, sepia sky with crimson sound waves. Lighting: spotlight from the mouth, high-contrast chiaroscuro. Sharp frozen motion on shards, motion blur on spiral; 200 mm telephoto, shallow DOF, high-speed grain, echo-like multiple exposure.|κράζει_0009
νεύει|(he/she) nods, beckons|A giant marble head gently nods, causing ripples that transform surrounding hills into waves of liquid bronze. From the forehead, a translucent hand extends, inviting tiny silhouettes walking upside-down on the clouds. Palette: alabaster skin, oxidized bronze, storm-cloud indigo, soft gold highlights. Lighting: low sidelight carving ridges, warm fill from hand. Sharp texture on marble, fluid motion on bronze; 85 mm portrait lens, creamy bokeh, subtle slow-shutter drag for ripple effect.|νεύει_0010
ὁ ἄνθρωπος|the human being, man|A colossal translucent human figure dissolves into a staircase of floating ribs that spiral upward through storm-clouds; each step births miniature faceless clones who melt like candle wax, their golden droplets forming a reflective pool where upside-down cities grow. Harsh diagonal moonlight carves cyan and magenta halos around the figure’s hollow chest, while a single clock-hand eye rotates counter-clockwise, scattering sand that turns into startled ravens. Shot from a low worm-eye view, 35 mm lens, deep-focus, chiaroscuro against an iridescent oil-slick sky, evoking Dalí’s paranoiac-critical method.|ὁ_ἄνθρωπος_0011
ὁ ἄρτος|the bread, loaf|An infinite loaf slices itself across a desert of cracked porcelain plates; each slice levitates, revealing internal galaxies of seeds that orbit like tiny planets. Butter melts into liquid hourglasses dripping upward into a sky made of parchment maps. Warm sepia sidelight contrasts with cool cobalt shadows, emphasizing the surreal textures—crust like lunar regolith, crumbs transforming into translucent fish swimming through the air. Centered composition, medium format square frame, shallow depth of field, subtle fish-eye distortion, color grading reminiscent of Magritte’s eerie bakery windows.|ὁ_ἄρτος_0012
ὁ θεός|God, god|A titanic geometric deity composed of interlocking stained-glass triangles hovers above an ocean of liquid mirrors; each reflection shows a different universe where the deity does not exist. Lightning bolts freeze mid-flash, becoming crystalline ladders for miniature winged eyeballs. Ethereal backlighting fractures into prismatic rays, bathing the scene in shifting jewel tones—emerald, amethyst, topaz—while negative space forms an absent silhouette of the viewer. Wide-angle lens, high-dynamic-range, long exposure capturing motion trails of floating cathedrals dissolving into feathers.|ὁ_θεός_0013
ὁ ἵππος|the horse|A skeletal horse gallops vertically up a waterfall of liquid starlight, its mane replaced by fluttering manuscript pages that bleed ink into the night. Each hoofprint births a blooming clock-flower whose petals tick backwards. Cold rim-light outlines the equine form against a warm copper sky, while its tail unravels into a Möbius strip road traveled by ghostly carriages. Low-key lighting, 50 mm prime lens, slow shutter blur on the water, sharp focus on the skull, palette of Prussian blue and burnt umber echoing Ernst’s forests.|ὁ_ἵππος_0014
ὁ καρπός|the fruit / produce|Orchard trees grow downward from a lavender cloud ceiling, their roots tangling into chandeliers of luminescent fruit—peaches containing miniature suns, pomegranates bursting into flocks of ruby hummingbirds. A translucent farmer with fruit-skin hands harvests shadows, collecting them into baskets that overflow as dark wine rivers. Soft volumetric light filters through the clouds, casting dappled technicolor caustics on an impossible checkered ground. Macro tilt-shift lens, high saturation, shallow focus isolating a single levitating fig splitting into galaxies.|ὁ_καρπός_0015
ὁ νόμος|the law|Gigantic stone tablets float like dominoes across a courtroom made of breathing parchment walls; written text slithers off the surfaces, transforming into serpentine gavels that judge passing clouds. A blindfolded statue weeps ink that pools into mirrored corridors reflecting infinite appeals. Stark frontal lighting creates hard shadows shaped like scales, while crimson and indigo hues battle for dominance. Shot with a 24 mm lens, deep depth of field, symmetrical composition, grainy texture evoking aged legal documents, subtle double exposure of prison bars morphing into open birdcages.|ὁ_νόμος_0016
ὁ ὀφθαλμός|the eye|A cathedral-sized eye levitates above a desert of shattered spectacles; its iris is a spiraling library where tiny readers climb ladders across the pupil. Tears fall upward, crystallizing into a chandelier of frozen emotions that refract a sunset frozen mid-explosion. Soft diffused light contrasts with sharp specular highlights on the cornea, palette of rose gold and teal creating an otherworldly glow. Circular fisheye perspective, extreme macro on the iris fibers, bokeh shaped like tiny watching eyes, long-exposure light trails of blinking lashes.|ὁ_ὀφθαλμός_0017
ὁ χριστός|the anointed one, Christ|A translucent figure walks across a lake of liquid stained glass, each step fracturing the surface into mosaic fish that swim through the air. The head is a radiant void filled with orbiting thorn-crowns that cast golden halos shaped like infinite loops. Candle-flame angels melt into wax rivers carving canyons in the sky. Backlit by an eclipse, warm amber rays pierce cool ultramarine shadows, creating a divine contrast. 85 mm lens, low-angle shot, shallow depth isolating the figure, high-dynamic-range capturing both blinding highlights and deep cruciform shadows.|ὁ_χριστός_0018
τὸ βιβλίον|the book / scroll|An endless scroll unfurls from a cracked hourglass, its text composed of tiny human silhouettes climbing out and re-inking themselves. Pages fold into origami birds that migrate across a library storm where books rain like open umbrellas. Spotlight from an unseen source creates a tunnel of warm parchment light amid cool obsidian shadows, emphasizing the contrast between knowledge and void. Shot with a 50 mm tilt-shift lens, selective focus on a single letter transforming into a doorway, desaturated colors except for bursts of vermilion ink, subtle motion blur on the fluttering pages.|τὸ_βιβλίον_0019
τὸ ἱμάτιον|the garment, cloak|A spectral cloak hangs in mid-air, its fabric stitched from fragments of twilight skies and stitched stars that slowly rotate like a living orrery. Where it touches the ground, seasons bloom in concentric rings—snow, blossoms, sand, rust. A faceless tailor with scissors of moonlight cuts shadows from the hem, releasing them as ravens that stitch new constellations. Soft rim-light outlines the garment, while internal bioluminescent seams pulse cyan and magenta. Wide-angle 24 mm lens, low-key lighting, high-contrast, long exposure capturing star-trail threads, palette of indigo and rose echoing Tanguy’s dream cloaks.|τὸ_ἱμάτιον_0020
τὸ πετεινόν|the bird|A colossal translucent bird whose ribcage is an open aviary of floating miniature moons, wings made of melting clock-feathers dripping upward into a lavender sky. Below, an endless staircase of cracked eggshells descends into a mirror-smooth sea that reflects not the bird but its shadow as a human silhouette. Soft, lunar rim-lighting outlines the creature while a single warm spotlight from below casts long, impossible shadows that bend at right angles. Palette: bruised purples, oxidized copper greens, and sudden arterial reds. Shot with a wide-angle lens, shallow depth of field, high-resolution surrealism in the manner of Dalí meets Magritte.|τὸ_πετεινόν_0021
τὸ ποτήριον|the cup / drinking-vessel|A porcelain teacup the size of a cathedral, its interior a swirling galaxy where porcelain fish swim through liquid starlight. The handle is a serpentine road on which tiny suited commuters walk upside-down, defying gravity. Chiaroscuro lighting: a cold moonbeam slashes across the rim while warm candle-flames flicker from within the cosmic tea, creating contradictory shadows. Colors: bone-white ceramic, deep indigo space, molten-gold highlights. Composition: low worm’s-eye view, tilt-shift blur on the commuters, hyper-real textures contrasting with dream logic. Surrealist still-life, 8K clarity, subtle fish-eye distortion.|τὸ_ποτήριον_0022
τὸ τέκνον|the child|A faceless child in oversized adult clothes stands on a checkerboard floor that folds into the sky like origami. From the collar grows a blooming tree whose leaves are photographs of forgotten memories, each leaf burning with cool cyan flame. Lighting: theatrical spotlight from above creates a halo while the child’s shadow splits into multiple selves playing marbles with planets. Palette: desaturated sepia skin, electric cyan fire, muted vermilion checkerboard. Shot from a low diagonal angle, extreme depth of field, crisp textures against impossible geometry, evoking de Chirico’s melancholic surrealism.|τὸ_τέκνον_0023
τύπτει τήν|(he/she) strikes / hits…|An elegant porcelain hand wearing a lace glove shatters a glass wall, each shard freezing mid-explosion to reveal alternate realities inside: deserts, oceans, cityscapes. The hand’s shadow transforms into a bronze hammer with butterfly wings. Lighting: high-speed strobe effect, crystalline refractions casting rainbow caustics across a velvet-black void. Colors: alabaster skin, prismatic glass, deep noir background with sudden splashes of cadmium red where shards bleed. Composition: extreme close-up, 1000 fps frozen motion, macro detail on cracks, surreal kinetic sculpture vibe reminiscent of Man Ray’s rayographs.|τύπτει_τήν_0024
