ἀγαπητός|beloved, dear|Impressionist oil painting of golden light spilling across a weathered wooden cradle, rose petals scattered like tiny hearts, soft lavender shadows pooling beneath. Loose, feathery brushstrokes in tender pinks, warm ochres, and translucent cerulean create a hazy, affectionate glow. Diffused afternoon sunlight filters through muslin curtains, evoking intimacy and gentle warmth. Palette-knife texture on petals, impasto highlights on cradle rim. Canvas ratio 4:5, high chroma, visible bristle marks, no hard edges—only shimmering affection.|ἀγαπητός_0001
αἱ γενεαί|the generations|Impressionist meadow at twilight: overlapping translucent silhouettes of grandparents, parents, and a child releasing a paper lantern. Each figure rendered in broken color—mauve, viridian, amber—merging into swirling grass. Lantern glows cadmium orange, reflecting off faces in quick dabs. Atmosphere thick with ultramarine dusk; brushstrokes ascend diagonally, suggesting passage of time. Soft vignette edges, dynamic yet tender. 3:2 canvas, plein-air spontaneity, scumbled layers, visible ground showing through, conveying continuum of life.|αἱ_γενεαί_0002
ἀπαγγέλλω σοι λόγον|I report / announce (the) word to you|Impressionist riverside scene: a solitary messenger in indigo cloak, mouth slightly parted, hand extended toward listener half-seen in reeds. Morning mist rendered with pale tints of lemon and lilac, quick horizontal strokes suggesting whispered breath. Water glints with tessellated blues and silvers, mirroring sky. Word becomes visual ripple; no text, only gesture. Light diagonal from rising sun ignites messenger’s profile. 5:4 canvas, wet-on-wet blending, energetic broken lines, conveying urgency and delicacy of spoken truth.|ἀπαγγέλλω_σοι_λόγον_0003
αὐτὸς ὑπάρχει|he himself exists / is|Impressionist mountain mirage: lone figure dissolving into crystalline air, contours flickering between cobalt rock and lavender sky. Palette of titanium white, Prussian blue, raw umber applied in stippled patches; edges vibrate, refusing fixation. High-altitude light refracts, creating halo of pure cadmium around silhouette. Canvas 1:1, alla prima technique, thick impasto catching actual light, emphasizing presence-through-absence. Mood: serene, self-sustaining, ephemeral yet eternal.|αὐτὸς_ὑπάρχει_0004
γέμω τινός|I am full of / filled with something (gen.)|Impressionist orchard interior seen from within a glass jar: swirling quince, pomegranate seeds, sunlit pollen motes suspended in honeyed air. Jar walls suggested by loose curved strokes of sap green and lead white, distorting fruit into vibrant comma-shapes. Background trees melt into saffron and emerald haze. Light source overhead—warm cadmium spill—creates prismatic halos. 4:3 canvas, palette-knife smears, wet-in-wet, conveying overflowing abundance without literal overflow.|γέμω_τινός_0005
ἐκδέχομαί σε|I receive / welcome you|Impressionist doorway at golden hour: hostess in soft rose dress, arms opening, features suggested by three flicks of alizarin and ivory. Threshold rendered with warm siennas, cobalt tiles reflecting sky. Guest’s shadow merges with hostess’s hem in violet drag of brush. Bougainvillea spills overhead in reckless magenta dabs. Canvas 3:2, diagonal composition pulling viewer inward, broken color technique, edges shimmer—hospitality made luminous.|ἐκδέχομαί_σε_0006
ἡ ἄμμος|the sand|Impressionist dunescape under midday sun: infinite grains translated into myriad ochre, umber, and pale turquoise specks, each stroke a separate glint. Wind-scoured ridges indicated by rhythmic parallel flicks; shadow valleys in cool dioxazine. Sky a thin wash of phthalo, barely meeting land—horizon lost in vibrating color. Small figure with parasol suggested by four dabs, scale immense. 16:9 canvas, dry-brush texture, granular impasto, evoking heat, solitude, and shifting permanence.|ἡ_ἄμμος_0007
ἡ μάχαιρα|the sword|Impressionist dawn duel: slender blade catches sunrise, rendered with single sweeping stroke of pure cadmium over ultramarine shadows. Figures dissolve into complementary orange and violet swirls, only eyes and steel sharp. Background trees mere vertical shivers of viridian. Light flickers along edge via stippled white, suggesting motion and menace. 4:5 canvas, brisk broken strokes, wet-on-dry scumbling, tension conveyed through color vibration rather than detail.|ἡ_μάχαιρα_0008
ἡ περιτομή|the circumcision|Impressionist interior candlelit scene: soft focus on white linen, infant cradled by elders whose faces merge into umber and cobalt shadows. Candle flame a thick impasto of napthol crimson and gold, radiating concentric halos. Ceremony implied by gentle diagonal of hands, brushstrokes tender, almost trembling. Palette muted—raw sienna, payne’s gray, touches of vermilion—conveying solemnity and warmth. 5:4 canvas, chiaroscuro via colored light, visible underpainting, reverent mood.|ἡ_περιτομή_0009
ἡ σκοτία|the darkness|Impressionist nocturne: forest clearing where black is built from layered violets, deep teals, and midnight blues, broken by knife-scratched sparks of cerulean suggesting unseen moonlight. Tree trunks mere vertical gestures, foliage stippled so thickly it becomes velvet void. Single firefly dabbed in cadmium lemon guides eye. Canvas 1:1, paint applied with palette knife and fingers, surface tactile as night air. Mood: enveloping, mysterious, yet alive with chromatic depth.|ἡ_σκοτία_0010
ἡ φιάλη|the bowl / libation-cup|Impressionist oil painting of a shallow bronze libation bowl resting on sun-bleached marble, dappled Mediterranean light fractured into turquoise, ocher, and rose strokes. Loose, visible brushwork captures the trembling reflection of olive leaves and a distant temple column inside the curved vessel; a single crimson wine droplet dissolves into violet shadows. Background dissolves in warm haze, edges softened like memory; palette of cobalt, cadmium, and tarnished copper. Painted with broken color, wet-on-wet impasto, canvas texture showing through.|ἡ_φιάλη_0011
κἀγώ|and I, I also|Impressionist self-portrait fragment: a woman’s silhouetted profile dissolving into stippled Aegean light, her white veil flickering against ultramarine sea. Short, choppy strokes of viridian and alizarin ripple across the canvas, echoing her quiet assertion. Background figures blur into warm gray-violet atmosphere, only the glint of her eye and a single gestural hand remain sharp. High-key palette, candid outdoor illumination, paint applied briskly to convey fleeting presence.|κἀγώ_0012
κατακλίνω αὐτήν|I recline / lay her/it down|Impressionist scene at golden hour: a figure gently lowers a sleeping girl onto a terrace cushioned with saffron cloth. Broken brushstrokes of vermilion, lavender, and pale umber describe drapery fluttering in warm breeze; shadows tinted with complementary violets. Sunlight scatters through grape vines, creating tessellated light across both bodies. Depth suggested by atmospheric perspective; edges shimmer, colors merge, conveying tender, transitory calm.|κατακλίνω_αὐτήν_0013
κρούω τι|I knock / strike something|Impressionist capture of a youth rapping on a weather-blue door beneath flickering lamplight. Palette knife marks and thick impasto show the momentary vibration: cadmium orange lantern glow against Prussian night, sparks of titanium white suggesting sound. Loose strokes of sap green foliage blur in motion; the door’s peeling cerulean paint vibrates with complementary rust reds. Dynamic diagonal composition, high contrast, painterly texture evokes abrupt, resonant action.|κρούω_τι_0014
λοιπός|remaining, the rest|Impressionist twilight landscape: an empty stone bench overlooks an abandoned olive grove, last crimson rays streaking across ultramarine hills. Swift, feathery brushwork renders a single white shawl left behind, its folds catching lavender shadows. Airy mixture of burnt sienna, cobalt, and muted viridian conveys quiet aftermath; distant figures dissolve into smoky mauve horizon. Soft edges, open composition, light broken into shimmering particles evoke serene solitude.|λοιπός_0015
ὁ ὄνος|the donkey / ass|Impressionist painting of a dusty gray donkey standing in wildflower meadow, midmorning light fractured into lemon, cerulean, and magenta dabs. Thick, directional strokes define bristling mane catching warm breeze; background village melts into silvery atmospheric haze. Earthy umbers and olive greens contrast with touches of cadmium on saddle cloth. Visible canvas weave, broken color technique capture placid strength and rustic warmth.|ὁ_ὄνος_0016
τὸ ἄλευρον|the flour / meal|Impressionist kitchen interior: soft morning light filters through reed blinds, illuminating airborne flour particles that sparkle like tiny moons. Quick, chalky strokes of titanium white, Naples yellow, and pale madder depict a woman sifting grain onto a worn wooden table. Background utensils blur into cool violet shadows; warm highlights on hands suggest motion. Loose, pastel palette, wet-on-wet blending evokes powdery texture and quiet domestic ritual.|τὸ_ἄλευρον_0017
τὸ ἄρμα|the chariot|Impressionist racetrack at dawn: a bronze chariot wheel gleams amid swirling dust rendered with ochre, sienna, and cobalt streaks. Horses’ muscular forms suggested by layered, energetic strokes; rising sun scatters vermilion across metallic hubs. Spectators dissolve into flickering dabs of viridian and carmine, conveying speed and roar. Diagonal motion lines, high-key contrast, loose impasto emphasize heroic, fleeting instant.|τὸ_ἄρμα_0018
τὸ βαλλάντιον|the money-bag / purse|Impressionist tavern tableau: lamplight glints off a worn leather purse spilling copper and silver coins onto a scarlet tablecloth. Thick impasto highlights catch warm reflected glow; surrounding patrons rendered in loose strokes of indigo and sepia, faces obscured by pipe smoke haze. Complementary orange-blue palette, soft edges, visible brushwork evoke clandestine exchange and shimmering nocturnal atmosphere.|τὸ_βαλλάντιον_0019
τὸ γάλα|the milk|Impressionist dairy still-life: fresh milk cascades from terracotta jug into tin pail, droplets exploding into pearly whites, soft pinks, and sky-blue reflections. Dappled barn light filters through straw, brushy strokes of Naples yellow and lavender convey cool sweetness. Background cow silhouettes dissolve into warm umber haze; canvas texture visible, colors optically mixed to create luminous, fleeting freshness.|τὸ_γάλα_0020
τὸ δάκρυον|the tear|Impressionist close-up of a single crystalline tear suspended on a woman’s cheek, painted with loose, feathery brushstrokes. Soft morning light filters through lavender and pearl haze, refracting inside the droplet into prismatic blues, violets, and rose. Background dissolves into trembling strokes of pale celadon and warm ivory, suggesting a garden glimpsed through tears. Palette: tender mauves, wet ultramarine, hints of cadmium on skin. Canvas texture visible; broken color technique lets complementary flecks vibrate. Mood: fragile, luminous, a fleeting moment of sorrow held in light. 8K, oil-on-canvas simulation, gentle impasto on the tear’s highlight.|τὸ_δάκρυον_0021
τὸ ὀδόνιον|the small tooth|Impressionist still-life of a child’s tiny milk tooth resting on an open window sill at dusk. Brushstrokes are quick, stippled, catching the last honey-gold light that turns enamel into a miniature moon. Background melts into lavender shadows, garden greens blur through the pane, firefly specks of cadmium yellow. Palette: warm ivory, raw sienna, viridian, and mauve shadows. Loose scumbles suggest chipped paint on wood, conveying time’s passage. Mood: tender, nostalgic, a whisper of growth. Visible canvas weave, broken color, soft impasto on the tooth’s glint. 8K, oil texture, shallow depth, poetic quietude.|τὸ_ὀδόνιον_0022
ὑπομένω|I remain / endure / stay behind|Impressionist scene of a lone woman seated on an abandoned quay, back to viewer, facing a restless sea at sunrise. Quick, diagonal strokes of cobalt and teal animate choppy water; sky a trembling gradient of apricot to pale lilac. Her shawl rendered with thick, broken strokes of burnt umber and ultramarine, edges vibrating against luminous atmosphere. Wooden pylons dissolve into flickers of raw sienna and violet, suggesting decay yet persistence. Palette: salt-bleached oranges, cool blues, muted ochres. Mood: quiet resilience, solitude in motion. Visible impasto on wind-tossed highlights; canvas texture breathes. 8K, plein-air spontaneity, poetic endurance captured in light.|ὑπομένω_0023
χωρὶς αὐτῆς|without / apart from her/it|Impressionist view down an empty sunlit alley in a Mediterranean village, chair knocked over, dress fluttering on a clothesline like a ghost. Brushstrokes are rapid, broken: warm terracotta walls dissolve into rosy ochre shadows, cobblestones shimmer with lavender and turquoise reflections. A single vacant silhouette of a cat painted with one confident sweep, suggesting recent departure. Palette: bleached siennas, tender mauves, viridian shutters ajar to cerulean beyond. Light is dappled, almost trembling, conveying absence through color vibration. Mood: bittersweet vacancy, echo of laughter in pigment. Visible canvas weave, soft impasto on sunlit stucco. 8K, fleeting loss rendered in joyous color.|χωρὶς_αὐτῆς_0024
