βλέπει τήν|(he/she) sees / is looking at…|Photorealistic close-up of a young Greek woman’s sun-weathered profile against a cobalt sea at golden hour. Her amber eyes, sharp and glassy, lock onto an off-frame point, iris catching a pinpoint of liquid light. Shallow depth of field: every crow’s-foot and downy cheek hair razor-sharp; background Aegean horizon creamy bokeh. Warm low-angle sunlight carves warm bronze across her face, cool shadow fill from the sea, cinematic contrast. Colors: ultramarine water, ochre skin, white linen headscarf fluttering. 50 mm lens, f/1.4, 100 ISO, subtle lens-flare for emotional tension.|βλέπει_τήν_0001
ἐσθίει τήν|(he/she) eats / is eating…|Photorealistic macro of elderly male hands tearing fresh crusty village bread over a rough-hewn wooden table, crumbs in mid-air frozen by 1/2000 s shutter. Late-morning side light from open window rakes across olive-oil-glossed fingertips, scattering golden motes of dust. Color palette: warm browns, toasted siennas, deep slate shadows. Selective focus on glistening crumb texture; background olives and feta blur into creamy bokeh. Moody, intimate, almost Vermeer-like stillness captured with 85 mm, f/2.2, low ISO for velvety detail.|ἐσθίει_τήν_0002
ἡ ἀδελφή|the sister|Photorealistic waist-up portrait of a teenage Greek sister standing in a whitewashed Cycladic doorway, late-afternoon sun painting diagonal stripes across her linen dress. Soft smile, wind-teased dark curls back-lit into glowing filaments. Harmonious palette: chalk-white stucco, indigo door trim, rose skin tones. Gentle rim-light separates her from shadowed interior, 35 mm lens at f/1.8 yields creamy background compression. High dynamic range keeps white walls textured, eyes tack-sharp, conveying quiet familial warmth.|ἡ_ἀδελφή_0003
ἡ ἐπιστολή|the letter (message)|Photorealistic still-life of a creased handwritten letter on weathered pine table, soft dawn light filtering through muslin curtain. Ink slightly feathered, wax seal half broken, edges curled by salt air. Shallow depth: letter in crisp focus, background vintage fountain pen and olive wood chair dissolve into buttery bokeh. Palette: muted parchment, deep burgundy seal, cool cerulean shadows. 100 mm macro, f/2.8, low ISO, subtle vignette for nostalgic intimacy.|ἡ_ἐπιστολή_0004
ἡ κεφαλή|the head|Photorealistic extreme close-up of a marble classical statue head in raking museum light, every chisel mark and weathering pit in hyper-detail. Cool white stone gradients from specular highlight on cheekbone to velvety gray recesses. Background fades to black velvet negative space, isolating serene expression. Shot with 135 mm at f/2, high-res clarity, color strictly monochrome save for faint warm reflection of gallery spotlight, evoking timeless tranquility.|ἡ_κεφαλή_0005
ἡ κώμη|the village|Photorealistic aerial dusk shot of a hilltop Greek village: cubed whitewashed houses cascading toward indigo sea, terracotta roofs glowing under first street-lights. Golden-hour sky melts from amber to lavender; serpentine stone path catches last sunlight. Ultra-sharp 24 mm tilt-shift keeps entire scene in focus, slight vignette draws eye to tiny church dome. Colors saturated yet natural, long shadows add depth, conveying serene communal heartbeat.|ἡ_κώμη_0006
ἡ ποίμνη|the flock (of sheep)|Photorealistic low-angle shot of dust-kicking sheep flock crossing sun-scorched thyme meadow, bell clappers mid-tinkle frozen at 1/1000 s. Back-lit late sun halos curly wool, creating rim-light sparks on dust motes. Wide 35 mm lens, f/5.6 for deep field; mountains blur bluish behind. Earthy palette: dry ochres, muted olive, cool sky. Shepherd’s crook just edges frame, adding scale and story. Mood: dry, warm, cicada-loud summer urgency.|ἡ_ποίμνη_0007
ἡ σκηνή|the tent / dwelling|A weather-worn canvas field tent stands alone on a rise of ochre sand at the golden hour, its ridge-line glowing like a filament against the dying sun; loose guy-threads flutter, catching sidelight that reveals every fray and stitch. Inside, a single battery lantern hangs from the central pole, casting a warm 3200 K pool of tungsten light onto rumpled wool blankets, an open journal, and the glint of a brass compass, while the twilight sky outside cools to cobalt and the first star pierces the velvet. Compose low-angle, 35 mm full-frame, f/1.8, lens focused on the tent’s entrance flap half-zipped, inviting the viewer to step into the intimate refuge; depth-of-field melts the distant dunes into buttery bokeh, emphasizing solitude. Color palette: burnt umber canvas, apricot highlights, indigo shadows, subtle violet atmospheric haze; micro-contrast and 16-bit texture capture individual cotton fibers, dust motes suspended in the lantern beam. Hyper-real, no people, only the suggestion of recent human presence; mood is tranquil, nomadic, quietly sacred—an ephemeral dwelling between earth and cosmos.|ἡ_σκηνή_0008
κράζει|(he/she) cries out, shouts|Photorealistic action shot of weathered fisherman on storm pier, mouth open mid-shout toward turbulent Aegean, salt spray arcing behind him. Overcast sky delivers soft-box light, accentuating every vein in neck and flying droplet. Fast 1/2000 s freezes motion, 200 mm telephoto compresses chaotic slate-green waves. Color contrast: orange oilskin coat against steel sea. High ISO retains gritty detail, cinematic cool palette, visceral urgency felt through frozen gesture.|κράζει_0009
νεύει|(he/she) nods, beckons|Photorealistic candid of elderly grandmother on shaded taverna terrace, gentle chin-nod beckoning viewer, crow-footed smile under straw hat. Dappled grapevine light paints shifting lacework across her face, soft catch-light in wise eyes. 85 mm at f/1.6 isolates her against creamy bokeh of distant turquoise bay. Warm tones: sun-bleached wood, honey skin, faded blue apron. Atmosphere inviting, midday siesta calm captured in micro-gesture.|νεύει_0010
ὁ ἄνθρωπος|the human being, man|Photorealistic close-up portrait of a weathered middle-aged man, late afternoon golden-hour light raking across deep-set hazel eyes and sun-creased skin, subtle rim-light outlining the jaw and salt-and-pepper beard, shallow depth of field (f/1.4) isolating the subject against a softly blurred ochre wall, warm earthy palette with rich umber shadows, hyper-detailed 8K skin texture, gentle catchlight adding life and contemplative mood, cinematic 35 mm full-frame composition.|ὁ_ἄνθρωπος_0011
ὁ ἄρτος|the bread, loaf|Photorealistic studio still-life of a crusty artisan sourdough loaf, placed on worn walnut board with scattered flour dust, soft diffused window light from left creating delicate crumb highlights and deep crust shadows, 50 mm macro lens capturing every crack and sesame seed, neutral earthy tones against dark slate backdrop, shallow depth of field drawing eye to glossy torn center, steam subtly rising, mood of warmth and home-baked comfort, ultra-sharp 8K detail.|ὁ_ἄρτος_0012
ὁ θεός|God, god|A colossal figure emerges from golden clouds at dawn, photographed with a 200 mm telephoto lens on a full-frame sensor to compress the vast scale. The deity stands 30 stories tall, draped in luminous white linen that catches the first magenta-orange rays of sunrise; every fold is back-lit, revealing individual threads and microscopic dust motes that sparkle like stars. Shot at f/1.4, the shallow depth of field renders the foreground clouds as creamy bokeh while the eyes—liquid silver reflecting entire galaxies—remain tack-sharp. HDR bracketing captures 20 stops of dynamic range: from the deepest shadowed crevices of ancient sandstone beneath the figure’s bare feet to the specular highlights on a subtle, translucent halo formed by refracted sunlight. Color palette stays cinematic: warm golds, cool desaturated blues, and iridescent pearl skin tones, graded in post for velvety contrast. Cinematic rim light outlines the curled strands of a windswept beard, each hair catching light like fiber-optic filament. Mood is awe without fear—an inviting, omnipotent presence. Low-angle perspective from a kneeling height reinforces scale; rule of thirds places the eyes on the upper left intersection, drawing viewer gaze. 8 K clarity, no grain, hyper-real texture, subtle volumetric rays slicing through humidity.|ὁ_θεός_0013
ὁ ἵππος|the horse|Photorealistic action shot of a glossy black stallion galloping through shallow surf at sunset, flying mane and water droplets frozen by 1/2000 s shutter, side-lit by warm orange horizon glow creating metallic sheen on muscular frame, 200 mm telephoto isolating subject against blurred sea and sky, rich indigo shadows contrasting fiery highlights, intense focused eye and flared nostrils conveying power, cinematic 8K clarity, low viewpoint amplifying majesty and untamed spirit.|ὁ_ἵππος_0014
ὁ καρπός|the fruit / produce|Photorealistic harvest tableau: pomegranates, figs, and grapes spilling from woven basket onto sun-dappled wooden table, late-morning sidelight revealing dewy skins and translucent grape flesh, 35 mm lens for gentle perspective, vibrant reds and purples against muted burlap, shallow depth highlighting glossy pomegranate seeds, subtle motion blur on hovering wasp, mood of abundant late-summer fertility, ultra-detailed 8K texture on every leaf and droplet, warm Mediterranean palette.|ὁ_καρπός_0015
ὁ νόμος|the law|Photorealistic marble courthouse steps at dawn, a blind-folded woman in a flowing ivory toga stands center-frame holding a raised bronze balance scale; the rising sun backlights her silhouette, creating a soft rim-light on the folds of her robe and a subtle lens-flare across the 50 mm, f/1.8 prime lens. Low-angle shot places the viewer on the cool, dew-slick stone, leading lines of fluted Doric columns recede into a misty, cobalt-blue horizon. Colors: desaturated marble whites, muted gold scale, touches of crimson in a velvet drape at her feet; shadows are deep charcoal, highlights pure alabaster. Hyper-detailed 8K clarity, shallow depth of field isolates her serene expression, skin pores and marble grain visible; cinematic HDR, no text, no people in background, just the solemn majesty of justice.|ὁ_νόμος_0016
ὁ ὀφθαλμός|the eye|Photorealistic extreme macro of a human iris, electric blue with amber flecks, lit by ring-light revealing intricate crypts and furrows, razor-thin depth showing individual eyelashes like dark petals, 100 mm macro lens at f/2.8, mirror-like corneal reflection of sky and clouds, cool color palette with sapphire and silver, mood of intimate vulnerability, 8K clarity exposing capillary networks, subtle tear-gloss adding life, centered composition drawing viewer into the soul.|ὁ_ὀφθαλμός_0017
ὁ χριστός|the anointed one, Christ|Photorealistic portrait of a Middle-Eastern man with shoulder-length dark hair and subtle golden crown of thorns, soft Rembrandt lighting from side carving warm highlights across compassionate brown eyes and olive skin, 85 mm lens for intimate framing, deep crimson robe fading into velvet shadows, atmosphere of serene sacrifice, ultra-real 8K skin texture with faint scar, shallow depth isolating subject against black void, gentle lens bloom adding sanctity, palette of earth and flame.|ὁ_χριστός_0018
τὸ βιβλίον|the book / scroll|Photorealistic close-up of an ancient papyrus scroll unfurling across weathered stone desk, warm candlelight from right revealing faded sepia script and frayed edges, 50 mm macro lens capturing fiber texture and wax seal crumbles, shallow depth focusing on central text, muted ochre and umber palette, wisps of smoke curling from extinguished candle suggesting timeless study, 8K detail on every crack and ink blot, atmosphere of reverent scholarship, low-key chiaroscuro.|τὸ_βιβλίον_0019
τὸ ἱμάτιον|the garment, cloak|A sun-bleached linen himation hangs on a rough-hewn cedar door, folds still holding the warmth of the wearer; shot at golden hour, 85 mm f/1.4, full-frame sensor, shallow depth of field that liquefies the background into shimmering olive-green bokeh. Micro-fibers and individual warp-weft crossings resolve in razor clarity, each thread catching sidelight like frost on marble. Dust motes drift through the beam, backlit into tiny comets. Color palette: warm ivory cloth, muted terra-cotta wall, deep indigo shadow creeping from the threshold—subtle, lifelike saturation, no stylized filters. Composition: cloth occupies left two-thirds, diagonal drape leading the eye to a bronze fibula glinting top-right; negative space right balances the scene. Mood: quiet aftermath, a garment paused between wearer and world, evoking classical Mediterranean simplicity. Technical: photorealistic, ultra-sharp 8 K, high dynamic range, natural texture preservation, no lens flare, faithful chromatic rendition.|τὸ_ἱμάτιον_0020
τὸ πετεινόν|the bird|Photorealistic close-up of a small European robin perched on a weathered olive branch, dawn light filtering through ancient Greek ruins in soft bokeh background. Hyper-detailed feather texture catching golden-hour rim light, tiny dust motes suspended in air, shallow depth of field at f/2.8, 200mm telephoto compression. Natural color palette of warm ochres, muted terracotta, and earthy greens, subtle lens flare from rising sun. Moody, contemplative atmosphere with crisp micro-contrast and lifelike depth.|τὸ_πετεινόν_0021
τὸ ποτήριον|the cup / drinking-vessel|Photorealistic macro shot of a hand-thrown terracotta kylix resting on rough-hewn marble slab, side-lit by late-afternoon Mediterranean sun. Razor-sharp focus on chipped lip and ancient slip glaze, long shadows stretching across stone, 50mm prime lens at f/4. Rich palette of burnt sienna, creamy marble, and deep indigo reflections inside the bowl. Dramatic chiaroscuro, subtle surface dust, warm nostalgic mood evoking archaeological still-life, ultra-high resolution texture fidelity.|τὸ_ποτήριον_0022
τὸ τέκνον|the child|Photorealistic portrait of a 5-year-old Greek child in simple linen chiton, standing barefoot on a sun-drenched courtyard step, soft backlight creating halo around tousled dark hair. 85mm lens at f/1.8, creamy background blur of weathered limestone walls and potted herbs. Natural skin tones, faint freckles, curious amber eyes catching catch-light, gentle smile. Warm late-morning glow, pastel sky, serene innocence, cinematic color grading, lifelike pore-level detail.|τὸ_τέκνον_0023
τύπτει τήν|(he/she) strikes / hits…|Photorealistic freeze-frame of a young olive harvester mid-swing with a slender wooden rod striking laden branches, silver-green leaves and glossy fruit exploding outward against blazing sunset sky. High-speed shutter 1/2000s captures suspended droplets and scattered olives in crisp motion, 35mm lens at f/5.6 for deep field. Warm amber and viridian palette, dust clouds backlit into glowing halos, intense energy, muscular tension in forearms, ground littered with fallen fruit, cinematic motion texture.|τύπτει_τήν_0024
