βλέπει τήν|(he/she) sees / is looking at…|Color pencil sketch of a young woman seated on a sun-warmed stone wall, body angled three-quarter view, gaze drifting beyond the page where olive groves melt into hazy Aegean blue. Layered wax-based strokes: sienna and umber for her loosely braided hair, jade and sage scribbles for leaves that frame her face, ultramarine and cerulean smudged softly for distant sea. Directional hatching follows the late-afternoon light—golden ochre highlights on cheekbone, violet shadows beneath the eyes—creating gentle chiaroscuro. Paper’s fine tooth shows through mid-tones, giving an airy, nostalgic mood; edges left intentionally unfinished to echo the open-ended act of seeing.|βλέπει_τήν_0001
ἐσθίει τήν|(he/she) eats / is eating…|Color pencil sketch of weathered male hands cradling a crusty loaf and a sliced fig, set on a rough wooden table. Loose, cross-hatched carmine and Tuscan red build the fig’s velvety skin; ochre, burnt sienna, and sepia circles define the bread’s crust. Background crops into soft-focus: muted olive greens and dusty lilacs suggesting a shaded taverna corner. Diffused midday light from left casts warm yellow highlights on knuckles and cool periwinkle shadows beneath wrists, giving volume without harsh lines. Visible pencil strokes and slight paper speckle evoke rustic simplicity; overall mood is quiet, sensory, slightly timeless.|ἐσθίει_τήν_0002
ἡ ἀδελφή|the sister|Color pencil portrait of a teenage girl, shoulders wrapped in a loosely draped indigo shawl embroidered with tiny vermilion crosses. Face rendered with soft peach and blush pink circular strokes, eyes outlined in sharp indigo for gentle intensity. Hair suggested with flowing sepia and warm grey lines that break at highlights, revealing white paper sparkle. She stands against a minimally indicated stone doorway—cool slate blue with lavender shadows—keeping focus on her calm, protective gaze. Lighting is diffuse morning glow: warm highlights on forehead, cool blue reflected light along jaw. Sketchy, affectionate linework conveys familial tenderness; some areas left uncolored to emphasize draft charm.|ἡ_ἀδελφή_0003
ἡ ἐπιστολή|the letter (message)|Color pencil still-life of an unfolded parchment sheet weighted by a small azure sea-stone, resting on sun-bleached cedar planks. Letter’s surface built with layered cream, warm grey, and faint violet strokes; ink text hinted by delicate indigo scribbles that fade mid-page, leaving mystery. A curl of crimson ribbon meanders off the edge, its highlights in pale rose. Strong side light from an open window creates sharp cinnamon shadows and glowing yellow edges, emphasizing paper texture. Loose, gestural marks in background suggest drifting dust motes and distant shoreline, giving the scene quiet anticipation. Paper’s tooth and visible hatching enhance tactile, intimate mood.|ἡ_ἐπιστολή_0004
ἡ κεφαλή|the head|Color pencil study of a marble classical head fragment—perhaps Athena—set against blank cream paper. Use cool ivory, pearl grey, and faint celadon layers to sculpt cheekbones and helmet ridges; introduce soft umber in recessed curls for depth. Background barely indicated: swirling light cerulean mist dissolving into raw paper, focusing attention on form. Illumination is top-left, yielding gentle titanium-white highlights on brow, with ultramarine shadows beneath helmet brim. Visible circular strokes and occasional contour lines give academic sketch feel; slight smudging at edges adds dreamlike transience, suggesting both presence and absence.|ἡ_κεφαλή_0005
ἡ κώμη|the village|Color pencil aerial sketch of a hillside Cycladic village: white cubic houses stacked like scattered sugar cubes, roofs hatched lightly with warm grey. Winding cobblestone path drawn in sepia and burnt umber, leading eye upward to a tiny cobalt-domed chapel. Surrounding terraces rendered with olive-green, ochre, and lavender scribbles; distant sea as horizontal bands of turquoise and ultramarine. Late-day side lighting casts soft violet shadows on walls, while peach and Naples-yellow highlights glow on stucco. Composition uses loose, overlapping strokes; white paper glints between marks to mimic sun-bleached surfaces, conveying tranquil, timeless atmosphere.|ἡ_κώμη_0006
ἡ ποίμνη|the flock (of sheep)|Color pencil sketch of a roaming sheep flock on a spring meadow. Fluffy forms built with circular cream, warm grey, and subtle blush strokes, leaving paper specks for woolly texture. Shepherd hinted by a few confident sienna lines: staff upright, cloak flutter suggested by diagonal indigo hatching. Meadow articulated with quick lime-green and olive flicks, tiny cadmium-yellow dots for wildflowers. Overcast sky rendered in layered pale blue and lilac, providing cool diffused light that softens shadows beneath the animals. Loose, rhythmic pencil marks create gentle movement; lower edge of paper shows unfinished blades, implying flock drifting beyond frame.|ἡ_ποίμνη_0007
ἡ σκηνή|the tent / dwelling|Color pencil sketch of a low desert canvas tent, peaked roof supported by a rough cedar pole. Fabric rendered with cross-hatched sand, muted ochre, and hints of dusty rose; folds picked out by warm titanium-white highlights from setting sun. Interior shadow in cool indigo and lavender suggests hanging brass lamp and woven carpet edges. Foreground shows scattered camel-thorn bushes—quick sage and sepia strokes—and a pair of weathered sandals left at entrance. Background mountains lightly outlined in periwinkle, giving depth. Visible paper texture and varied stroke direction evoke nomadic impermanence; overall mood is serene, warm, quietly sheltering.|ἡ_σκηνή_0008
κράζει|(he/she) cries out, shouts|Color pencil action sketch of a fisherman on a windswept pier, mouth open in mid-shout toward turbulent indigo waves. Body captured gesturally: tilted stance, arms flung wide, cloak rendered with frantic diagonal strokes of ultramarine and slate. Face highlighted by sharp cadmium-orange reflected light from a distant lighthouse beam, while cool viridian shadows carve cheek hollows. Background sky layered with swirling violet and charcoal greys, white paper flecks suggesting sea-spray. Rough, repeated contour lines convey vocal vibration; some areas deliberately overworked then erased, leaving ghost marks that echo the urgency of the cry. Mood is raw, immediate, yet softened by color pencil’s tactile warmth.|κράζει_0009
νεύει|(he/she) nods, beckons|Color pencil vignette of an elderly woman seated on a terra-cotta doorstep, softly nodding and beckoning with slender fingers. Figure rendered in warm sepia, sienna, and peach circular strokes; white paper left on knuckles to catch gentle morning light. Indigo and lavender shawl drapes around shoulders, folds suggested by parallel hatching. Background merely hinted: a blurred archway of muted olive and burnt umber, focusing attention on subtle gesture. Shadows under chin painted with cool blue, contrasting against ochre-lit throat. Pencil lines vary from delicate to firm, capturing quiet invitation; faint smile lines and soft gaze create intimate, welcoming mood.|νεύει_0010
ὁ ἄνθρωπος|the human being, man|Color pencil sketch of a contemplative male figure in classical profile, rendered with layered strokes of sienna, umber, and warm ochre. Soft cross-hatching defines the curve of brow and beard; the eye is a single prismacolor highlight of Mediterranean blue. Background fades into loose, vertical graphite lines suggesting marble pillars and an olive branch. Light source upper-left, casting gentle sfumato shadows across cheekbone and clavicle. Paper tooth visible, giving tactile grain to skin tones. Mood: stoic wisdom, quiet strength.|ὁ_ἄνθρωπος_0011
ὁ ἄρτος|the bread, loaf|Color pencil sketch of a crusty round loaf resting on woven linen, drawn with burnt umber, raw sienna, and touches of goldenrod. Loose, directional strokes follow the bread’s scored dome; crumb texture suggested by stippled cream and warm grey. Cast shadow beneath rendered in cool indigo cross-hatch, contrasting the warm loaf. Side lighting from right creates soft highlights on crust ridges. A few loose sesame seeds sprinkled in white pencil. Background merely suggested—light tan paper showing through—evoking a humble kitchen table. Mood: sustenance, simplicity, quiet reverence.|ὁ_ἄρτος_0012
ὁ θεός|God, god|Color pencil sketch of an ethereal, bearded divine figure emerging from swirling clouds, drawn in pearlescent white, pale azure, and violet over charcoal underdrawing. Outlines kept faint, almost trembling, to suggest transcendence; robe folds indicated by sweeping, curved strokes of lavender and silver. Halo a soft ring of cream pencil, lightly burnished. Background sky layered with circular scribbles in ultramarine and indigo, gradually lightening toward horizon. Light radiates outward from figure’s chest in radial pencil strokes, paper left bare for brightest glare. Mood: awe, boundless calm, ineffable presence.|ὁ_θεός_0013
ὁ ἵππος|the horse|Color pencil sketch of a muscular stallion in mid-trot, mane flying, rendered with sepia, raw umber, and white highlights on flax paper. Dynamic, curved pencil strokes emphasize arch of neck and ripple of flank; cross-hatched shadows define tendon and joint. Ground suggested by horizontal strokes of olive green and ochre, kicking up dust puffs in cream. Light from upper left catches satin sheen on coat, achieved by alternating warm and cool greys. Background kept minimal—loose diagonal lines implying distant hills. Mood: spirited freedom, kinetic grace.|ὁ_ἵππος_0014
ὁ καρπός|the fruit / produce|Color pencil sketch of a small wooden bowl brimming with mixed fruit—pomegranate, fig, and olive—on weathered table. Rich crimson, plum, and deep green pencils layered and burnished for glossy skins; white pencil specks suggest moisture highlights. Bowl texture rendered with circular umber strokes, leaving paper specks for grain. Soft side light from left casts indigo shadows, enhancing volume. Background a loose wash of sage and warm grey, fading to raw paper. Composition slightly overhead, inviting viewer to reach in. Mood: harvest abundance, sensory invitation.|ὁ_καρπός_0015
ὁ νόμος|the law|Color pencil sketch of an unfurled parchment scroll weighted by a bronze stylus, drawn in burnt umber, sepia, and cool stone grey. Vertical parallel lines suggest inscribed text without literal words; edges frayed with flicked pencil fibers. Scroll curls cast soft indigo shadows on rough stone slab, indicated by cross-hatched cool greys. Light source high center, leaving paper untouched for parchment gleam. Background sparse—loose diagonal strokes of warm clay color fading out. Mood: solemn authority, timeless justice, quiet weight.|ὁ_νόμος_0016
ὁ ὀφθαλμός|the eye|Color pencil sketch of a single human eye in extreme close-up, iris rendered in layered rings of ultramarine, emerald, and ochre; pupil a deep graphite void. Lashes drawn with swift, tapering sepia strokes radiating outward; lower lid suggested by soft umber shadow. Highlight on cornea left as bare paper, side-lit for glassy wetness. Surrounding skin built with cross-hatched peach, sienna, and violet, showing delicate creases. Background fades into abstract radial lines, focusing attention. Paper tooth exploited for subtle skin texture. Mood: penetrating insight, soulful clarity.|ὁ_ὀφθαλμός_0017
ὁ χριστός|the anointed one, Christ|Color pencil sketch of a compassionate Christ figure facing forward, shoulders draped in loosely sketched linen, drawn with cream, raw sienna, and hints of alizarin crimson for robe shadows. Long hair flowing in rhythmic, curved strokes of dark umber and warm grey; subtle crown of thorns indicated by spiky burnt umber lines, no blood. Halo a soft, circular smudge of white pencil, gently blended. Background sky rendered with horizontal strokes of dove grey and pale gold, suggesting dawn. Light diffused from above, illuminating cheekbones. Mood: serene mercy, quiet majesty.|ὁ_χριστός_0018
τὸ βιβλίον|the book / scroll|Color pencil sketch of an open codex with parchment pages, viewed at three-quarter angle, drawn in cream, warm grey, and sepia. Pages show faint, gestural lines mimicking Greek uncials; edges softly shaded with indigo to imply thickness. Wooden board covers textured with cross-hatched walnut and raw umber, catching a glint of side light. A crimson ribbon bookmark trails off page, its curl emphasized by swift red pencil strokes. Background simply raw paper with loose vertical graphite lines suggesting shelf or wall. Mood: scholarly quiet, timeless knowledge.|τὸ_βιβλίον_0019
τὸ ἱμάτιον|the garment, cloak|Color pencil sketch of a flowing himation draped over invisible shoulders, rendered in layered strokes of Mediterranean indigo, deep teal, and white highlights. Fabric folds captured with sweeping, parallel curves; shadows built via cross-hatched violet and slate, edges left slightly frayed in pencil to suggest wool texture. Bottom hem pools softly on ground, indicated by concentric umber strokes. Light from upper right creates luminous ridges where paper shows through as pale lines. Background minimal—faint warm grey wash fading to paper. Mood: classical dignity, gentle motion.|τὸ_ἱμάτιον_0020
τὸ πετεινόν|the bird|Color pencil sketch of a small songbird perched on a twisted olive branch, delicate cross-hatching in ochre and burnt umber defining layered feathers, wing edges picked out with white chalk highlights against a softly smudged sage background, light falling from upper left creating gentle graphite shadows beneath the talons, faint bluish guidelines still visible beneath the final layers, composition centered but tilted 15° for dynamism, warm sienna outline around the eye catching a glint of amber, paper texture showing through color washes, evoking a quiet morning in an ancient grove.|τὸ_πετεινόν_0021
τὸ ποτήριον|the cup / drinking-vessel|Color pencil sketch of a shallow kylix cup lying on its side, translucent layers of indigo and madder red building the clay’s curve, white pencil rim-light tracing the lip, soft umber shadows pooled inside suggesting leftover wine, cross-contour lines following the bowl’s geometry, background a neutral warm grey with erased circular ghosts hinting at motion, foreground scattered crimson strokes indicating spilled droplets, subdued lamplight from right casting elongated indigo shadow leftward, paper tooth visible, mood contemplative and slightly melancholic, reminiscent of an archaeological field drawing.|τὸ_ποτήριον_0022
τὸ τέκνον|the child|Color pencil sketch of a toddler kneeling on a sun-bleached courtyard step, peach and warm sepia layered for skin, messy sepia curls rendered with loose circular scribbles, oversized chalk-white tunic falling off one shoulder, small hands cupping a tiny terracotta sparrow, gentle ultramarine shadow under the chin, composition low-angle so the child towers slightly, background merely hinted with vertical fawn strokes of column and vine, overall lighting soft late-afternoon gold, paper grain left exposed for innocence, faint construction lines around fingers showing artist’s search for proportion, mood tender and timeless.|τὸ_τέκνον_0023
τύπτει τήν|(he/she) strikes / hits…|Color-pencil sketch: a single, muscular Greek hoplite captured mid-swing, bronze dory raised diagonally across the page, its ash-wood shaft rendered in cross-hatched sepia and indigo strokes. His Corinthian helmet, burnished ochre and burnt umber, catches a shaft of warm honey-gold afternoon light that slices from upper left, scattering amber sparks on the textured paper’s tooth. Below the crest, a sliver of angry eye glints viridian through the bronze slit. The background is an atmospheric smudge of lavender and Payne’s grey dust,暗示ing a battle haze, with loose, looping graphite lines suggesting flying spears and blurred shields. Foreground ground is raw umber and moss green scribbles, the earth kicked up in sienna flakes that flick onto the viewer’s plane. Motion is implied by staggered, directional strokes: vermilion and cadmium red arcs follow the weapon’s path, edges intentionally left white for kinetic glare. Shadows are deep Prussian blue, layered twice to echo pencil pressure, while highlights are merely untouched paper gleaming through. Composition places the warrior slightly off-center, obeying rule of thirds, negative space on the right balanced by a drifting crimson plume drawn with feathered carmine lines. Overall mood: tense, heroic, a split-second before impact; paper grain visible, light impressionistic color bleeds at contours to keep the hand-drawn authenticity.|τύπτει_τήν_0024
