ὁ ἄγγελος|a messenger, angel|A radiant angel messenger descending through golden clouds, six iridescent wings unfurled with feathers like liquid starlight, flowing white robes embroidered with celestial runes that glow softly, long silver hair billowing in an ethereal wind, one hand raised holding a scroll sealed with divine light, the other extended in blessing, standing on a floating marble platform adorned with crystals, soft rim lighting creating a halo effect, warm golden hour tones contrasting with cool blue shadows, painted in high fantasy style with intricate details, magical particles swirling around, dramatic perspective from below|ὁ_ἄγγελος_0001
ὁ ἀδελφός|a brother|Two noble warrior brothers standing back-to-back atop ancient stone ruins, matching silver armor with family crests glowing faintly, one holding a gleaming sword skyward while the other grips a warhammer, their cloaks billowing dramatically in storm winds, lightning crackling between their weapons, dramatic low-angle composition emphasizing their heroic stance, cool blue-grey storm palette with warm orange accents from torchlight, painted in epic fantasy style with detailed textures, mist swirling around their boots, brotherly bond visible in their protective positioning|ὁ_ἀδελφός_0002
ἀλλά|but|A mystical crossroads at twilight where two paths diverge sharply, one leading into a dark enchanted forest with purple shadows and twisted trees, the other ascending toward a golden celestial realm with floating islands, a cloaked figure paused between them holding two glowing orbs representing choice, dramatic split lighting with cool moonlight on left and warm sunlight on right, swirling magical energy at the intersection point, painted in high fantasy style with rich symbolism, particles of light and shadow colliding at the threshold|ἀλλά_0003
ἄν|conditional particle|An ethereal hourglass floating in a void of swirling possibilities, its glass chambers containing miniature alternate realities that shift and change like living paintings, sand grains that transform into tiny butterflies as they fall, a mysterious figure in flowing robes reaching toward it with fingers that phase between solid and translucent, ambient magical lighting in purples and teals creating dreamlike atmosphere, painted in surreal fantasy style with soft focus edges, particles of potential reality floating like fireflies around the central image|ἄν_0004
ὁ ἄνθρωπος|a man, human being|A solitary human figure standing at the edge of a vast floating island, overlooking an endless sea of clouds pierced by other floating landmasses, wearing simple traveler clothes that flutter in the mystical wind, one hand raised to shield eyes while gazing at distant dragon-shaped constellations, warm sunset light casting long shadows, painted in classic fantasy style emphasizing the smallness of humanity against magical grandeur, soft atmospheric perspective with rich earth tones and golden highlights|ὁ_ἄνθρωπος_0005
ἀποκρίνομαι|I answer, reply|A mystical oracle surrounded by floating ancient scrolls that glow with inner light, her mouth emitting visible words that transform into golden butterflies, before her a magical mirror showing the questioner's face, dramatic chiaroscuro lighting with strong rim light outlining her silhouette, rich purple and gold robes with intricate embroidery, painted in high fantasy style with ethereal qualities, particles of light representing spoken words dancing through the air, mysterious temple setting with columns fading into mist|ἀποκρίνομαι_0006
ἡ βασιλεία|a kingdom|A magnificent crystal kingdom floating among clouds, multiple tiers of gleaming spires connected by bridges of solid light, banners bearing royal sigils fluttering in ethereal winds, waterfalls cascading from the edges into cloud seas below, warm golden sunlight breaking through storm clouds creating dramatic god rays, painted in grand fantasy style with intricate architectural details, tiny flying vessels navigating between towers, rich color palette of whites, golds, and soft blues emphasizing majesty and otherworldly beauty|ἡ_βασιλεία_0007
ἡ γῆ|the earth, land|An ancient world tree whose massive roots form rolling hills and valleys, its trunk so vast that forests grow on its bark, glowing runes carved into its surface pulsing with life energy, mystical creatures dwelling in its branches that reach into cloud layer, dramatic aerial perspective showing the scale, painted in epic fantasy style with rich earth tones and vibrant greens, soft fog weaving between root-formed canyons, bioluminescent plants scattered across the landscape creating points of magical light|ἡ_γῆ_0008
γινώσκω|I know|A wise sage with eyes containing swirling galaxies, seated in a vast library where books float open revealing their knowledge as streams of golden light, one hand touching a floating crystal that projects holographic symbols, dramatic spotlighting from above with deep shadows in corners, painted in mystical fantasy style with ethereal qualities, particles of light representing knowledge flowing from texts into the sage's mind, rich color palette of deep blues and warm golds suggesting ancient wisdom|γινώσκω_0009
ἡ γυνή|a woman, wife|An elegant elven queen in flowing ceremonial robes, standing on a moonlit balcony overlooking a mystical realm, her long silver hair adorned with tiny star-like flowers that glow softly, one hand resting on an ancient stone railing carved with love runes, the other holding a constellation that has taken physical form as a glittering shawl, soft moonlight creating ethereal highlights, painted in romantic fantasy style with delicate details, bioluminescent moths circling her like living jewelry, cool blue palette with warm golden accents|ἡ_γυνή_0010
διά|through, because of|A translucent, prismatic portal slices through a twilight forest; golden shafts of light pierce the canopy, illuminating motes of drifting pollen like tiny galaxies. Center-frame, an elven archer steps through a shimmering membrane of runic light, her silhouette refracted into spectral hues—violet, emerald, and sapphire. The mood is hopeful yet mysterious, colors saturated with high-fantasy vibrancy. Soft rim-lighting outlines her bow and flowing cloak; depth-of-field draws the eye along the path of light that bisects the scene. Cinematic 35 mm, f/1.8, ultra-sharp focus on the portal’s edge, bokeh fireflies beyond.|διά_0011
ἡ δόξα|glory, honor|A celestial amphitheater of white marble floats among rose-gold clouds; a triumphant paladin kneels on a dais while a corona of radiant glory—liquid gold and pearl—descends from above. The lighting is divine backlight with volumetric god-rays, casting long heroic shadows. Color palette: opulent golds, soft alabaster, and iridescent rose. Mood: exalted, solemn. Camera looks slightly up, 24 mm lens, slight lens flare for ethereal awe. Micro-detail on etched armor and feathered wings of attending seraphs. Ultra-high-resolution fantasy realism.|ἡ_δόξα_0012
ἐάν|if, when|A crossroads of destiny at midnight: two stone doors hover above a moonlit lake, one cracked open emitting soft teal light, the other sealed in shadow. A cloaked mage stands at the threshold, staff glowing with uncertain runes. Cool rim-light separates figure from mist; reflections double the scene, hinting at alternate futures. Colors: deep indigo, silver, eerie cyan. Mood: suspenseful, contemplative. Low-key lighting with selective glow. 50 mm lens, shallow depth-of-field on the mage’s contemplative eyes, cinematic aspect ratio 21:9.|ἐάν_0013
ἐγώ / ἡμεῖς|I, we|A mirrored hall of crystal where countless reflections of a single warrior merge into a united phalanx—symbolizing I becoming we. Warm torchlight flickers across obsidian floors, each reflection wearing slightly different armor pieces that, when seen together, form a cohesive army. Color palette: ember oranges, steel blues, reflective blacks. Mood: empowering solidarity. Wide-angle 24 mm, symmetrical composition, vanishing point centered. Soft volumetric firelight, high contrast, subtle motion blur on capes to imply collective stride.|ἐγώ_ἡμεῖς_0014
εἰ|if, whether|A bifurcated oracle’s chamber: left side bathed in verdant spring light with blooming sky-trees, right side plunged into crimson volcanic ruin. A solitary elf princess holds a translucent crystal coin at the seam, her face half-illuminated by each possibility. Colors: split-tone green vs. red, symbolic of choice. Lighting: hard split lighting along diagonal, creating dramatic duality. Mood: tense uncertainty. Shot with 35 mm, high-detail textures on stone and flora, subtle particle effects where realities blur.|εἰ_0015
εἰς|to, toward, into; for|A spiraling astral stairway of sapphire light coils upward into a star-studded vortex. A young sorcerer sprints upward, robes billowing, each footfall spawning ripples of constellation patterns that pull him forward. Cool key light from above, complementary amber rim-light from below, creating depth. Colors: cosmic blues, starlit whites, accent gold. Mood: ascending urgency. Dynamic Dutch tilt, 24 mm lens, motion blur on stairs’ edges, crisp focus on face showing determined awe.|εἰς_0016
εἰσέρχομαι|I go in, enter|An ancient stone doorway overgrown with luminescent wisteria opens into a golden, mist-filled sanctum. A dwarven explorer steps across the threshold, lantern casting warm ochre light that contrasts the cool moonlit exterior. Lighting transitions from exterior blue to interior amber, symbolizing passage. Colors: jade vines, weathered granite, molten gold haze. Mood: reverent anticipation. 50 mm lens, focus pull from lantern to faint glyphs glowing deeper inside, shallow depth-of-field isolating the moment of entry.|εἰσέρχομαι_0017
ἐκεῖνος|that one|High atop a jagged obsidian spire amid a storm-wracked sky, a lone dark knight stands silhouetted by a single break in the clouds where lightning outlines his figure—‘that one’ above all. Electric blue bolts illuminate plate armor with specular highlights, while torrential rain creates streaking motion. Palette: slate grays, electric cyan, deep crimson cloak. Mood: ominous grandeur. Telephoto 85 mm compression accentuates isolation, high shutter speed freezes raindrops, ultra-sharp subject against soft swirling backdrop.|ἐκεῖνος_0018
ἐξέρχομαι|I come out, go out|A lone elven warrior steps from the mouth of a rune-etched obsidian portal suspended mid-air above a mist-laden moonlit glade; silver hair and emerald cloak billow forward as though pulled by the breath of another world, particles of prismatic starlight spiraling off her ornate white-gold armor. She stands in three-quarter profile, left foot crossing the threshold, eyes glowing with arcane resolve; behind her the portal swirls with violets and midnight blues, revealing faint silhouettes of a crumbling crystal city dissolving into stardust. Foreground wildflowers and bioluminescent ferns catch cool rim light, their turquoise glow echoing faint sigils carved into the portal’s frame; background ancient twisted oaks lean inward like watchful sentinels, their branches forming a natural cathedral. Ethereal fireflies trace glowing motion lines, emphasizing the moment of emergence. Color palette balances cool moonlit cyans and lavenders against warm amber highlights on armor filigree; subtle volumetric fog diffuses moonbeams into soft halos. Shot from a low, slightly off-center angle to amplify heroic stature, depth-of-field draws focus to the warrior while softly rendering the receding forest. Fantasy realism, ultra-detailed 8k, sharp focus, cinematic, 35 mm lens, f/1.8, high dynamic range, painterly yet photoreal, delicate rim lighting, dramatic chiaroscuro, magical particle effects, ArtStation trending, Greg Rutkowski style.|ἐξέρχομαι_0019
τὸ ἔργον|a work, deed|A grand elven forge carved inside a living mountain: rivers of molten mithril flow into runic molds shaped like phoenix wings. A master smith lifts a gleaming sword—his magnum opus—sparks swirling like fiery constellations. Dramatic under-lighting from the crucible casts heroic shadows; ambient violet crystals provide fill. Palette: magma oranges, silver metal, arcane purple. Mood: masterful fulfillment. 35 mm lens, f/2 for creamy bokeh on sparks, ultra-detail on hammer and blade, subtle heat shimmer distortion for realism.|τὸ_ἔργον_0020
εὑρίσκω|I find|A moon-lit ruin where a cloaked seeker kneels, one gloved hand lifting a glowing, rune-etched relic from broken marble. Faint wisps of turquoise magic spiral upward, revealing ghostly memories of ancient heroes. Backlight from a cyan crescent moon cuts diagonal rays through drifting dust, rim-lighting the figure and creating deep violet shadows. Palette: midnight indigos, antique gold, spectral teal. Cinematic 35 mm depth of field, low-angle composition, soft volumetric haze, 4 k detail on carved sigils, fantasy realism.|εὑρίσκω_0021
ἤ|or, than; which|A colossal stone head split down the middle, each half showing opposing realms—one side a verdant elven forest with golden dawn, the other a crumbling volcanic wasteland under crimson eclipse. A suspended silver sword acts as visual fulcrum, reflecting both worlds on its mirrored blade. Colors shift from warm amber to cold scarlet across the divide; swirling runic question marks orbit the sword, glowing faintly. Dramatic chiaroscuro lighting, high-contrast shadows, wide-angle lens, epic scale, hyper-detailed fantasy matte painting style.|ἤ_0022
θέλω|I want, will, wish|Inside a crystalline cavern, a barefoot sorceress reaches toward a hovering star encased in prismatic ice. Rose-gold desire-flames flicker around her outstretched fingers while frost-blue denial cracks spread across the star’s surface. Ethereal script of glowing magenta encircles her wrists, pulsing with each heartbeat. Soft rim light from the star outlines her silhouette; secondary candle-like warm lights scatter on amethyst stalagmites. Color harmony: blush pinks versus icy blues, dreamy bokeh particles, 85 mm portrait framing, high-resolution fantasy illustration.|θέλω_0023
ἰδού|behold! look! see!|On a storm-lashed sky-bridge, a bearded oracle thrusts a radiant staff skyward, commanding viewers to witness an immense cosmic sigil blazing overhead. Lightning forks illuminate silver armor and swirling indigo robes; torrential rain refracts the sigil’s emerald light into prismatic halos. Low horizon composition, dramatic Dutch tilt, high-speed shutter capturing razor-sharp droplets. Palette: electric green, steel greys, brilliant white highlights. Ultra-sharp 8 k detail, heroic fantasy style, dynamic motion blur on cloak edges.|ἰδού_0024
ἵνα|in order that, so that, that|A spiral staircase of white marble ascends toward an opening lotus-shaped portal in the clouds. Each step glows warmer in hue as it rises, symbolizing purpose—ochre, gold, finally blinding white. A lone knight in gleaming armor climbs, sword sheathed, visor reflecting the promise-light above. Soft volumetric god-rays pour downward, bathing scene in hopeful luminance. Cool lavender shadows below contrast ascending warmth. Composition follows Fibonacci spiral, pastel and high-key palette, airy fantasy concept art.|ἵνα_0025
καθώς|just as|Twin mirrored lakes separated by a thin arch of ancient stone; on the left a white stag drinks under sunrise, on the right a black wolf drinks under moonrise, both movements perfectly synchronized. Water surfaces act as mirrors, yet each reflects the other’s sky, creating an impossible symmetry. Soft pastel dawn on left, cool nocturnal indigo on right, blending seamlessly at center arch. Gentle rim lighting outlines silhouettes, subtle lens flare, symmetrical composition, serene fantasy mood, ultra-real textures.|καθώς_0026
κατά|down, against, according to|A vertical city built inside a titanic waterfall: inverted towers hang downward, chained to obsidian cliffs. Torrents crash past glowing turquoise windows; bridges arc against rushing water, illuminated by lantern buoys that spin with the current. Low camera looks up, capturing immense scale; droplets sparkle like stardust thanks to backlit sunset. Palette: deep teals, burnt siennas, molten gold highlights. Long exposure blur on water, razor-sharp architecture, cinematic fantasy realism, 16 k detail.|κατά_0027
ὁ κύριος|a lord, master|Seated on a levitating basalt throne encircled by hovering sigil rings, a dark lord leans forward, chin on fist. Crown of black glass shards emits faint crimson sparks; cape woven from night sky flows into swirling nebulae below. Underlighting from molten chasm casts dramatic red upward shadows across pale mask. Background ranks of armored shades fade into crimson fog. Palette: obsidian, blood red, tarnished gold accents. Low-angle 24 mm lens, ominous fantasy portrait, ultra-sharp 12 k, baroque contrast.|ὁ_κύριος_0028
λαμβάνω|I take, receive|In a candle-lit scriptorium, a hooded apprentice gingerly receives an age-worn grimoire from translucent hands of a long-dead archmage hovering above. Golden light transfers from ghost to mortal palms, manifesting as drifting luminous glyphs. Dust motes sparkle like miniature galaxies; shelves of scrolls recede into soft bokeh. Warm ochre and umber palette, subtle rim light on clasped book, shallow depth 50 mm lens, intimate atmosphere, high-detail fantasy illustration.|λαμβάνω_0029
ὁ λόγος|a word; an account|A mammoth floating parchment unfurls across twilight sky, each calligraphic letter sculpted of living flame. A lone sky-scholar stands on a hovering rock, quill poised, capturing the shifting words before they rearrange. Constellations echo the script overhead; auroras weave between paragraphs. Palette: midnight blues, ember oranges, parchment creams. Soft backlit glow outlines parchment edges, cinematic wide shot, volumetric light rays, epic fantasy matte painting, 8 k clarity.|ὁ_λόγος_0030
μέγας|large, great|Fantasy colossal marble statue of a bearded titan emerging from a misty canyon at dawn, golden sunbeams slicing through purple fog, the figure’s outstretched hand cradling a miniature city glowing with amber windows, immense stone wings unfurling, ultrawide 24 mm lens, low-angle heroic composition, rich teal and rose palette, cinematic rim-lighting, subtle volumetric rays, hyper-real 8 K textures, epic grandeur, awe-inspiring mood.|μέγας_0031
ἡ μεγάλη|large, great|Fantasy floating celestial citadel above storm clouds, gigantic crystalline domes and soaring alabaster towers connected by arcane sky-bridges, twilight sky painted in indigo and molten gold, lightning forks illuminating stained-glass windows, long-exposure soft glow, wide-angle 16 mm view, dramatic backlighting, saturated jewel tones, ethereal mist veining through spires, sense of divine majesty, ultra-detailed, 8 K, magical realism vibe.|ἡ_μεγάλη_0032
τὸ μέγα|large, great|Fantasy ancient oak tree larger than mountains, trunk carved with runic sigils pulsing soft jade light, roots encircling tiny villages, fireflies swirling like galaxies, full moon backlight creating silver rim on leaves, teal-orange color harmony, 35 mm portrait framing from mossy hillside, shallow depth of field, dreamy bokeh, tranquil yet monumental atmosphere, high-resolution textured bark, mystical reverence.|τὸ_μέγα_0033
μετά|with; after|Fantasy post-battle twilight field where a luminous phoenix rises behind a lone armored wanderer, shattered weapons glinting cobalt under fading lavender sky, ember sparks trailing the bird, low warm key light, cool complementary shadows, 50 mm medium shot, rule-of-thirds placement, desaturated earth tones with fiery accents, subtle motion blur on cinders, contemplative mood, cinematic 8 K detail.|μετά_0034
ὁ νόμος|the law|Fantasy towering obsidian monolith etched with glowing golden runes hovering above a marble tribunal, robed arcane judges holding crystal staves, shafts of cold white light cutting through dusty air, noir high-contrast lighting, deep blue and amber palette, symmetrical 24 mm framing, low fog reflecting light beams, solemn gravity, razor-sharp textures, 8 K, chiaroscuro style.|ὁ_νόμος_0035
οἶδα|I know|Fantasy close-up of a sorceress’s iridescent eye reflecting an ancient star map, nebula swirling within the pupil, micro-runes drifting across her skin, soft rim light outlining lashes, jewel-toned bokeh, macro 100 mm lens, hyper-real detail, indigo and rose color scheme, mysterious enlightened mood, 8 K resolution, subtle depth haze.|οἶδα_0036
ὁράω|I see, perceive|Fantasy ethereal crystal ball levitating before a cloaked seer on a moonlit balcony, inside the orb a living battlefield unfolds in miniature, cool moonlight vs warm glowing orb, complementary color contrast, 85 mm lens, shallow DOF, sharp focus on orb with background bokeh city, silver and ember palette, anticipatory mood, ultra-detailed 8 K.|ὁράω_0037
ὅτι|that, because|Fantasy split-scene canvas: left side verdant kingdom thriving under golden sunrise, right side blasted wasteland under blood-red eclipse, a translucent veil of runic text swirling at the junction explaining causality, dramatic split lighting, warm vs cold, 24 mm wide shot, high contrast, symbolic storytelling, vibrant vs desaturated halves, epic revelation mood, 8 K clarity.|ὅτι_0038
οὐδείς|no one, nothing|Fantasy endless mirror-plane reflecting empty obsidian thrones beneath a starless void, lone feather drifting in zero-gravity silence, cool desaturated monochrome palette, faint rim light outlining feather, symmetrical 35 mm shot, vast negative space, existential stillness, ultra-sharp 8 K textures, minimalistic yet grand.|οὐδείς_0039
οὐδεμία|no one, nothing|Fantasy abandoned crystal library suspended in twilight mist, shelves crumbling into glowing dust particles, open tomes with blank dissolving pages, soft cyan volumetric light shafts, cool desaturated violet-grey palette, 24 mm wide angle, low-key lighting, eerie quiet ambiance, high-detail textures, 8 K, melancholic emptiness.|οὐδεμία_0040
οὐδέν|no one, nothing|A lone, translucent figure—neither male nor female—stands at the center of an endless obsidian plaza that mirrors the starless void above, its edges dissolving into swirling violet mist. The figure’s body is woven from moon-silver threads of light that fray into wisps, implying dissolution rather than form. Around it, seven cracked marble thrones hover upside-down, their surfaces bleeding liquid shadow that drips upward, defying gravity. In the distance, colossal hourglasses made of black crystal drift like forgotten moons, their sands frozen mid-fall, glinting with cold indigo phosphorescence. The lighting is inverse: darkness emanates from the ground while pale, sourceless starlight trickles down in thin, razor-sharp beams, carving luminous scars across the void. A subtle aurora of muted teals and bruised purples coils overhead, pulsing once every eternal heartbeat. The mood is serene annihilation—utter silence where even echoes refuse to sound. Fantasy style: hyper-detailed, high-resolution 8k, painted with ethereal translucency, soft rim-lighting on fraying edges, depth-of-field blur on distant hourglasses, subtle film-grain for timelessness, ultra-wide 21:9 aspect, cool desaturated palette with iridescent highlights, ray-traced reflections on obsidian, volumetric mist, no text, no logos.|οὐδέν_0041
ὁ οὐρανός|heaven, the sky|"A colossal celestial vault arches overhead, its surface not mere blue but a living mosaic of liquid lapis and molten gold. Constellations are incandescent runes etched by fire-winged seraphs, their trails spiraling into vortexes of star-sapphire light. Center-frame, a translucent staircase of crystallized moonlight ascends from a cloud-isle shaped like an open palm, each step releasing shimmering motes that drift upward like reversed snowfall. The clouds themselves are rose-quartz continents drifting on tides of aurora, undersides glowing with soft amethyst back-lighting. 

Rays of dawn and dusk coexist: one horizon burns tangerine, casting long coral shadows across the marble clouds, while the opposite sky deepens to indigo studded with silver sigils. A subtle lens-flare halo crowns the zenith, diffusing into prismatic fans that bathe the scene in ethereal iridescence. Depth is exaggerated through atmospheric perspective—foreground clouds razor-sharp, mid-ground archways of light gently blurred, background galaxies rendered as impressionistic swirls.

Color palette: celestial ultramarine, argent, rose-gold, and ghost-pearl, all with high-intensity saturation and soft bloom. Cinematic 16:9 aspect, ultra-sharp 8K detail, ray-traced reflections on every crystalline surface, faint volumetric god-rays piercing the cloud gaps. Mood: sublime wonder, hushed anticipation, as if the viewer stands at the threshold of an eternal revelation."|ὁ_οὐρανός_0042
οὕτως|in this way, thus|A lone elven oracle stands upon a floating shard of translucent crystal suspended in a star-woven void, her silver hair coiling like moonlit mist around an ivory circlet set with a single opalescent rune that pulses “οὕτως” in soft auroral light. She gestures with an outstretched finger, tracing a luminous sigil that becomes a golden path of stardust spiraling into infinity, each particle a living memory—tiny translucent phoenixes, roses of glass, and clockwork butterflies—showing the way things must unfold. Below her, an inverted reflection of the same path descends into a dark mirror-sea where ghostly versions of herself walk backward, eyes closed, fading. The palette is twilight indigo, rose-gold, and argent, with rim-lighting from an unseen nebula that kisses every edge in iridescent violets and teals, casting long ethereal shadows that bend against cosmic geometry. Cinematic wide-angle, 85 mm lens, f/1.4, ultra-sharp focus on the rune with delicate bokeh of drifting motes, high-dynamic-range, 8 K fantasy realism, subtle film-grain for painterly softness, depth-of-field layered like a Pre-Raphaelite dream.|οὕτως_0043
παρά|from; with; beside|A lone elven cartographer kneels on the moss-carpeted ruins of an ancient moon-bridge, quill poised over a living map that unfurls across a floating obsidian slab. From the bridge’s fractured arch, liquid starlight pours like silk, pooling beside her into a mirror-smooth lake that reflects not her face but the memory of whoever gazes into it. Beside her left shoulder hovers a translucent moth-winged compass, its brass needle spinning toward the viewer, tethered by a silver thread to the pulse in her wrist. The scene is framed in vertical 4:5, shot from a low, reverent angle that makes the bridge appear to spiral into a violet twilight sky split by auroras shaped like forgotten runes. Ethereal teal and rose-gold rim light outlines every leaf and rune-etched stone, while a soft volumetric fog carries flecks of bioluminescent pollen that orbit her like tiny planets. Colors shift from deep indigo shadows to iridescent highlights, rendered in high-detail fantasy realism with subtle chromatic aberration around the edges of the starlight, giving an otherworldly shimmer. Depth of field isolates the elf and map, leaving the background ruins gently bokeh-kissed. Mood is hushed wonder, as if time itself pauses to watch the boundary between worlds being redrawn.|παρά_0044
ὁ πατήρ|a father|A colossal, bearded patriarch of stone and starlight sits cross-legged on a floating island of ancient marble ruins, his body half-merged with living rock; constellations swirl across his granite skin like glowing tattoos, while a crown of golden laurel leaves casts soft rays. Below, a tiny robed child—no bigger than his thumb—stands on a cracked pedestal, reaching up toward the giant’s glowing palm that drips liquid light into a silver chalice. Around them, translucent purple night-blooms spiral through the air, their petals trailing stardust. The background is a twilight abyss of indigo clouds and drifting archways, illuminated by a crescent moon that doubles as a watchful eye. Ethereal teal and amber rim-lighting outlines every edge, while volumetric god-rays pour from the father’s chest, creating a halo of warm gold against cool sapphire shadows. Depth-of-field isolates the child in sharp focus, leaving the titan slightly soft, enhancing scale. Painted in high-fantasy style: rich saturated colors, intricate engraved textures, subtle film-grain, 8K, ultra-sharp, octane render, ArtStation trending, Greg Rutkowski meets Alan Lee.|ὁ_πατήρ_0045
πιστεύω|I believe, entrust|Fantasy style: A colossal, translucent crystalline tree grows from the center of a floating island of white marble; its branches spiral skyward like frozen lightning, each tip cradling a glowing sigil of faith—golden Greek letters πιστεύω hovering like fireflies. Around the trunk, a ring of seven robed guardians—elves in iridescent silk, wings of starlight half-unfurled—kneel with palms pressed to the bark, channeling ribbons of aurora that rise into the canopy. Background: a twilight sky split between indigo storm clouds and a break where cosmic lavender light pours through, illuminating drifting motes of stardust. Foreground: a single mortal child, barefoot on a narrow crystal bridge, reaches toward the lowest branch; their shadow stretches long and silver across the marble, morphing into a phoenix silhouette—symbol of entrusted rebirth. Lighting: rim-light from the sigils edges every leaf in molten gold, while soft volumetric beams cut through swirling mist, creating a halo around the tree. Colors: palette of celestial teals, rose-gold, and ivory, accented by deep amethyst shadows; subtle lens flare on crystal facets. Mood: reverent wonder, heartbeat before revelation. Technical: ultra-sharp 8K, depth-of-field focused on child’s fingertips meeting the glowing letter π, bokeh sparkles in background, slight chromatic aberration on crystal edges for ethereal realism, 16:9 aspect.|πιστεύω_0046
τὸ πνεῦμα|a spirit, wind|A luminous, translucent spirit-wind coils above a moonlit ruin, its body formed of swirling silver mist and pale turquoise auroras that trail stardust. The entity’s core glows like captured moonlight, edged by violet lightning filaments; diaphanous wings of vapor unfurl, each feather a whisper of sapphire light. Below, broken marble columns lie half-submerged in a mirror-still pool that reflects the spirit’s spirals, while ancient Greek inscriptions float off the stone, dissolving into fireflies of gold. Composition: low-angle, spirit centered, rule-of-thirds intersection at its radiant heart, foreground reeds bent by an unseen breeze leading the eye upward. Lighting: cool nocturnal key from a full moon rim-lighting the ruin, secondary emerald glow emanating from the spirit itself, creating volumetric god-rays through the mist. Mood: ethereal awe, hushed reverence, timeless mystery. Palette: midnight indigo, ghostly teal, argent highlights, touches of amethyst and antique bronze on the weathered masonry. Technique: painterly fantasy realism, soft impasto on the vaporous forms, crisp micro-detail on carved glyphs, subtle lens-flare halos, 85-mm virtual lens, f/1.4 for creamy bokeh of drifting sparks, ultra-high-resolution, 8 K, depth-of-field map, cinematic bloom, ArtStation trending.|τὸ_πνεῦμα_0047
ἡ πόλις|a city|ἡ πόλις: a floating labyrinth of ivory-white marble suspended in twilight, tiered citadels spiraling upward like ammonite fossils, each terrace blooming with bioluminescent myrtle and pomegranate. At the heart, a colossal bronze Titan—half statue, half living automaton—cradles a moon-sized crystal astrolabe that projects constellations onto violet storm clouds. Cobalt lightning forks illuminate gryphon-pulled gondolas weaving between aqueducts of liquid starlight that cascade into the abyss below. Streets paved with lapis tesserae pulse with soft indigo glow, echoing the heartbeat of the sleeping city-goddess whose veiled form is carved into the underside, hair flowing as obsidian waterfalls. Golden oil-lamps flicker behind alabaster lattice, casting honeyed halos on cloaked oracles who glide on carpets of levitating runes. Color palette: twilight amethyst, antique bronze verdigris, lunar silver, ember gold. Cinematic wide-angle, 35 mm lens, slight tilt-shift to enhance dreamlike scale, depth-of-field focused on the Titan’s iris where a miniature map of the city glimmers. Ethereal volumetric light rays, subtle particle motes of fading myths, high-resolution 8 k, ultra-sharp, fantasy matte-painting style.|ἡ_πόλις_0048
πρός|to, toward; with|A lone elven archer stands on a moonlit stone bridge of living silver that arcs impossibly upward into a violet nebula, her bow drawn toward a distant constellation shaped like an open door. The bridge’s surface is etched with glowing runes that stream forward like comet tails, guiding the eye along the path “toward” the unknown. Ethereal mist clings to her cloak, woven from twilight blues and starlight gold, billowing in a wind that blows only for her. Bioluminescent moths orbit her head, their wings tracing spirals of cyan light that echo the curvature of the bridge. Below, an abyss swirls with soft rose and indigo clouds, punctuated by floating islands of crystal trees whose leaves chime in harmonic whispers. A single ray of pearlescent moonfire breaks through the nebula, spotlighting the archer and casting long, gentle shadows that stretch forward, symbolizing motion “to” a destiny. Depth of field is shallow, keeping the archer razor-sharp while the background melts into dreamlike bokeh orbs resembling tiny galaxies. Color palette: iridescent teals, royal purples, and molten gold highlights, all with a subtle cinematic bloom. Shot in ultra-wide 21:9 aspect, 8K resolution, fantasy realism, soft rim-lighting, high dynamic range, subtle film grain for a painted-storybook feel.|πρός_0049
τέ|and, both|A colossal, translucent τέ (tau) glyph—half rune, half living crystal—hovers at the junction of two converging rivers of starlight in a twilight sky. One river flows molten gold, the other iridescent amethyst; they braid together beneath the glyph, forming an ampersand of liquid light that spirals into an endless vortex. Floating stepping-stones of cracked obsidian orbit the scene, each etched with micro-runes that glimmer like fireflies. A lone hooded figure in mirror-silver robes stands on the central stone, staff tipped with a prism that refracts the converging beams into spectral petals. Back-lighting from the twin rivers halo the glyph’s edges, while rim-lighting outlines the wanderer, creating a luminous silhouette. Colors shift from deep indigo shadows to explosive magenta and aurora-cyan highlights, evoking wonder and quiet resolve. Depth-of-field isolates the foreground figure; background nebulae blur into soft bokeh sparks. Painted in high-fantasy style: intricate filigree, subtle chromatic aberration, ultra-sharp 8K detail, cinematic 21:9 aspect, subtle film grain for storybook texture.|τέ_0050
τὶς|someone, anyone, a certain one|A cloaked wanderer stands at a misty crossroads beneath twin crescent moons, face obscured by shadow and shimmering runes. Ethereal teal and violet light spills from the moons, carving silver edges along the traveler’s silhouette. Wisps of fog curl around ancient stone markers engraved with forgotten glyphs. Low-key rim lighting and soft volumetric rays evoke mystery; palette of midnight blues, ghostly purples, and touches of molten gold. Cinematic 3/4 view, 35 mm lens, shallow depth of field, high-resolution fantasy illustration.|τὶς_0051
τὶ|someone, anyone, a certain one|In a towering crystal library that floats among clouds, an androgynous scholar reaches toward a levitating tome whose pages glow with starlight. Warm amber lanterns contrast cool cerulean sky, creating chiaroscuro on ornate marble balustrades. Feathered quills orbit like hummingbirds, trailing golden ink. Soft back-lighting forms a halo around the figure, evoking quiet destiny. Color scheme of ivory, sapphire, and antique gold; painterly style with subtle film grain, 24 mm wide-angle, slight lens flare for magical ambience.|τὶ_0052
ἅγιος|holy|A radiant paladin kneels on a dais of white basalt, platinum armor etched with luminous sigils that emit soft divine fire. Behind, colossal translucent wings unfurl, scattering prismatic feathers into the dawn. Golden hour light breaks through storm clouds, rimming every contour in iridescent rose-gold. Low camera angle for grandeur; color palette of pearl, saffron, and sky azure. Cinematic ultra-sharp focus, subtle bloom, high-dynamic-range fantasy realism.|ἅγιος_0053
ἡ ἁγία|holy|An elven priestess stands within a moonlit grove of crystal trees, her gossamer robes woven with threads of light. A hovering circlet of rune-etched leaves orbits her head, casting soft emerald highlights onto serene features. Bioluminescent moths form a living mandala around her, pulsing in cadence with her whispered prayer. Cool cyan key light balanced by warm lantern glow at ground level; atmosphere of reverent awe. Matte-painting style, 50 mm lens, gentle depth-of-field blur on foreground blossoms.|ἡ_ἁγία_0054
τὸ ἅγιον|holy|A floating monolith of translucent alabaster drifts above stormy seas, veins of golden light branching within like living scripture. At its heart, a flickering white flame hovers—untouched by wind—casting radial god-rays through rain. Dark indigo waves reflect the blaze, creating complementary contrast. Dramatic low-key lighting with high specular on wet surfaces; palette of obsidian, electrum, and ember orange. Wide 16 mm shot, tilt-shift miniature effect, ultra-realistic fantasy render.|τὸ_ἅγιον_0055
ἀκούω|I hear, listen|A young oracle sits cross-legged atop a jagged basalt archway, eyes closed, silver hair flowing upward as if underwater. Translucent sound-waves—visible as shimmering ribbons of aurora—converge upon her from a chorus of spectral songbirds mid-flight. Background night sky swirls with nebula hues: magenta, viridian, indigo. Soft rim light outlines profile, while iridescent wave fronts provide kinetic energy. High-speed shutter feel, 85 mm portrait lens, painterly yet sharp, vibrant fantasy style.|ἀκούω_0056
ἡ ἁμαρτία|a sin|A forsaken knight impales his shadow on a black-iron sword; the shadow bleeds liquid starlight that pools into writhing demonic silhouettes. Background cathedral ruins loom under bruised crimson clouds, lightning forks illuminating gargoyles. Saturated red and teal split-tone lighting evokes moral tension. Low-angle wide 24 mm shot, gritty texture, high contrast with crushed blacks—dark fantasy illustration.|ἡ_ἁμαρτία_0057
ὁ ἀνήρ|a man, husband|A stalwart warrior cradles his wounded beloved against a dragon-gnawed battlement at sunrise. His weathered face half-lit by warm golden rays, eyes reflecting resolve and sorrow. Wind tugs at crimson cloak stitched with family crest; distant silhouettes of flying beasts circle smoky skies. Palette of dawn amber, blood red, and stone gray. Cinematic 50 mm lens, shallow depth of field, soft volumetric back-light—epic romantic fantasy realism.|ὁ_ἀνήρ_0058
ἀπό|(away) from|A lone sorceress steps from a shimmering portal onto a desolate obsidian plain, arcane fragments peeling off her cloak like dying embers. Behind, the gateway collapses into swirling shards of memory—fading kingdoms, lost faces. Cold cyan moonlight bathes the scene, contrasting ember sparks for color tension. Wide 35 mm composition, motion blur on debris, sharp focus on figure; desaturated palette with selective red accents—evocative high-fantasy concept art.|ἀπό_0059
αὐτός|he, she, it; self; the same|In an endless hall of mirrors wrought from starlight, a shape-shifting entity regards infinite reflections that cycle through male, female, and androgynous aspects. Each mirror emits faint neon glyphs, bathing the chamber in shifting hues of amethyst, jade, and topaz. Central figure softly glows, unifying the kaleidoscope. Symmetrical 24 mm wide-angle, deep focus, subtle lens flare; palette of cosmic purples and silvers—surreal high-resolution fantasy illustration.|αὐτός_0060
αὐτή|he, she, it; self; the same|Fantasy style: a luminous silver-haired elf-queen stands alone atop a crystal spire at twilight, her mirrored armor reflecting her own image multiplied in floating shards around her; moonlight and violet auroras paint the sky, rim-lighting her silhouette while soft teal glow rises from the city below. Cinematic wide shot, 35 mm, f/1.8, ultra-sharp focus on her eyes, subtle film grain, rich jewel tones, ethereal atmosphere.|αὐτή_0061
αὐτό|he, she, it; self; the same|Fantasy style: an ancient obsidian obelisk levitates above a misty obsidian lake, its surface projecting a translucent double of itself upside-down; twin moons backlight the scene, scattering silver ripples. Low-angle shot, deep shadows pierced by cobalt rim lights, muted monochrome palette with iridescent accents, volumetric fog, 50 mm lens, mystical stillness.|αὐτό_0062
γάρ|for, because|Fantasy style: a colossal tree whose roots bind a broken sword and a glowing heart-shaped runestone; golden sap drips 'because' the blade wounded the land. Warm sunset sidelighting, amber bokeh fireflies, painterly depth of field, 85 mm portrait lens, saturated earth tones, dramatic emotional mood.|γάρ_0063
γίνομαι|I become, happen|Fantasy style: a young apprentice mid-transformation, limbs dissolving into swirling stardust and re-coalescing as phoenix wings inside an ancient library whose books whirl around her. Rim-lit by crackling magenta spells, high-speed shutter freeze, dynamic motion blur on pages, vibrant nebula palette, 24 mm wide lens, energetic crescendo mood.|γίνομαι_0064
γράφω|I write|Fantasy style: a quill made of unicorn horn hovers over a floating parchment, each written word igniting into tiny golden dragons that spiral into a starry sky. Soft candlelight mixed with cool star glow, macro focus on glowing ink, parchment texture sharp, warm-cold complementary palette, shallow depth of field, 100 mm macro, serene yet magical.|γράφω_0065
δέ|and, but, now|Fantasy style: split-scene tapestry: left side shows a radiant knight offering a white rose, right side shows a shadow knight drawing a black blade; between them a glowing seam of turquoise lightning reads 'but now'. High-contrast chiaroscuro, dual lighting (warm vs cold), 35 mm lens, dramatic tension, hyper-real textures.|δέ_0066
δίδωμι|I give|Fantasy style: an ethereal dryad lowers a silver chalice toward a wounded griffin; glowing blossoms trail from her hand, symbolizing the gift of life. Backlit dawn, golden hour rays, soft pastel color grade, shallow depth isolating subjects, 50 mm lens, tender hopeful mood, delicate lens flare.|δίδωμι_0067
δύναμαι|I can, am able|Fantasy style: a dwarf blacksmith raises a newly forged war-hammer skyward, lightning channeling through his muscles and into the weapon, runes flaring 'I can'. Low-angle heroic shot, dramatic storm lighting, high contrast, metallic teal and orange palette, 28 mm lens, particles frozen with fast shutter, empowering atmosphere.|δύναμαι_0068
ἑαυτοῦ|of himself, herself, itself|Fantasy style: a sorcerer confronts a flawless glass doppelgänger inside a mirrored labyrinth, both casting identical violet spells that meet in a prismatic burst. Symmetrical composition, split lighting (magenta vs cyan), infinite reflections, 24 mm wide lens, crisp reflections, cool iridescent palette, introspective yet tense mood.|ἑαυτοῦ_0069
τὸ ἔθνος|a nation, Gentile|Fantasy style: vast cliff-top amphitheater crowded with diverse mythical tribes—centaurs, merfolk, harpies—uniting beneath a glowing banner of a single phoenix. Overcast sky breaks into god-rays illuminating the standard, panoramic 16 mm lens, muted earthy tones with vibrant flag accents, atmospheric perspective, epic communal mood.|τὸ_ἔθνος_0070
εἰμί|I am|A luminous figure stands at the center of an ancient stone circle, arms outstretched, translucent robes billowing with ethereal light. Golden hour rays pierce through mystical fog, creating dramatic rim lighting. The character glows with inner starlight, particles of existence swirling around them. Deep purples and celestial blues dominate, with accents of warm amber. Shot from a low angle, wide-angle lens, emphasizing the monumental scale. Fantasy style with soft focus edges, dreamlike atmosphere, reminiscent of Pre-Raphaelite paintings.|εἰμί_0071
εἷς|one|A solitary warrior-mage stands atop a crystalline spire that rises above cloud level, holding a staff that channels pure white light. Storm clouds part around the pinnacle, creating divine rays. The figure wears ornate silver armor with glowing blue runes. Cool color palette of storm grays and electric blues, with the staff as the only warm light source. Dramatic backlighting creates a heroic silhouette. Shot with telephoto compression, isolating the subject against vast sky. High fantasy style, crisp details, epic scale.|εἷς_0072
μία|one|An elegant sorceress emerges from a mirror-like pool, water cascading from her outstretched fingers that weave golden threads of light. Moonbeams filter through ancient ruins, creating dappled lighting. She wears flowing white robes with constellation patterns. Soft pastel palette of moon-silver, pearl white, and pale gold. Shot at water level, creating perfect symmetry with the reflection. Romantic fantasy style, soft focus, gossamer textures, Pre-Raphaelite influence with Art Nouveau flowing lines.|μία_0073
ἕν|one|A single ancient tree of life stands in a vast crystalline cavern, its roots and branches forming perfect unity. Bioluminescent fungi cast otherworldly blue-green light upward while golden sap glows within transparent bark. The composition centers on where root meets branch - one continuous flow. Rich jewel tones of emerald, sapphire, and amber. Shot with wide-angle lens, emphasizing the tree's monumental presence. High fantasy naturalism, intricate Celtic knot patterns within the wood grain, photorealistic textures.|ἕν_0074
ἐκ|from, out of|A phoenix erupts from volcanic stone, wings of fire and ash spreading dramatically. Molten rock splashes outward in slow-motion detail, each droplet glowing orange-red. Dark obsidian shards catch the light like black diamonds. Intense chiaroscuro lighting from the phoenix itself against deep shadows. Warm color palette dominated by fire tones - crimson, gold, and burning orange. Shot at the moment of emergence, capturing explosive energy. Dark fantasy style, dramatic contrast, hyperrealistic fire effects with fantasy elements.|ἐκ_0075
ἐν|in, on, at, by|A elven archer kneels within a sacred grove, arrow nocked, surrounded by floating particles of forest magic. Dappled sunlight filters through ancient trees, creating a natural cathedral of light. Vines and flowers seem to respond to their presence. Rich forest palette - deep greens, warm browns, touches of flower colors. Soft, diffused lighting creates intimate atmosphere. Shot through foreground elements, creating depth layers. Classic high fantasy style, detailed botanical elements, reminiscent of Alan Lee's illustrations.|ἐν_0076
ἐπί|on, upon|A celestial being stands upon a floating island of earth suspended in star-filled void, roots dangling into cosmic clouds. Northern lights aurora flows beneath like a river of color. The figure's robes seem woven from nebula gases. Ethereal palette of cosmic purples, star-silver, and aurora greens. Dramatic underlighting from the aurora creates otherworldly shadows. Low angle shot emphasizes height and transcendence. Cosmic fantasy style, blending mythological and astronomical elements, photorealistic space textures with fantastical elements.|ἐπί_0077
ἔρχομαι|I come, go|A mystical traveler steps through a shimmering portal, one foot in each realm - a medieval fantasy world and an alien dimension. The portal's edge ripples with prismatic light, distorting reality at the threshold. Their cloak transforms from fabric to starlight mid-step. Split color palette - warm earth tones on one side, cool cosmic hues on the other. Dramatic side lighting emphasizes the dimensional divide. Shot at the exact moment of transition. Portal fantasy style, reality-warping effects, detailed costume and alien landscape design.|ἔρχομαι_0078
ἔχω|I have, hold|A dwarven king cradles an ancient glowing crystal heart, its light reflecting in his wise eyes and silver beard. The treasure chamber's golden treasures pale compared to the artifact's inner light. Dust motes dance in concentrated beams of colored light. Rich palette of gold, ruby, and crystal-white. Intimate lighting focuses on hands and artifact, creating dramatic shadows. Close-up shot emphasizes the weight and importance of holding power. Classic fantasy style, detailed metalwork and gem effects, photorealistic textures with magical glow.|ἔχω_0079
ἡ ἡμέρα|a day|A massive sundial of the gods casts shadows across a cloud-top pantheon at golden hour, its gnomon piercing through celestial layers. Sun rays create dramatic god-rays through cloud formations, while constellations remain faintly visible in the deep blue sky. Ethereal beings mark the passing hours in flowing robes of dawn colors. Epic palette transitioning from deep blue to warm gold. Wide-angle shot captures the cosmic scale. Mythological fantasy style, architectural grandeur, classical proportions with fantastical elements, hyperrealistic clouds and light effects.|ἡ_ἡμέρα_0080
ὁ θεός|a god, God|A towering Olympian deity stands atop a marble cloud-palace at golden hour, his bronze skin glowing with inner starlight, draped in a cloak of living nebulae. Dramatic low-angle perspective, rim-lighting from a setting sun haloed by purple thunderheads; rich palette of imperial purple, molten gold, and storm-blue. Epic, reverent mood, volumetric rays, ultra-sharp 8K fantasy realism.|ὁ_θεός_0081
ἡ θεός|a goddess|An ethereal moon-goddess floats above a silver lake, her translucent robes woven from moonbeams and night-blooming lilies. Soft cool rim-light from a crescent moon, particles of stardust swirling around her outstretched palms. Palette of pearl, lilac, and deep indigo; serene, luminous atmosphere. Shot with shallow depth of field, pastel fantasy illustration style, high-resolution digital painting.|ἡ_θεός_0082
Ἰησοῦς|Jesus; Joshua|A radiant robed figure walks atop a mirrored Galilean sea at dawn, sunrise igniting his mantle into folds of crimson and gold. Soft diffused light, gentle lens flare, dove-white aura; background hills in misty sfumato. Palette: warm ochres, sunrise rose, celestial white. Contemplative, hopeful mood, painted in Renaissance fantasy style, ultra-detailed 8K.|Ἰησοῦς_0083
Ἰουδαῖος|Judean, Jewish|A lone traveler in a deep-blue striped tallit stands before ancient Jerusalem’s limestone walls at twilight. Torch-light flickers across weather-worn stone, stars emerging overhead. Warm amber and cool twilight blues interplay; cinematic wide-angle, low-key lighting, subtle film grain. Atmosphere of timeless reverence, illustrated in high-detail fantasy realism.|Ἰουδαῖος_0084
ἡ Ἰουδαία|Judean, Jewish|Vast rolling hills of Judea bathed in late-afternoon sun, olive groves casting long violet shadows toward distant white-marble citadels. Golden-hour palette of dusty ochres, sage greens, and royal purple skies. Atmospheric perspective, painterly brushwork, high-resolution fantasy landscape; mood of sacred antiquity and quiet majesty.|ἡ_Ἰουδαία_0085
τὸ Ἰουδαῖον|Judean, Jewish|An ancient sandstone synagogue interior lit by hanging oil lamps whose flames paint carven menorahs in shimmering gold. Shafts of cerulean twilight spill through latticed windows, swirling with incense smoke. Rich palette of earth browns, lamp-flame oranges, and mystical indigo. Intimate, reverent mood, textured fantasy realism, ultra-sharp detail.|τὸ_Ἰουδαῖον_0086
καί|and, even, also|A luminous crystalline conjunction suspended in a star-filled void, two spiraling galaxies linked by a bridge of prismatic light. Neon accents, high-contrast chiaroscuro, deep-space blacks against electric cyan and magenta. Dynamic symmetrical composition, epic fantasy vibe, 8K digital art.|καί_0087
ὁ κόσμος|the world; adornment|A colossal jeweled sphere cradled by cosmic vines, continents formed of emerald and topaz, oceans of liquid sapphire. Surrounding nebulae provide soft rim-lighting, scattering rainbow refractions. Palette: iridescent jewel tones against velvety cosmic black. Grand, wondrous mood, intricate fantasy illustration, ultra-high resolution.|ὁ_κόσμος_0088
λαλέω|I talk|A silver-tongued bard in a moonlit elven glade, glowing runic words spiraling from his lips into firefly-like motes. Soft cool backlight through ancient trees, foreground bokeh of floating syllables. Palette: forest greens, moonlit silver, whispering gold. Enchanting, lyrical atmosphere, painterly fantasy style, high detail.|λαλέω_0089
λέγω|I say|A robed oracle atop a marble dais, her raised staff emitting a ribbon of golden script that weaves into the twilight sky. Low warm torch-light contrasts with cool indigo heavens. Palette: antique marble whites, burnished gold, deep twilight blue. Authoritative yet serene mood, classical fantasy illustration, sharp 8K resolution.|λέγω_0090
ὁ μαθητής|a disciple|Fantasy scene of a lone disciple in flowing cobalt robes standing on a moon-lit marble stair that spirals into violet mist; golden runes hover mid-air, casting soft rim-light on his youthful face and scroll-clutching hand. Ethereal teal and amber color palette, low-key chiaroscuro, cinematic 3⁄4 view, shallow depth of field, ultra-sharp 8 K, ArtStation trending, Greg Rutkowski style.|ὁ_μαθητής_0091
μέν|on the one hand, then|Fantasy tableau split down the middle: left side a sun-kissed crystal throne-room with golden heroes, right side a storm-shrouded obsidian wasteland; a floating silver scale glows at center, balancing light and shadow. Dramatic split lighting, complementary warm/cool colors, wide-angle composition, hyper-real detail, 32-bit color depth, ArtStation quality.|μέν_0092
μή|no, not|Dark-fantasy close-up of a forbidding iron gate wreathed in black roses; a spectral red X of light bars the way, swirling mist concealing unseen threats. Desaturated crimson and charcoal palette, high-contrast noir lighting, ominous mood, 50 mm lens realism, crisp 8 K texture, atmospheric perspective.|μή_0093
ὁ|the|Fantasy still-life of an ancient floating sigil 'ὁ' carved from starlight, hovering before weathered stone pillars; dawn rays pierce dusty air, particles sparkling. Warm amber and cool shadow interplay, centered composition, f/1.4 bokeh background, ultra-detailed 8 K, mystical ambience.|ὁ_0094
ἡ|the|Elegant fantasy vignette of a luminous silver laurel shaped like 'ἡ' resting on a velvet cushion within a moonlit forest shrine; fireflies trace cyan trails. Soft diffused cool lighting, teal and silver palette, gentle vignette, shallow focus, high-resolution 8 K, magical realism style.|ἡ_0095
τό|the|Mythic fantasy wide shot of a colossal floating monolith etched with the glyph 'τό', glowing aquamarine amid swirling clouds; lightning arcs above a medieval valley below. Dramatic storm lighting, saturated jewel tones, dynamic Dutch angle, 16 K clarity, epic scale sense.|τό_0096
τὸ ὄνομα|a name|High-fantasy chamber where a radiant runic name materializes in spirals of golden light above an open grimoire; candle flames bend toward the text, casting warm highlights across aged parchment and a wizard's ink-stained fingers. Rich amber and indigo palette, soft rim lighting, 50 mm realism, 8 K texture detail, mysterious scholarly mood.|τὸ_ὄνομα_0097
ὅς|that, which, who|Epic fantasy scene of a cloaked archer revealed atop a misty crag at sunrise, arrow drawn, the glowing sigil 'ὅς' shimmering on his bow; valleys stretch below in layers of emerald and gold. Warm back-light creates divine halo, cool foreground shadows, rule-of-thirds composition, ultra-sharp 8 K, cinematic grandeur.|ὅς_0098
ἥ|that, which, who|Enchanting fantasy portrait of a sorceress whose irises contain the shimmering letter 'ἥ', threads of starlight weaving from her eyes into a midnight sky packed with auroras. Ethereal violet and cyan hues, soft volumetric lighting, 85 mm bokeh, high-resolution 8 K, poetic and mysterious atmosphere.|ἥ_0099
ὅ|that, which, who|Dramatic fantasy cliffside moment: a knight points skyward toward a radiant rune 'ὅ' blazing like a comet, wind whipping his crimson cloak against a storm-lashed sea. Contrasting cool sea tones with warm rune glow, dynamic diagonal composition, sharp 8 K detail, exhilarating mood.|ὅ_0100
οὐ|no, not|Fantasy style: a colossal obsidian gate, its surface etched with glowing cerulean runes that spell 'οὐ', stands ajar in a twilight forest. Foreground, a lone hooded mage lifts a staff whose crystal head pulses with negation-light, casting hard rim-lighting against his silver cloak. Background, ethereal wraiths retreat from the gate’s radiance, their forms dissolving into violet mist. Color palette of midnight blues, cold silvers, and forbidden magentas; cinematic 16:9, low-key chiaroscuro, 8K depth-of-field, subtle particle effects swirling like forbidden incantations.|οὐ_0101
οὐκ|no, not|Fantasy style: floating marble ruins hover inverted above a storm-lashed sea, each block inscribed with shimmering 'οὐκ' glyphs that repel gravity. Center, a winged sentinel clad in iridescent scale-mail thrusts a spear of black lightning toward the sky, creating a radial burst of tungsten-white light. Turquoise waves freeze mid-splash, turned to crystal by the negation spell. Palette of tempest grays, electric cyan, and burnished gold; dynamic Dutch-angle composition, volumetric god-rays, ultra-sharp 200 mm lens realism, subtle lens flare accentuating the word of denial.|οὐκ_0102
οὐχ|no, not|Fantasy style: an ancient stone monolith rises from a misty valley, its face carved with the forbidding rune 'οὐχ' that glows like cooling iron. Foreground, a dwarven warrior slams a rune-hammer against the rock, sending concentric rings of crimson rejection-fire across the scene. Background, phoenixes made of shadow scatter in mid-air, their wings trailing ember particles. Palette of molten reds, charcoal blacks, and ghostly embers; symmetrical framing, high-contrast tenebrism, 32-bit HDR, slow-motion ember bokeh, cinematic grain for archaic gravitas.|οὐχ_0103
οὖν|then, so, therefore|Fantasy style: atop a spiral crystal staircase in the sky, an elven scholar opens a golden tome whose pages blaze with the luminous word 'οὖν', casting cascading light bridges that connect floating islands. Soft dawn light breaks behind her, painting clouds in rose, amber, and pearlescent white. Tiny clockwork fairies orbit the bridges, trailing temporal stardust. Palette of sunrise pastels and arcane gold; rule-of-thirds composition, gentle volumetric glow, 85 mm portrait lens, subtle motion blur on the rotating stairs implying inevitable consequence.|οὖν_0104
οὗτος|this; he, she, it|Fantasy style: in a moonlit amphitheater of living trees, a masked archer stands on a central dais, glowing sigil 'οὗτος' hovering above like a crown of starlight. Spotlighted by a single lunar beam, the figure casts a triple shadow that shifts between male, female, and ethereal beast forms. Audience of translucent spirits watches in hushed awe. Palette of silver moonlight, deep forest greens, and iridescent lavender; centered composition, soft rim-light outlining every leaf, 50 mm cinematic lens, delicate depth-of-field isolating the chosen one.|οὗτος_0105
αὕτη|this; he, she, it|Fantasy style: a sorceress-queen floats above a shattered obsidian throne, her gown of liquid starlight swirling into the word 'αὕτη' emblazoned in the air with molten gold. Below, kneeling knights reflect her visage in their polished shields, each mirror showing a different aspect—maiden, mother, crone. Background nebula clouds echo her silhouette. Palette of cosmic purples, solar golds, and midnight blues; low-angle heroic framing, backlight halo, ultra-wide 24 mm lens, subtle anamorphic flare lending divine authority to her singular presence.|αὕτη_0106
τοῦτο|this; he, she, it|Fantasy style: inside a colossal clocktower of brass and glass, a mechanical dragonfly hovers before a floating orb inscribed with 'τοῦτο'. Gears tick in luminous teal, casting rotating shadows across a young warlock who reaches toward the orb, fingertips sparking with recognition runes. Outside stained-glass windows, twin moons align, projecting the symbol across the city of floating islands. Palette of antique brass, arcane teal, and moonlit ivory; diagonal leading-line composition, warm tungsten accent lights, 35 mm lens, crisp macro detail on the orb’s surface.|τοῦτο_0107
ὁ ὄχλος|a crowd|Fantasy style: beneath a vaulted cavern ceiling of glowing crystals, an endless tide of mythical beings—fauns, merfolk, dragonborn—surges toward a radiant portal, their combined silhouettes forming the ethereal phrase 'ὁ ὄχλος' in negative space. Torchlight flickers across armor and scales, creating a sea of shifting jewel tones. Center, a minotaur lifts a banner of living flame guiding the multitude. Palette of emerald, sapphire, and molten orange; wide panoramic 21:9 aspect, layered depth with atmospheric haze, 14 mm lens, subtle motion streaks conveying restless collective energy.|ὁ_ὄχλος_0108
πᾶς|all, every|Fantasy style: atop a mountain of ancient scrolls, a cosmic librarian unfurls a sky-sized parchment where constellations rearrange into the glowing rune 'πᾶς'. Every star represents a living soul, connected by silver threads that converge into the librarian’s crystal quill. Northern lights ripple behind, echoing the word in ribbons of emerald and magenta. Palette of celestial indigo, astral silver, and verdant aurora; symmetrical overhead shot, long-exposure star trails, 16 mm fis-eye lens, subtle lens bloom emphasizing totality and unity.|πᾶς_0109
πᾶσα|all, every|Fantasy style: within a ring of towering monoliths carved with every known glyph, a circle of druids raises staffs that beam prismatic light into the sky, converging into the radiant sigil 'πᾶσα'. The light refracts through floating dewdrops, revealing miniature worlds inside each bead—every creature, every realm. Dawn mist glows opalescent around their robes. Palette of sunrise coral, mystic violet, and verdant green; circular composition, soft back-light creating halos, 50 mm lens, high-dynamic-range capture, gentle volumetric rays signifying universal inclusion.|πᾶσα_0110
πᾶν|all, every|A colossal crystalline sphere suspended in a star-dusted void, its surface fractured into countless stained-glass panels, each pane glowing with a different color of the spectrum—crimson dragons, sapphire oceans, emerald forests, violet galaxies—so that the whole world is contained inside one luminous orb. Ethereal light radiates outward, illuminating floating islands of marble that orbit like moons, their waterfalls cascading into starlight. Shot with a 14 mm lens, f/1.8, dreamy bokeh, cinematic rim-lighting, volumetric god-rays, ultra-sharp 8 K fantasy concept art, trending on ArtStation, palette of iridescent pastels against deep indigo space, mood of infinite wonder.|πᾶν_0111
περί|concerning, around|An ancient sandstone colossus sits cross-legged in a windswept desert, its stone hands slowly rotating a glowing ring of runic glyphs that encircle it like a living halo. Golden hour light streams through the hovering symbols, casting ever-shifting shadows across carved murals telling forgotten myths. Dust motes sparkle in the air, caught in swirling eddies of arcane wind. Low-angle 24 mm lens, shallow depth, warm amber and burnt sienna palette, subtle lens flare, painterly fantasy illustration, mood of sacred vigilance, ultra-detailed textures of weathered rock and shimmering magic.|περί_0112
ἡ πίστις|faith, trust|A lone elfin priestess kneels on a narrow basalt bridge arching over an abyss of swirling nebulae, her palms pressed to a levitating silver sword that glows with soft white faith-fire. Chains of translucent light tether the blade to distant constellations, symbolizing unbreakable trust. Misty starlight backlights her flowing moon-white robes, creating a luminous halo. 85 mm portrait lens, f/1.4, creamy bokeh, cool twilight palette of indigo and silver, delicate film-grain, emotional fantasy realism, mood of serene devotion, ultra-sharp 8 K, trending on CGSociety.|ἡ_πίστις_0113
ποιέω|I do, make|Inside a towering arcane forge carved into the heart of a storm-shrouded mountain, a dwarven artificer raises a glowing hammer above an anvil of star-iron. Each strike births ripples of prismatic energy that coalesce into floating artifacts—clockwork dragons, crystalline wings, miniature planets—hovering mid-air amid swirling embers. Dramatic chiaroscuro from molten rivers below, sparks tracing orange arcs against obsidian walls. Wide 35 mm lens, high contrast, saturated jewel tones, dynamic motion blur on sparks, epic fantasy matte-painting style, mood of creative ecstasy, ultra-detailed 8 K.|ποιέω_0114
πολύς|many, much|An endless staircase of translucent jade spirals upward through a cavernous sky-realm, each step crowded with myriad mythical beings—phoenixes, centaurs, sylphs—ascending in vibrant multitudes. Overhead, floating islands overflow with cascading waterfalls of liquid gold, multiplying into golden clouds that rain petals of light. Soft diffused sunrise bathes the scene in warm rose and amber, creating layers of glowing haze. 16 mm wide lens, sweeping depth, pastel-gold palette, subtle volumetric light, high-fantasy illustration, mood of abundant celebration, razor-sharp 8 K, trending on DeviantArt.|πολύς_0115
πολλή|many, much|A boundless library of living marble shelves stretches into misty infinity, each tier blooming with thousands of luminous books whose pages flutter like butterfly wings, releasing swirling letters that coalesce into auroras overhead. Lanterns of captured starlight float between aisles, casting pools of soft teal and magenta on polished floors that reflect endless duplicates. 50 mm lens, f/2, gentle vignette, iridescent color scheme, painterly fantasy style, tranquil yet awe-filled mood, ultra-sharp 8 K textures of parchment and stone.|πολλή_0116
πολύ|many, much|A titanic tree of crystal and gold stands at the confluence of seven rainbow rivers, its branches dripping multifaceted leaves that multiply into showers of prismatic shards, carpeting the verdant valley below in kaleidoscopic abundance. Ethereal deer with antlers of light graze among the glimmering foliage, their hoofbeats releasing bursts of glowing pollen. Golden hour side-lighting, 24 mm lens, sweeping vista, high-saturation fantasy palette, soft bloom, cinematic depth, mood of generous overflow, ultra-detailed 8 K concept art.|πολύ_0117
σύ|you|In a mirrored amphitheater of polished obsidian, a single robed figure stands on a central dais, reflections multiplying into an infinite army of selves that encircle the protagonist like loyal guardians. Overhead, a crescent moon of silver fire casts a spotlight, isolating the true 'you' in cool white while reflections glow faint cyan. Low-angle 35 mm lens, high contrast noir lighting, monochromatic indigo palette with silver accents, mysterious fantasy mood, ultra-sharp 8 K, subtle grain.|σύ_0118
ὑμεῖς|you (plural)|Upon a floating stone plaza adrift in a sapphire twilight sky, a circle of twelve mages clasp hands, their combined silhouettes forming a perfect ring of unity. Concentric auroras ripple outward from their joined grip, painting the heavens with ribbons of violet, emerald, and gold that spell ancient sigils visible only from above. Wide 14 mm aerial lens, symmetrical composition, saturated astral palette, soft rim-lighting on robes, epic fantasy illustration, mood of collective power, razor-sharp 8 K, trending on ArtStation.|ὑμεῖς_0119
τίς|who? which? what? why?|A lone traveler stands before an immense translucent gate suspended in a void of swirling nebulae, its surface rippling with ever-shifting silhouettes—faces, creatures, symbols—posing the eternal question. A single beam of cool starlight illuminates the traveler from behind, casting a long shadow that morphs into question marks across the iridescent threshold. 50 mm lens, shallow depth, desaturated indigo and silver palette punctuated by prismatic highlights, enigmatic fantasy mood, ultra-sharp 8 K, subtle chromatic aberration.|τίς_0120
τί|who? which? what? why?|A colossal floating crystal gate hovers above a mist-shrouded marble plaza; through its translucent facets flicker ghostly silhouettes of possible futures—knights, dragons, scholars—each outlined in shimmering auroras. Torches in bronze griffon sconces cast warm gold light that battles cool moon-sapphire haze, painting the scene in twilight violets and emeralds. Low-angle, wide-lens composition puts the viewer beneath the gate, amplifying awe; particles of starlight swirl like fireflies, leading the eye toward the unknown. Hyper-detailed, high-resolution fantasy realism, soft rim-lighting on stone carvings, subtle volumetric fog, 8K, ultra-sharp focus, cinematic depth of field.|τί_0121
τότε|then, at that time|A lone chronomancer stands on the broken arc of a giant sundial suspended in a starry void; golden gears and hourglass streams orbit him, freezing mid-rotation as time pauses. Backlit by a supernova blooming behind, his robes billow with liquid stardust, colors shifting from ancient parchment to deep cosmic indigo. Dramatic chiaroscuro lighting carves every crack in the stone dial, while swirling nebula hues reflect off polished bronze numerals. Vertical composition emphasizes the moment of decision; lens flare accents the hour of 'then'. Fantasy matte-painting style, ultra-real textures, 32-bit color, 8K clarity, subtle film grain for mythic gravitas.|τότε_0122
ὑπό|by, under|Beneath the gnarled roots of a world-tree that glows with runic turquoise veins, a secret subterranean cathedral unfolds. Pillars of petrified serpents uphold a ceiling of living amethyst crystals dripping liquid light into reflective pools. Cool cyan bioluminescence contrasts warm torch flames, creating teal-orange complementary palette. Camera placed low, looking up along root arches toward a distant altar, evoking insignificance and hidden power. Drifting motes of pollen sparkle like fairy dust; shallow depth of field isolates foreground runestones. Epic fantasy style, ultra-detailed textures, ray-traced reflections, 8K resolution, soft volumetric god-rays.|ὑπό_0123
ὁ Χριστός|Christ|A luminous figure in flowing white-and-crimson robes walks atop a mirror-calm sea of liquid gold at dawn; each footstep sends concentric ripples of silver light that morph into subtle ichthys and chi-rho symbols. Behind, a sky split between stormy indigo and breaking rose-gold sunrise symbolizes sacrifice and resurrection. Halo rendered as a soft, warm rim-light with faint cruciform lens flare; doves of light orbit overhead. Low horizon, wide aspect centers the messiah against infinite waters, conveying divinity and humility. Hyper-realistic painterly style, fine linen and wool textures visible, 8K, high dynamic range, gentle bloom, cinematic color grading.|ὁ_Χριστός_0124
