ἀνίστημι αὐτήν |I raise / make her/it stand up|Classical Greek marble sculpture of a woman being gently lifted from broken columns, dramatic chiaroscuro lighting with golden hour sun rays, Parthenon-style architecture in background, cinematic wide-angle composition, white and warm beige color palette, hyper-realistic texture on weathered stone, shallow depth of field, ethereal mist swirling at base, heroic and triumphant mood, shot in style of 19th century neoclassical photography|ἀνίστημι_αὐτήν_0001
 βούλομαι πράσσειν |I wish / intend to do|Surreal dreamscape with ancient Greek figure standing at crossroads of glowing pathways, paths made of starlight and Mediterranean tiles, deep purple and gold twilight sky, contemplative pose with outstretched hand, particles of light forming possible futures, soft volumetric lighting, ethereal atmosphere, warm bronze skin tones against cool cosmic blues, inspired by Magritte and classical pottery art, symbolic visual storytelling|βούλομαι_πράσσειν_0002
 εἰ |if, whether|Split composition showing two realities: left side shows ancient Greek agora in bright daylight, right side shows same scene shrouded in mysterious fog, central figure stands at the divide wearing classical chiton, dramatic side lighting creating strong shadows, symbolic doorway between worlds, cool vs warm color temperature contrast, cinematic aspect ratio, philosophical and mysterious mood, photorealistic rendering with painterly touches|εἰ_0003
 ἐμός |my, mine|Intimate close-up of weathered Greek hands cradling a small ancient oil lamp, warm amber glow illuminating aged skin and silver rings, dark atmospheric background, shallow depth of field with bokeh of olive leaves, rich earth tones and metallic highlights, photorealistic macro photography style, chiaroscuro lighting emphasizing texture and ownership, contemplative and personal mood, shot with 85mm lens aesthetic|ἐμός_0004
 ἐπιτρέπω σοι πράσσειν |I allow you to do|Dramatic scene of white-bearded Greek philosopher gesturing in permission to younger disciple, set in colonnaded courtyard with dramatic storm clouds, shafts of light breaking through, figures in flowing chitons, classical architectural elements, Renaissance-style composition with strong diagonal lines, rich burgundy and deep blue color scheme, theatrical lighting reminiscent of Caravaggio, moment of transformation captured, oil painting aesthetic|ἐπιτρέπω_σοι_πράσσειν_0005
 ἕτοιμος |ready, prepared|Dynamic figure of Greek warrior in heroic pose, bronze armor gleaming in sunrise light, shield and spear ready, standing on cliff edge overlooking Aegean Sea, warm orange and cool blue color contrast, wind whipping red cloak, cinematic wide shot with dramatic sky, photorealistic rendering with epic scale, lens flare from rising sun, triumphant and determined mood, 300 movie aesthetic meets classical sculpture|ἕτοιμος_0006
 ἡ θρίξ |the hair|Extreme macro photograph of single strand of dark Greek hair transformed into golden thread, intricate detail showing texture becoming liquid metal, soft box lighting revealing every scale and fiber, deep black background with subtle bokeh, warm gold against rich brown tones, mystical transformation captured, scientific yet artistic rendering, shallow depth of field, metaphorical beauty in simplicity, shot with microscope lens aesthetic|ἡ_θρίξ_0007
 ἡ σταφυλή |the bunch of grapes|Lush still life of purple grapes with morning dew, ancient Greek pottery vase in background, soft diffused window light creating gentle shadows, rich purples and deep greens against weathered terracotta, photorealistic style with painterly touches, shallow depth of field focusing on front cluster, Mediterranean atmosphere, warm and inviting mood, classical composition reminiscent of Roman frescoes, subtle dust motes in golden light|ἡ_σταφυλή_0008
 ἡ στέγη |the roof / shelter|Atmospheric interior of ancient Greek home showing timber roof beams with light streaming through gaps, creating dramatic patterns on stone floor, warm afternoon light with floating dust particles, weathered wood textures and rough stone walls, cozy shelter feeling despite age, low angle shot emphasizing protective structure, earth tones with golden highlights, photorealistic rendering with historical accuracy, peaceful and secure mood, architectural photography style|ἡ_στέγη_0009
 καθαρίζω τι |I cleanse / purify something|Serene scene of Greek priestess pouring sacred water over ancient marble statue, white cloth in hand, soft morning light through temple columns, steam or mist rising from purification ritual, cool whites and warm marble tones, ethereal atmosphere, slow motion water capture, spiritual and cleansing mood, classical architecture framing the scene, photorealistic with mystical elements, pure and transcendent feeling, shot with polarizing filter effect|καθαρίζω_τι_0010
 κελεύω σε πράσσειν |I order you to do|Ancient-Greek black-figure amphora scene: a bronze-armored hoplite commander thrusts a spear forward while pointing at a younger soldier; dramatic red-figure contrast, ochre and obsidian slip, kiln-fired sheen, 5th-century BC pottery style, side-view silhouettes on terracotta, strong rim-light from left, low-contrast background, museum-grade macro depth of field, 8 K clarity, subtle radial vignette, stoic heroic mood.|κελεύω_σε_πράσσειν_0011
 ὁ ἑκατοντάρχης |the centurion|Roman centurion in burnished lorica segmentata standing atop a windswept marble battlement at golden hour; trans-alpine light, crimson transverse crest fluttering, olive-and-bronze palette, cinematic 35 mm lens, shallow focus on weather-worn face, dust motes back-lit, chiaroscuro shadows, epic historical realism, 4 K texture on metal and leather, stoic authority, subtle lens flare.|ὁ_ἑκατοντάρχης_0012
 ὁ λάρυγξ |the throat|Hyper-real anatomical study: translucent sapphire skin reveals the larynx with cartilage glowing like alabaster; cool cyan and magenta biomedical lighting, dark obsidian backdrop, microscopic capillaries in crimson, 100 mm macro lens, f 2.8 for razor-thin focus, high-dynamic-range, scientific yet poetic mood, faint steam breath, ultraclean studio style.|ὁ_λάρυγξ_0013
 ὁ λεπρός |the leper / leprous|Baroque oil-painting of cloaked leper in moonlit Jerusalem alley; tenebrism candle-light picks out weathered skin textures, muted umbers and sickly olive tones, Rembrandt-style impasto brushwork, shallow depth, solitary figure with bell and wooden bowl, somber spiritual mood, 16 K canvas grain, subtle gold leaf halo reflection.|ὁ_λεπρός_0014
 ὁ πίναξ |the flat dish / plate|Minimalist still-life: hand-thrown black-glaze Attic πίναξ resting on weathered cypress table; single silver sprig of olive, side-lit by early dawn through open window, monochrome background, soft pastel palette, 50 mm prime lens, f 1.4 bokeh, Scandinavian calm, Zen negative space, 32-bit color depth, ultra-sharp focus on plate rim.|ὁ_πίναξ_0015
 ὁ φοῖνιξ |the palm-tree / date-palm|Lone date-palm silhouetted against Saharan sunset; saturated magenta-to-amber gradient sky, long shadows stretch over rippled dunes, low-angle lens flare, National Geographic clarity, 70 mm panoramic crop, gentle warm breeze implied by frond blur, rich ochre and indigo palette, tranquil yet majestic mood, 12 K aerial drone resolution.|ὁ_φοῖνιξ_0016
 πόσος |how much? how great?|A vast obsidian plaza stretches to the horizon, its mirror-bright surface etched with glowing golden glyphs that endlessly tally—stars, grains of sand, heartbeats—rendered in ultra-sharp 8K. Center-frame, a colossal antique balance scale rises like a temple, one side cradling a miniature spiral galaxy, the other side overflowing with translucent glass droplets that catch the light; each droplet contains a tiny human silhouette, suspended in time. The style is hyper-realistic surrealism, reminiscent of Gregory Thielker meets Moebius, with subtle oil-paint texture on every metallic edge. Lighting: a low, raking dawn sun ignites the gold in warm rim-light, while a cool indigo twilight sky behind adds complementary contrast; volumetric god-rays slice through faint cosmic dust, creating depth. Mood: hushed awe, the moment before an answer is revealed. Palette: deep blacks, molten golds, indigo shadows, and iridescent droplet prisms. Camera: low-angle, 24 mm lens, slight tilt for vertigo, f/1.4 bokeh on distant glyphs, 32-bit color, ray-traced reflections, cinematic 21:9 aspect ratio.|πόσος_0017
 προσέχω αὐτῇ |I pay attention to her/it|A lone woman stands on a marble balcony at twilight, her back to us, silk chiton the color of wet sand catching a violet afterglow; one hand lifts a translucent veil that flutters like a thought toward the Aegean below. Paint the scene in the soft egg-tempera hush of a late-Greek fresco—faded lapis, bruised rose, tarnished gold—so every pigment feels centuries breathed upon. Compose her slightly off-center, rule-of-thirds left, negative space right where the sky still burns a last ember; let the veil’s edge draw a diagonal that guides the eye to her tilted head, implying the verb “I watch.” Illuminate with diffused, honey-colored twilight: no hard shadows, only a slow dimming that models the folds of cloth and the cool curve of marble. Scatter a few crushed petals across the floor, their crimson echoing a secret pulse. Mood: reverent, hushed, as though time itself is holding breath. Technical: 50 mm equivalent lens, f/1.8 for creamy bokeh that turns distant fishing lamps into amber pearls; subtle film grain, 4 k texture, depth-of-field sharp on the veil’s translucent threads, everything else melting into dusk.|προσέχω_αὐτῇ_0018
 στενάζω |I groan / sigh|Expressionist charcoal drawing: close-up of aged man clasping temples, mouth open in silent groan; aggressive cross-hatching, stark white gouache highlights on black paper, chiaroscuro lighting, dynamic diagonal composition, emotional weight, high-resolution 600 dpi scan texture, monochrome with single crimson accent tear.|στενάζω_0019
 τέ |and (enclitic), also|Abstract light-painting: two intersecting laser trails—emerald and violet—merge into a single white spark against pure black; long-exposure photography, 50 mm prime, f 8 for crisp starburst, ultra-minimal composition, symbolic conjunction, high-contrast, 16-bit color depth, meditative sci-fi mood.|τέ_0020
 τὸ δρέπανον |the sickle|Extreme macro of a hand-forged iron sickle, its curved blade catching a shaft of golden-hour light that reveals hammer-marks and a faint patina of rust; behind, a hazy wheat field blurs into warm ochres and siennas, dust motes sparkling, evoking an ancient harvest ritual. Shot on 85 mm f/1.4, shallow DOF, cinematic chiaroscuro, 8 K texture detail, muted earthy palette, solemn pastoral mood.|τὸ_δρέπανον_0021
 τὸ θέλημα |the will / desire|Surreal levitating marble bust shatters into glowing liquid gold mid-air; the fragments freeze in a spiral galaxy pattern against deep indigo void, tiny star-like sparks connecting each shard, symbolizing unbreakable resolve. Ethereal rim-lighting, high-contrast neo-baroque style, 32-bit color depth, cool indigo vs. molten gold palette, dramatic yet transcendent atmosphere, 50 mm anamorphic lens look.|τὸ_θέλημα_0022
 τὸ φύλλον |the leaf|Microscopic view of a single translucent leaf back-lit by sunrise: chlorophyll veins become luminous green rivers, dew droplets act as tiny fisheye lenses reflecting the forest beyond. Soft volumetric light, pastel bokeh, botanical-illustration realism merged with dreamlike glow, 4 K clarity, fresh spring palette, peaceful and contemplative mood.|τὸ_φύλλον_0023
 τὸ χωρίον|the field / plot of land|A vast Mediterranean field at golden hour, ancient stone walls tracing irregular plots through wild grasses and blood-red poppies, a single weathered olive tree casting long shadows across terraced limestone, distant mountains hazy in the heat, painted in the style of Giorgio de Chirico meets Edward Hopper—surreal precision with lonely clarity, hyperreal texture on every blade of grass and crack in stone, warm umber and cerulean palette, low angled sunlight creating dramatic contrast between glowing ochre earth and violet shadows, composition anchored by the solitary tree slightly off-center using rule of thirds, depth emphasized by winding dirt path leading eye through successive field boundaries, shot with imaginary 35mm lens at f/1.8 for shallow depth of field, cinematic 21:9 aspect ratio, subtle film grain, evoking timeless nostalgia and quiet anticipation, 8K resolution, ultra-sharp focus on foreground stones gradually softening toward distant peaks, slight lens flare catching on olive leaves, atmosphere heavy with summer heat and cicada song made visible through shimmering air.|τὸ_χωρίον_0024
