αἴρω τήν |I lift up / take away / remove …|A powerful, symbolic scene depicting the act of lifting or removing something sacred. A lone figure in flowing robes raises their arms toward a glowing, ethereal object—perhaps a scroll or ancient artifact—ascending into golden light. Dramatic chiaroscuro lighting emphasizes the motion and spiritual significance. Warm amber and deep crimson tones dominate, with intricate details in the fabric textures and surrounding mist. Baroque-style composition with dynamic movement and emotional intensity. --v 5 --ar 3:2 --style raw --q 2|αἴρω_τήν_0001
 διώκω σε |I pursue / persecute you|A tense, cinematic chase through narrow, ancient stone corridors. A determined figure in dark, billowing cloak pursues another robed figure fleeing into shadowy depths. Flickering torchlight casts dramatic, shifting shadows on weathered walls. Muted earth tones with bursts of warm orange flame. High-contrast lighting, dynamic diagonal composition, and intense psychological tension. Medieval or biblical aesthetic with realistic textures and atmospheric fog. --v 5 --ar 16:9 --style raw --q 2|διώκω_σε_0002
 δύο |two|Two distinct, symbolic figures standing side by side in perfect symmetry. One figure clothed in white, representing purity, and the other in deep blue, symbolizing wisdom. They stand on a reflective surface showing their mirror images, emphasizing duality. Soft, diffused lighting with cool blue and warm white color palette. Minimalist composition with clean lines and balanced framing. Classical Greek or Roman sculptural influence with modern digital painting style. --v 5 --ar 1:1 --style raw --q 2|δύο_0003
 εἰμί |I am / exist|A solitary, luminous figure standing at the center of a vast cosmic void, arms extended in a pose of self-affirmation. Surrounding them are swirling galaxies, nebulae, and streams of stardust in deep blues, purples, and golds. Ethereal, divine light emanates from within the figure. Dramatic celestial lighting with high contrast between dark space and radiant energy. Symbolic, metaphysical composition with surreal, dreamlike quality. --v 5 --ar 4:3 --style raw --q 2|εἰμί_0004
 ἡ ἀρχή |the beginning / rule / authority|A majestic figure seated on an ancient throne at the dawn of creation, holding a glowing orb representing cosmic authority. Behind them, a cosmic sunrise breaks through darkness, with rays of golden light illuminating a pristine, untouched landscape. Rich royal colors—deep purples, golds, and crimson reds. Classical Renaissance composition with meticulous attention to fabric folds and architectural details. Divine, authoritative atmosphere with soft rim lighting. --v 5 --ar 3:4 --style raw --q 2|ἡ_ἀρχή_0005
 ἡ δικαιοσύνη |the righteousness / justice|A solemn figure holding balanced scales in one hand and a flaming sword in the other, standing before a grand courthouse with towering columns. Light streams through broken clouds, casting holy illumination on the scene. Deep blue and white color scheme with golden accents. Strong vertical composition emphasizing authority and moral order. Classical architectural details with realistic textures and dramatic natural lighting. --v 5 --ar 4:5 --style raw --q 2|ἡ_δικαιοσύνη_0006
 ἡ ζωή |the life|A radiant figure surrounded by blooming flowers, flowing water, and verdant greenery in a sun-drenched garden paradise. Butterflies and birds fill the air with vibrant colors—emerald greens, bright yellows, and soft pinks. Warm, golden sunlight filters through leaves creating dappled lighting effects. Peaceful, idyllic composition with organic curves and natural textures. Impressionistic style with soft focus and dreamy atmosphere. --v 5 --ar 16:9 --style raw --q 2|ἡ_ζωή_0007
 ἡ παραβολή |the parable / comparison|Two contrasting scenes side-by-side: one showing prosperity and light, the other depicting hardship and shadow. A central figure stands between them, gesturing as if teaching, with visual elements that mirror and compare each story. Warm earth tones contrast with cool grays and blues. Balanced composition with clear visual storytelling. Ancient Middle Eastern architectural elements with detailed textiles and natural surroundings. --v 5 --ar 2:1 --style raw --q 2|ἡ_παραβολή_0008
 ἡ σοφία |the wisdom|An enlightened figure seated among ancient scrolls and celestial maps, with a glowing halo of knowledge radiating from their head. Floating geometric shapes and mathematical symbols surround them in an ethereal library. Deep indigo and rich gold color palette with soft, mystical lighting. Symmetrical composition with intricate details in books, astronomical instruments, and ornate architecture. Philosophical atmosphere with elements of ancient Greek academia. --v 5 --ar 3:4 --style raw --q 2|ἡ_σοφία_0009
 ἡ συναγωγή |the synagogue / assembly|A gathering of diverse figures in flowing robes assembled in a grand, columned hall with intricate geometric patterns on walls and floor. Warm lamplight and soft natural light stream through arched windows, illuminating the community in peaceful unity. Earthy tones of sandstone, deep reds, and warm golds. Balanced, inclusive composition showing various ages and backgrounds. Ancient Near Eastern architectural style with detailed stonework and textile patterns. --v 5 --ar 3:2 --style raw --q 2|ἡ_συναγωγή_0010
 ἡ τροφή |the food / nourishment|A rustic wooden table laden with abundant, fresh Mediterranean food: ripe tomatoes, golden bread, olives, figs, and a clay jug of wine. Warm, golden-hour lighting casts gentle shadows. Earthy tones dominate with vibrant reds and greens. Style: Realistic still-life photography with shallow depth of field, evoking timeless sustenance and gratitude.|ἡ_τροφή_0011
 καθίζω |I sit down / seat|A lone figure in flowing robes sits cross-legged on a sun-warmed stone bench beneath an ancient olive tree. Soft, diffused daylight filters through leaves. Calm and contemplative mood with muted earth tones. Style: Painterly realism with soft brush textures and warm sepia undertones, evoking peace and rest.|καθίζω_0012
 λαμβάνω τήν |I take / receive …|An outstretched hand gently receives a glowing, golden ear of wheat from an elder’s weathered palm. Backlighting emphasizes the symbolic exchange. Warm, spiritual lighting with amber and cream hues. Style: Ethereal realism with soft focus and divine glow, conveying reverence and sacred tradition.|λαμβάνω_τήν_0013
 νῦν |now|"A surreal digital artwork representing the Greek concept of ""νῦν"" (now) as a crystalline moment suspended in time. The composition features a massive, translucent clock face shattered into geometric fragments floating in a void of deep indigo and cosmic black. Each fragment glows with ethereal golden light, containing miniature scenes of human experiences happening simultaneously - a child's laughter, an elderly person's final breath, lovers' first kiss, and a artist's brush stroke. 

The lighting is dramatic and otherworldly, with sharp contrasts between the warm amber glow of the temporal fragments against the cool blue-black background. Particle effects of stardust and temporal energy swirl around the pieces, creating depth and movement. The mood is contemplative yet urgent, capturing the fleeting nature of present moments.

Color palette dominated by deep blues, vibrant golds, and touches of silver-white light. The style blends hyperrealistic digital painting with abstract geometric elements, reminiscent of Salvador Dali meets contemporary digital art. High contrast and dramatic shadows emphasize the three-dimensional floating fragments.

Technical aspects: 8K resolution, dramatic lighting effects, particle systems, volumetric fog, realistic material rendering on glass-like surfaces, with a shallow depth of field focusing on the central largest fragment. The overall composition draws the eye inward toward the core moment while peripheral fragments fade into the cosmic darkness, symbolizing how the present contains infinite pasts and futures."|νῦν_0014
 ὁ γεωργός |the farmer / vinedresser|A weathered farmer in a straw hat inspects rows of lush grapevines under a high sun. Dusty path, rich soil, and green vines stretch into the distance. Natural lighting with warm highlights. Style: Documentary-style realism with earthy tones and fine texture detail, evoking labor and harvest.|ὁ_γεωργός_0015
 ὁ καιρός |the season / appointed time|A symbolic clock-face made of seasonal elements: blooming spring flowers, summer wheat, autumn leaves, and winter frost. Celestial light glows softly behind. Harmonious color palette of nature’s transitions. Style: Mythological allegory painting with soft lighting and symbolic depth, evoking divine timing.|ὁ_καιρός_0016
 ὁ κάλαμος |the reed / measuring rod|A slender reed lies beside an ancient papyrus scroll with Greek measurements. Soft sidelight reveals delicate textures. Neutral tones with subtle gold accents. Style: Archaeological still-life with precise detail and soft shadows, evoking wisdom and measurement.|ὁ_κάλαμος_0017
 ὁ ὄχλος |the crowd / multitude|A bustling ancient marketplace filled with diverse, robed figures under a Mediterranean sun. Dynamic composition with layered movement. Warm light and vibrant fabric colors. Style: Cinematic historical realism with rich textures and expressive detail, evoking energy and community.|ὁ_ὄχλος_0018
 ὁ στέφανος |the crown / wreath|A laurel wreath rests on aged marble, illuminated by soft, heavenly light from above. Subtle shadows and golden highlights enhance texture. Noble greens and golds dominate. Style: Classical still-life with divine lighting and symbolic composition, evoking honor and victory.|ὁ_στέφανος_0019
 τὸ εὐαγγέλιον |the gospel / good news|"A luminous, ethereal representation of ""the gospel"" as a cascading waterfall of golden light descending from heaven to earth. The scene depicts ancient parchment scrolls unfurling mid-air, each glowing with warm amber and soft white light, containing sacred text that shimmers with divine energy. Biblical figures emerge from the radiance - hands reaching down in blessing, dove wings barely visible in the light streams, and faint halos floating like distant stars.

The composition centers on this vertical flow of light, with darkened earthly figures below looking upward in reverence and hope, their faces illuminated by the descending glow. Rich burgundy and deep teal shadows ground the scene, contrasting against the warm gold, cream, and pearl whites of the heavenly light. Soft particle effects dance throughout - tiny motes of light like spiritual energy or angelic presence.

Mood is profoundly reverent and hopeful, evoking spiritual awakening and divine revelation. The lighting creates dramatic chiaroscuro effects, with the brightest elements at the top gradually softening as they reach mortal figures below. 

Style blends Renaissance religious art with contemporary digital painting techniques - think Caravaggio meets modern fantasy illustration. Ultra-detailed textures show every fiber of ancient parchment, realistic skin tones on reverent faces, and luminous light effects with subtle rainbow refractions. 

Technical aspects: 8K resolution, dramatic depth of field with foreground figures slightly blurred, volumetric lighting creating visible light rays through atmospheric particles, and subtle motion blur on the flowing scrolls to suggest divine movement and eternal revelation."|τὸ_εὐαγγέλιον_0020
 τὸ θηρίον |the wild beast / animal|A majestic lion prowling through golden African savanna grassland, intense golden hour lighting casting long dramatic shadows, hyper-realistic style with intricate mane details and piercing amber eyes, warm ochre and amber color palette, dynamic composition showing the powerful predator in motion, dust particles floating in the air, cinematic mood evoking primal wilderness, 8K resolution with shallow depth of field, photorealistic textures|τὸ_θηρίον_0021
 τὸ λάχανον |the garden herb / vegetable|Lush green basil plants in a rustic Mediterranean garden terracotta pot, morning dew glistening on serrated leaves, soft natural lighting with gentle shadows, botanical illustration style combined with photorealism, vibrant emerald and sage green tones with earthy terracotta accents, overhead composition with detailed leaf textures, peaceful and refreshing mood, macro photography quality with crisp details, warm organic atmosphere|τὸ_λάχανον_0022
 τὸ ὅπλον |the weapon / tool|Ancient bronze Greek spear (dory) leaning against weathered marble columns, dramatic chiaroscuro lighting creating deep shadows, classical antiquity style with weathered textures and patina, muted bronze, marble white, and aged stone colors, diagonal composition emphasizing the weapon's length, solemn and heroic mood evoking ancient warfare, high-detail rendering of bronze craftsmanship, Renaissance painting aesthetic, atmospheric depth|τὸ_ὅπλον_0023
 ὑπάγω|I go away / depart|Silhouetted figure walking along a winding mountain path at sunset, dramatic backlighting creating strong silhouette effect, landscape photography style with layered mountain ridges, warm orange and purple twilight color scheme, minimalist composition emphasizing journey and solitude, contemplative and melancholic mood, atmospheric perspective with hazy distant peaks, cinematic lighting, emotional storytelling atmosphere|ὑπάγω_0024
