ἅπτομαι τῆς |I touch / lay hold of … (gen.)|A solitary, translucent hand in extreme close-up, fingertips glowing with soft, golden light, reaching toward a rippling, liquid-like marble surface. The scene is shot from below, against a deep-indigo void speckled with faint starlight. Cinematic chiaroscuro lighting carves luminous edges on the hand while cool rim-light outlines the marble. Colors: gold, ultramarine, and alabaster. Style: hyper-realistic, 8K, shallow depth of field (f/1.4), subtle bokeh, no text, no faces.|ἅπτομαι_τῆς_0001
 γεύομαι τήν |I taste …|Ultra-close macro of a single glistening drop of wild-thyme honey balanced on a sun-warmed marble spoon, its amber-gold surface acting as a living lens that reflects the Aegean horizon—white-cube villages, windmills, and a slash of cobalt sea. Style: hyper-real Greek still-life meets Dutch Golden Age, shot with a 100 mm macro lens at f/2, depth of field so shallow that only the drop’s curved edge is tack-sharp while background bokeh melts into gold. Lighting: late-summer 5 p.m. sunlight streaming through muslin, rim-lighting the drop into liquid fire, subtle caustics dancing on the veined marble below. Palette: honeyed ambers, Aegean ultramarine, bleached marble white, accents of bruised purple fig and bruised olive leaf. Mood: suspended anticipation, the instant before taste—time thickened like the honey itself. Tiny motes of pollen hover, backlit like cosmic dust; a translucent bee wing, caught mid-air, adds silent movement. Technical: 8 K clarity, chromatic aberration micro-fringes for realism, subtle surface tension ripples, no humans, no text, pure sensory portal.|γεύομαι_τήν_0002
 ἐγείρω σε |I raise / wake you|At cobalt dawn, a robed figure kneels on a misty limestone ridge, palms radiating gentle auroras toward a second figure rising from white linen. Low, horizontal sunlight pierces fog, creating god-rays and volumetric haze. Colors: warm peach, cool lavender, muted earth tones. Composition: rule-of-thirds, strong diagonal line of the ridge. Style: romantic neoclassical painting, oil-on-canvas texture, 4K, soft vignette, emotional crescendo.|ἐγείρω_σε_0003
 εἷς |one|Center-frame, a perfect sphere of polished obsidian levitates above a mirror-still pool that reflects an infinite overcast sky. Monochrome palette: graphite, charcoal, subtle silver. Lighting: diffused skylight producing soft, shadowless gradients. Mood: Zen minimalism, absolute unity. Technical: 50 mm lens, f/5.6 for edge-to-edge sharpness, high-resolution digital, no imperfections, no distractions.|εἷς_0004
 ἔρχομαι εἰς |I come / go into …|A lone traveler steps through a shimmering, liquid doorway that hovers above a marble staircase dissolving into mist; the instant their foot crosses the threshold, particles of their form scatter into constellations, trailing gold-and-indigo stardust that spells forgotten Greek letters across the air. Style: hyper-realistic fantasy meets classical sculpture, shot as if by Gregory Crewdson—cinematic 8K, 85 mm lens, f/1.4, shallow depth of field. Composition: low-angle, rule-of-thirds with the doorway centered, traveler slightly off-balance on the penultimate step, negative space filled with swirling galaxies that echo the curvature of a Parthenon frieze faintly etched across the sky. Lighting: pre-dawn cobalt gradient, a single hidden warm spotlight from below igniting the traveler’s silhouette, rim-light turning the stardust into molten bronze; cool rim reflections on wet marble create complementary teal highlights. Mood: awe-struck liminality—simultaneous departure and arrival, breath held between heartbeats. Colors: deep Prussian blue, antique gold, bruised violet, touches of oxidized copper on the dissolving staircase. Technical: ultra-sharp 32-bit color, subsurface scattering on skin, volumetric god-rays, 14-stop dynamic range, subtle chromatic aberration on doorway edges for otherworldly shimmer, no text, no borders.|ἔρχομαι_εἰς_0005
 ἡ ἀγορά |the marketplace / forum|Wide establishing shot of a bustling Hellenistic agora at golden hour: white limestone colonnades, terracotta tiled roofs, merchants under striped awnings, sun-kissed marble statues. Overhead, swallows silhouetted against a warm apricot sky. Lighting: low sun casts long, soft shadows and honeyed highlights. Palette: ochre, indigo, weathered white. Style: heritage photography, 24 mm lens, subtle film grain, atmospheric depth, inviting vitality.|ἡ_ἀγορά_0006
 ἡ ἀλήθεια |the truth, truth, reality, sincerity, or disclosure|A colossal translucent figure of a woman stands barefoot on a marble plinth at the center of a ruined classical forum; her glass-like skin refracts sunlight into pure white shards that scatter across cracked columns and fallen capitals. She holds an open book carved from polished obsidian whose pages reflect the sky like a mirror, revealing not clouds but an endless star-field—an unveiled cosmos. Golden hour light streams through broken archways, igniting motes of dust that swirl around her like ascending truths; the warm amber glow contrasts with cool indigo shadows pooling beneath collapsed stones. Hyper-realistic style, 8K resolution, 35 mm tilt-shift lens, shallow depth of field focused on the figure’s serene face while background ruins blur into soft bokeh. Palette: alabaster, obsidian black, antique bronze, and a single thread of vermilion embroidery on her translucent himation symbolizing sincerity. Mood: solemn revelation, quiet awe, the hush before spoken confession.|ἡ_ἀλήθεια_0007
 ἡ βασιλεία |the kingdom / reign|Elevated dusk view of a fortified hill-city: golden walls, crenellated towers, banners snapping in wind, all bathed in royal purple twilight. A single, unseen crown casts a faint halo on low clouds. Lighting: mixed warm city glow and cool twilight sky. Palette: imperial gold, regal purple, deep indigo. Style: high-fantasy matte painting, 16K panoramic, dramatic clouds, sense of enduring sovereignty.|ἡ_βασιλεία_0008
 ἡ Γαλιλαία |Galilee (the region)|Pastoral aerial of Galilee’s rolling green hills sloping toward a serene, sapphire lake at sunrise. Olive groves form dappled textures, wildflowers dot meadows, distant fishing boat leaves a copper trail on glassy water. Lighting: low sun ignites misty valleys with rose-gold rays. Colors: emerald, turquoise, warm gold. Style: naturalist landscape photography, drone 85 mm equivalent, polarized sky, 12K, tranquil promise.|ἡ_Γαλιλαία_0009
 ἡ ἐξουσία |the authority / power|A gleaming, angular throne of brushed titanium hovers above a storm-tossed sea, lightning branching from its edges into roiling clouds. Cold, white electric light contrasts with deep teal waves. Composition: low, upward perspective for dominance. Mood: awe, latent force. Palette: metallic silver, electric cyan, graphite. Style: futuristic concept art, octane render, 8K, ultra-sharp, cinematic contrast, no human presence.|ἡ_ἐξουσία_0010
 ἡ θυσία |the sacrifice|Ancient Greek altar atop a windswept cliff at twilight, a lone white-robed figure kneeling before weathered marble steps, bronze dagger catching last amber rays, crimson cloth pooling like blood, storm clouds massing overhead, cinematic chiaroscuro lighting, warm ochre and cold indigo palette, shot on 35 mm film with shallow depth of field, dramatic low-angle composition evoking gravitas, particles of incense swirling in backlit shafts, mood of solemn reverence and impending loss.|ἡ_θυσία_0011
 ἡ καρδία |the heart|Hyper-real macro of a translucent marble heart suspended in dark void, thin gold veins pulsing with soft bioluminescent glow, crimson light bleeding from center fissure, ripples of liquid obsidian beneath, baroque oil-painting style, Rembrandt lighting carving deep shadows, palette of alabaster, carmine, and obsidian, 8 K clarity on black velvet backdrop, composition centered yet tilted 15 ° for tension, mood of fragile vitality and sacred vulnerability.|ἡ_καρδία_0012
 ἡ λύπη |the grief / sorrow|Monochrome charcoal rendering of a veiled woman seated on empty stone quay, rain-blurred reflections stretching like tears, distant ship lanterns dissolving into fog, soft diffused moonlight skimming wet cobblestones, limited palette of slate, ash, and pewter, long exposure haze suggesting time’s erosion, low eye-level viewpoint for intimacy, mood of quiet devastation and enduring absence.|ἡ_λύπη_0013
 ἡ οἰκία |the house / home|Sun-bleached Cycladic cottage perched on terraced hillside, azure shutters ajar revealing shadowed interior glow, bougainvillea spilling over whitewashed walls, golden hour light raking across weathered limestone, palette of cobalt, chalk, and burnt umber, wide-angle lens for welcoming openness, cicadas etched into warm air, mood of timeless refuge and sun-soaked tranquility, shot on medium-format film with gentle vignette.|ἡ_οἰκία_0014
 ἡ ὀργή |the wrath / anger|A colossal marble statue of a winged goddess shattering free from a cracked mountain peak at golden hour, her face veiled by a billowing crimson himation that ignites into liquid fire, serpentine veins of molten gold coursing through the stone, eyes glowing white-hot like twin supernovas, one hand hurling a jagged lightning bolt toward the viewer, the other crushing a bronze war-chariot, storm clouds spiraling into a vortex behind her, shards of shattered marble suspended mid-explosion in slow-motion, razor-sharp edges catching the sun, dramatic low-angle shot from the precipice, chiaroscuro lighting with blinding rim-light outlining every fracture, hyper-realistic 8K, ultra-sharp focus, deep cinematic depth of field, color palette of blood-red, obsidian black, and searing gold, style fusion of classical Hellenistic sculpture and modern digital matte painting, volumetric god-rays, particles of ember swirling, mood of apocalyptic fury and divine retribution, shot on virtual 50 mm prime lens, f/1.4, ISO 32, shutter 1/8000 s, HDR, --ar 3:4 --v 5 --q 2|ἡ_ὀργή_0015
 ἡ χώρα |the land / country / region|Vast Cretan plateau at dawn, ancient olive groves twisting toward snow-dusted peaks, low mist caught in golden shafts, palette of sage, terracotta, and lilac haze, 70 mm panoramic crop for sweeping sovereignty, drone-height vantage revealing terraces like topographic lines, subtle lens flare kissing horizon, mood of rooted belonging and eternal landscape, captured in high-dynamic-range realism.|ἡ_χώρα_0016
 ἡ ὥρα |the hour / season|A colossal antique hourglass stands in a twilight meadow where spring and autumn coexist: the left half bursts with viridian grass and cherry blossoms, the right with amber wheat and drifting scarlet leaves. Inside the glass, liquid golden light—rather than sand—flows upward, defying gravity, carrying tiny constellations and blooming roses that dissolve into snowflakes as they rise. A translucent female figure, draped in a clock-face gown whose numerals softly tick, rests a palm against the glass; her skin is porcelain lit from within by sunset hues. Behind her, the sky is split into a color-gradient dial: dawn coral on one horizon, indigo dusk on the other, stitched together by a thin ribbon of star-studded midnight that forms an elegant Roman-numeral “XII.” Low, cinematic key-lighting carves long violet shadows and gilds every edge with a delicate rim of copper, while volumetric rays pour through the hourglass, creating shimmering bokeh particles. Hyper-real 8K clarity, 50 mm lens, shallow depth of field, muted jewel-tone palette with metallic accents, subtle film-grain overlay for nostalgic texture, evoking a mood of suspended time and quiet awe.|ἡ_ὥρα_0017
 λούω τήν |I wash …|Hands cupping crystal-clear spring water cascading over weathered stone basin, droplets suspended in mid-air like glass beads, early morning dappled light filtering through cypress canopy, palette of emerald, alabaster, and sunlit gold, 1/2000 s shutter freezing splash, tight 50 mm frame on gesture, soft rim light outlining water veil, mood of ritual purification and gentle renewal, rendered in photorealistic clarity with slight watercolor overlay.|λούω_τήν_0018
 ὁ δάκτυλος |the finger|A single, colossal marble finger—crooked as if beckoning—rises from a windswept dune sea at twilight. The digit is weather-cracked, veins of molten gold threading through fissures, catching the last ember of sun. Low, amber horizon light grazes the dune ridges, painting long, razor shadows that point toward the finger like pilgrims. Above, a violet sky bruises into indigo; the first star glints off the fingernail, polished to a mirror that reflects a distant, storm-charged sky. Hyper-real style, 8K clarity, 85 mm lens, f/1.4 depth of field isolates the monolith against soft, drifting sand particles frozen mid-air. Subtle volumetric dust catches backlight, creating halos around microscopic grains. Color palette: warm ochres, antique gold, cooling violets, restrained highlights to preserve noir drama. Mood: mythic, oracular, a hush before revelation. Composition: rule of thirds, finger placed left-of-center, negative space dominated by empty dunes to amplify solitude. Ultra-sharp texture detail on marble pores and gold seams, gentle lens flare at the nail edge, no human figures, no text, pristine focus.|ὁ_δάκτυλος_0019
 ὁ Φαρισαῖος |the Pharisee|Candle-lit interior of ancient sandstone chamber, robed scholar hunched over unfurled parchment, phylactery straps catching flickering tungsten glow, deep chiaroscuro carving furrowed brow, palette of ochre, umber, and waxen cream, 35 mm low-key cinematography, shallow depth isolating stern gaze, dust motes swirling like incense, mood of austere piety and guarded wisdom, textured like Caravaggio with modern 8 K detail.|ὁ_Φαρισαῖος_0020
 ὁ φόβος |the fear / reverence|A colossal ancient Greek temple at twilight, cracked marble columns rising into a storm-torn sky; at the center, a lone hooded figure in torn chiton kneels on the altar steps, arms outstretched toward a blinding tear in the clouds shaped like an all-seeing eye. Lightning forks illuminate veins of gold running through the marble, casting sharp chiaroscuro that carves deep shadows across the flagstones. Flocks of obsidian-black birds spiral upward, their wings edged with spectral violet light. Low-angle cinematic composition, 35 mm lens, ultra-sharp 8 K clarity, subtle volumetric dust motes caught in the lightning flashes. Palette of cold cerulean, bruised purple, and molten gold, with accents of arterial crimson from scattered poppies. Style: hyper-realistic mythic drama, reminiscent of Bouguereau meets Ridley Scott, textured oil-paint finish, high dynamic range, slight anamorphic bloom on highlights. Mood: dread-soaked reverence, the sublime moment before divine judgment, heartbeat audible in the silence between thunders.|ὁ_φόβος_0021
 πορεύομαι εἰς |I journey / go into …|Surreal cinematic wide shot: an ancient stone path spirals upward through clouds into a tear in the sky that reveals a nebula. A solitary traveler in weather-worn chiton steps from golden dawn into starlight, lantern swinging, cloak billowing. Epic backlighting, volumetric god-rays, complementary palette of warm earth and cool cosmic violet. Shot on 35 mm anamorphic, rule-of-thirds composition, sense of wonder and forward motion.|πορεύομαι_εἰς_0022
 τὸ τάλαντον |the talent (weight / coin)|Macro still-life in the style of Dutch Golden Age: a heavy, freshly cast silver talent coin rests atop dark mahogany, its relief catching a single shaft of window light. Beside it, a tiny folded parchment, wax seal broken, and a pair of brass scales casting long shadows. Rich palette of tarnished silver, deep umber, and ochre; shallow DOF, 100 mm macro, f/2.8, crisp textures, contemplative mood hinting at wealth and judgment.|τὸ_τάλαντον_0023
 ᾧδε|here / hither|Minimalist cyberpunk vignette: a glowing cyan neon arrow pulses on rain-slick cobblestones of an abandoned Greek alley at night, reflecting onto ancient limestone walls. Single figure in hooded cloak stands exactly at the arrow’s tip, face obscured, umbrella dripping. High-contrast lighting, teal–magenta split-tone, shallow DOF, 50 mm lens, misty rain particles, mood of quiet invitation and decisive presence.|ᾧδε_0024
