ἀμήν|truly, verily, amen|Photorealistic close-up of an ancient Middle-Eastern scribe’s ink-stained hand pressing a reed pen onto parchment, a single drop of indigo ink catching golden-hour rim light as it falls onto the word “ἀμήν” freshly written in elegant Koine script. Background fades into soft bokeh of warm limestone walls, dust motes glowing, conveying timeless certainty. Shot on 85 mm f/1.4, ISO 100, 6 K clarity, subtle film grain, muted earth-tone palette with indigo accent.|ἀμήν_0001
ἀφίημι αὐτήν|I let go / forgive / leave it (fem. obj.)|Photorealistic side-profile of a weathered woman standing on a Mediterranean cliff at blue hour, releasing a pure-white dove into pastel sky; wind lifts her linen shawl and hair, symbolizing release. Soft magenta horizon light mixes with cool twilight, high-dynamic-range capture, 50 mm lens, shallow depth, gentle lens flare on bird’s wings, serene expression, muted blues and dusty pinks, cinematic realism.|ἀφίημι_αὐτήν_0002
δείκνυμί σοι αὐτήν|I show you it (fem. obj.)|Photorealistic extreme macro of a woman’s half-open right hand hovering at eye-level against a soft dawn sky; the first light catches a single, perfect dew-bead clinging to her index fingertip, acting as a spherical lens that inverts and projects a miniature, razor-sharp image of her own iris inside it—an intimate, feminine “it” she literally shows you. 85 mm f/1.4, ISO 100, 1/500 s; shallow depth of field isolates fingertip and droplet, skin pores and iris striations rendered in microscopic detail. Color palette: cool cerulean sky gradients warming to rose gold on the horizon, neutral peach skin tones, prismatic micro-spectral highlights in the droplet. Lighting: low-angled back-sun creates rim-light on fingers and a translucent glow through the dew; subtle fill-card returns delicate shadow detail. Composition: rule-of-thirds placement of hand, negative sky occupying two-thirds for breathing room; droplet centered on upper intersection point, iris reflection facing viewer. Mood: quiet revelation, epiphany held at fingertip. Ultra-sharp 16 K clarity, visible sub-dermal veins, stray vellus hairs catching back-light, no artifacts, no text.|δείκνυμί_σοι_αὐτήν_0003
δίδωμί σοι αὐτήν|I give you it (fem. obj.)|Photorealistic low-angle shot of two cupped hands cradling a glowing, translucent crystal olive branch under dappled orchard sunlight; shallow depth isolates gift against out-of-focus green foliage, symbolizing generosity. 35 mm lens, high-resolution 8 K, rich emerald and gold tones, soft shadows, subtle caustic reflections, intimate, benevolent mood.|δίδωμί_σοι_αὐτήν_0004
ἔσχατος|last, final, utmost|Photorealistic wide shot of a solitary dead tree on a cracked salt-flat at last light; blood-orange sunset bisects frame, long shadows stretch, wind-whipped dust creating haze. Ultra-sharp 24 mm, f/11, high contrast, desaturated colors with fiery sky accent, dramatic, finite, apocalyptic yet serene.|ἔσχατος_0005
ἡ γραφή|the scripture / writing|Photorealistic top-down flat lay of an open hand-illuminated manuscript on dark walnut table; single warm tungsten lamp creates chiaroscuro, revealing gold leaf, crimson initials, and Koine text. 50 mm tilt-shift, f/4, razor focus on page center, velvety shadows, deep browns and burnished gold, reverent scholarly mood, 32-bit color depth.|ἡ_γραφή_0006
ἡ ἐκκλησία|the assembly / church|Photorealistic interior of a small candlelit Byzantine chapel packed with diverse congregants standing in prayer; golden iconostasis glows, smoke curls from incense, warm light flickers across worn stone and colorful mosaics. 24 mm, f/2, high ISO keeping noise minimal, rich ochres and crimson robes, intimate community atmosphere, 6 K detail.|ἡ_ἐκκλησία_0007
ἡ ῥίζα|the root|Photorealistic extreme macro of a thick, moist olive root gripping ancient soil; morning backlight outlines fibrous bark, droplets cling, tiny root hairs sharp. 100 mm macro, f/5.6, focus stack for full clarity, earthy browns and muted greens, conveys origin and life, ultra-detailed, naturalistic color grade.|ἡ_ῥίζα_0008
ἵστημι αὐτήν|I set / place / establish it (fem. obj.)|A weather-worn woman in a flowing indigo linen dress stands barefoot on a limestone plinth at low tide, setting a delicate glass orb the size of a heart into a natural hollow of the rock. Dawn light breaks behind her, gilding the orb’s internal swirl of rose-gold mist and turning each droplet on her calves into micro-lenses. The camera is positioned at waist height, 35 mm lens, f/1.8, so the foreground seafoam blurs into creamy bokeh while every salt crystal on her forearms remains razor-sharp. Color palette: cool ultramarine shadows, warm peach highlights, neutral wet-stone grays; subtle lens flare licks the orb’s rim, hinting at quiet power. Composition places the woman on the lower-right third, horizon line low, vast sky negative space above to convey solemn establishment. Mood: reverent, timeless, as if this act fixes a new constellation in place. Photorealistic style: ultra-sharp 8 K clarity, visible pores, wind-tangled flyaway hairs, micro-textures in the limestone, chromatic aberration on the glass edges, gentle barrel vignette.|ἵστημι_αὐτήν_0009
καινός|new, fresh|Photorealistic close-up of a dew-laden spiderweb stretched across vibrant green seedling leaves at sunrise; backlit droplets refract spectrum, bokeh city beyond blurred. 105 mm macro, f/3.2, high shutter freezing droplet motion, saturated greens and prismatic highlights, crisp, rejuvenating mood, ultra-sharp 8 K capture.|καινός_0010
καλός|good, beautiful, noble|Photorealistic macro of a single white marble bust of a young Greek athlete, bathed in soft golden-hour light raking across the cheekbones; backdrop of deep Aegean-blue sky, subtle lens flare, 85 mm f/1.4, ultra-sharp skin pores and translucent marble veins, gentle vignette, color palette of warm ivory, cobalt, and olive, evoking nobility and timeless beauty, shot on 100 MP medium-format sensor, shallow DOF.|καλός_0011
λευκός|white, bright|Photorealistic close-up of fresh snow crystals on matte white paper, illuminated by a hidden LED panel from below, creating ethereal internal glow; 100 mm macro lens, f/5.6, focus stack for razor detail, high-key exposure, subtle blue shadows, specular highlights like tiny stars, minimalist composition, 8 K clarity, conveying pure, blinding whiteness and crystalline brightness.|λευκός_0012
ὁ ἄνεμος|the wind|Photorealistic coastal cliff at dawn, gale-force wind ripping through tall grass and spray off wave crests; 1/2000 s shutter freezes airborne droplets, backlit by low sun creating rim-light on every blade, cyan and amber split-tone, ultra-sharp 400 mm telephoto compression, dramatic motion contrast between static rocks and chaotic sky, tangible sense of invisible force.|ὁ_ἄνεμος_0013
ὁ θερισμός|the harvest|Photorealistic aerial of a golden wheat field at midday, combine harvester kicking up dust clouds backlit by sun; 50 mm lens on drone, polarizer deepening sky, rich ochre and burnt-sienna tones, sharp texture on grain heads, slight haze adding depth, rule-of-thirds composition, 16-bit color depth, conveying abundance and the climax of cultivation.|ὁ_θερισμός_0014
ὁ μισθός|the wage / reward|Photorealistic extreme macro of a single ancient silver drachm resting on worn leather worker’s glove, lit by narrow beam of window light creating chiaroscuro; 105 mm macro, f/2.8, shallow DOF, visible hammered texture and tarnish, warm brown leather bokeh, subtle smoke in background, evoking earned reward and historical labor, captured on full-frame sensor.|ὁ_μισθός_0015
ὀλίγος|little, small, few|Photorealistic studio shot of three tiny dewdrops on the thinnest spider silk strand against pure black velvet; dual pinpoint LEDs create sparkling micro-reflections, 200 mm macro at 2:1 magnification, focus stack for absolute clarity, monochromatic palette, negative space emphasizing minuscule scale, 14-bit RAW, conveying profound smallness and delicate scarcity.|ὀλίγος_0016
τίθημι αὐτήν|I put / place / lay it (fem. obj.)|Photorealistic female hand gently placing a white linen cloth onto sun-warmed limestone altar in olive grove; late-afternoon side light sculpts fingers and fabric folds, 35 mm lens, f/2.0, cinematic color grade of muted greens and golds, shallow DOF isolates gesture, dust motes suspended in air, 6 K capture, evoking reverent placement and quiet intention.|τίθημι_αὐτήν_0017
τὸ αἷμα|the blood|Photorealistic macro of a single scarlet drop sliding down a razor-thin surgical needle suspended in mid-air against pure obsidian backdrop; the droplet catches a narrow beam of warm 3200 K sidelight that enters from frame left, revealing internal refractions—tiny crimson galaxies swirling with iron-rich opacity, surface tension stretching the blood into a perfect teardrop silhouette. Microscopic lens (105 mm, f/2.8) at 2:1 magnification, ISO 100, shutter 1/250 s to freeze motion; depth of field paper-thin, so needle edges dissolve into buttery bokeh while every erythrocyte texture remains tack-sharp. Color palette: saturated arterial reds, subtle ombre shift to darker venous maroon at the drop’s apex, background absolute black for infinite contrast. Mood: clinical yet visceral, the instant before spill becomes stain. Composition: rule-of-thirds intersection at the drop’s lowest point, negative space dominating upper two-thirds to amplify gravity’s pull. Subtle 8 K resolution condensation beads on the needle shaft catch specular highlights like miniature rubies, hinting at refrigeration. No gore, no context—just the living jewel of blood, luminous, fragile, suspended between giving and losing.|τὸ_αἷμα_0018
τὸ ἅλας|the salt|Photorealistic close-up of coarse sea-salt crystals in cedar wood spoon, sidelit by warm candle flame; 60 mm macro, f/4, visible micro-facets glittering, warm amber and cool white interplay, shallow DOF, subtle smoke curl, rustic kitchen backdrop, 12-bit color depth, evoking purity, flavor, and timeless preservation.|τὸ_ἅλας_0019
τὸ κέρας|the horn|Photorealistic extreme close-up of a single, ancient ram’s horn curling against matte black velvet, studio macro shot, 100 mm lens, f/2.8, ISO 100, 8 K clarity. Warm, raking light from a low 45° golden-hour softbox grazes the ridged keratin, revealing amber-to-ivory gradients, microscopic cracks, and a faint, polished sheen where centuries of handling have smoothed the surface. Subtle rim light outlines the horn’s spiral, creating a thin halo that separates it from the absolute black background. Depth of field isolates the foreground coil, leaving the rest of the curve to melt into creamy bokeh. Color palette: burnt honey, ochre, deep obsidian. Mood: reverent, mythic, timeless. Composition places the tip entering the frame at lower left, guiding the eye along the Fibonacci arc toward a hidden, out-of-focus apex, implying power and mystery. No reflections, no distractions—only texture, form, and the quiet weight of antiquity.|τὸ_κέρας_0020
τὸ ῥῆμα|the word / saying|A sun-bleached marble fragment of an ancient Athenian stele lies on a slate laboratory table, its chiseled Greek letters τὸ ῥῆμα catching raking golden-hour light that streams through a tall arched window, scattering microscopic dust motes into visible shafts; behind it, a shallow-depth bokeh reveals rows of dark leather-bound codices and a single quill pen resting in an inkwell, evoking the transition from oral to written word. Shot with an 85 mm f/1.4 lens at ISO 100, the photorealistic render captures every tool mark and quartz vein in the stone, while subsurface scattering lends translucent warmth to the marble edges. Color palette: warm ivory stone, deep umber shadows, and cool Prussian-blue highlights on metal inkwell accents, all against a neutral charcoal backdrop. Moody, contemplative atmosphere reminiscent of Vermeer—quiet, reverent, timeless. Ultra-sharp 8 K clarity, global illumination, chromatic aberration minimized, white balance skewed slightly warm to emphasize the nostalgia of the scene.|τὸ_ῥῆμα_0021
τὸ σπέρμα|the seed / offspring|Extreme close-up of a single translucent wheat seed cradled in dark loam, morning dew acting as tiny lenses refracting sunrise, delicate root hairs emerging, 5:1 macro, 105 mm macro lens, f/4, side-lit with golden hour sun, earthy browns and vibrant greens, shallow DOF isolating the seed, photoreal 32-bit color, crisp texture on husk, hopeful life-giving mood.|τὸ_σπέρμα_0022
τὸ στόμα|the mouth|Photorealistic studio shot of closed marble lips carved to perfection, soft diffused key light from 45°, faint breath fog condensing, subtle rose tint on vermilion border, 85 mm portrait lens, f/1.4, creamy bokeh, black velvet backdrop, high-resolution skin pores and cracks, solemn classical mood, cool whites against deep shadows, 16-bit color depth.|τὸ_στόμα_0023
ὑψηλός|high, lofty, exalted|Hyper-real dawn view from summit of Mount Olympus, sea of clouds below catching first magenta sunlight, lone weather-beaten Greek flag whipping, 14 mm wide-angle, f/8, tripod shot, HDR exposure, cool cyan sky gradating to warm alpenglow, razor-sharp rock texture, majestic awe mood, 12 K clarity, distant eagle silhouette for scale, crisp atmospheric perspective.|ὑψηλός_0024
