ἀνοίγω τήν|I open …|Ancient Greek marble door slowly swinging open, revealing a sun-drenched Mediterranean courtyard beyond. Shot from a low angle inside a shadowy stone corridor, the bright doorway acts as a natural vignette. Warm golden hour light spills through, illuminating floating dust motes in sharp detail. High-resolution, photorealistic style with subtle depth-of-field; cool interior blues contrast against warm exterior golds, evoking mystery and invitation. 8K, ultra-sharp, cinematic.|ἀνοίγω_τήν_0001
βάλλω σοι τήν|I throw / cast … to you|Slow-motion shot of a weathered hand releasing a smooth clay tablet across a sunlit agora. Tablet arcs through sunbeams, inscribed letters glowing. Background blurred: white-washed walls, distant olive trees. Warm, directional late-afternoon light creates long shadows, rim-lighting flying particles of dust. Rich earthy palette—ochre, terracotta, deep ultramarine sky. Hyper-real 120 fps freeze-frame aesthetic, crisp focus on tablet, bokeh beyond. Epic, hopeful mood.|βάλλω_σοι_τήν_0002
διδάσκω σε|I teach you|Intimate tête-à-tête beneath an ancient olive tree; elderly philosopher chalking geometry on a slate, young disciple leaning in. Soft diffused morning light filters through silver-green leaves, casting dappled shadows across ochre tunics. Warm sepia undertones, painterly realism reminiscent of Alma-Tadema. Gentle volumetric rays, shallow depth-of-field isolates gesturing hands. Serene, timeless atmosphere, 4K oil-on-canvas texture.|διδάσκω_σε_0003
εἰμὶ ἐν|I am in …|First-person view walking through a colonnaded peristyle garden at dawn. Columns frame glimpses of clear azure pool; rose-tinted sky reflects on polished marble floor. Soft pastel palette, high dynamic range, subtle lens flare. Quiet, contemplative mood; faint incense smoke drifts. Cinematic 21:9 aspect, 8K photorealism, slight chromatic aberration for vintage lens feel.|εἰμὶ_ἐν_0004
ἐνδύω σε|I clothe you / put (garment) on you|Hands drape a luminous white himation over youthful shoulders inside a dim stone dressing room. Single shaft of window light cuts through darkness, illuminating linen folds like liquid marble. Stark chiaroscuro, Caravaggio-style realism; deep blacks against glowing fabric, subtle purple trim. Intimate reverence, 50 mm prime lens simulation, razor-sharp focus on clasping fibula.|ἐνδύω_σε_0005
ἡ ἐλαία|the olive (tree)|Centuries-old olive tree dominates terraced hillside, gnarled trunk twisted like sculpture. Late-afternoon side-light emphasizes silvery undersides of leaves, long shadows stretching over dry golden grass. Background Aegean sea shimmers turquoise; distant white village provides scale. Saturated yet natural colors, National Geographic clarity, 16K drone panorama. Mood: enduring, peaceful. Slight warm filter for nostalgic tone.|ἡ_ἐλαία_0006
ἡ ἡμέρα|the day|Wide horizon shot: blazing sun just clears calm sea, turning ripples into molten gold. Foreground shows dewy wild herbs glowing translucently against back-light. Sky shifts from peach near horizon to deep cobalt above; faint crescent moon lingers. High-contrast, hyper-real style, 32-bit color depth. Mood: fresh beginnings, optimism. Subtle lens sun-star, anamorphic aspect 2.39:1.|ἡ_ἡμέρα_0007
ἡ θύρα|the door, gate|Massive weather-beaten wooden gate set into rough limestone wall, iron studs rusted vermilion. Low sunset grazes surface, revealing grain textures and ancient chisel marks. Narrow cobblestone alley converges toward gate, creating strong leading lines. Palette: muted umbers, burnt sienna, touches of verdigris on hinges. Moody, slightly desaturated akin to Roger Deakins cinematography. 8K, shallow DOF, cool shadows vs warm highlights.|ἡ_θύρα_0008
ἡ Ἰουδαία|Judea (the region)|Aerial sunrise over terraced Judean hills: rolling bronze earth dotted with olive groves, distant Dead Sea glittering sapphire. Long shadows carve dramatic geometry; scattered Bedouin tents emit thin smoke. Color grade: earthy siennas, muted greens, cobalt haze on horizon. Cinematic drone shot, 12K, polarized sky. Epic, reverent mood, slight film-grain overlay for historical gravitas.|ἡ_Ἰουδαία_0009
ἡ καθέδρα|the seat, chair|Marble klismos chair stands solitary on cracked mosaic floor of ruined villa, morning light slicing through broken roof. Dust motes sparkle in spotlight; faded tessellae hint at mythic scenes. Palette: bleached whites, desaturated ochres, deep slate shadows. High-detail macro focus on fluted legs, background softly blurred. Meditative, archaeological vibe; 8K, subtle HDR, vintage plate-camera vignette.|ἡ_καθέδρα_0010
ἡ πέτρα|the rock|A colossal, weather-scarred limestone cliff juts from a cobalt Aegean sea, shot at golden hour with a low, raking light that carves every fissure into glowing relief. Cinematic wide-angle (14 mm, f/8, ISO 100) in the style of Roger Deakins: hyper-real detail, subtle film grain, 8 K clarity. Foreground waves explode into mist, back-lit to halo the rock’s base; sky shifts from amber to indigo, scattered cirrus stripes. Palette: warm ochres, cool ultramarines, touches of sea-foam white. Mood: timeless, stoic, slightly surreal. Depth-of-field sharp front-to-back, slight vignette, 16:9 aspect.|ἡ_πέτρα_0011
ἡ σκιά|the shadow|A lone, sharp-edged silhouette of an ancient olive tree stretches across cracked marble flagstones beneath a midday Ionian sun. High-contrast, chiaroscuro style reminiscent of early Italian cinema: deep obsidian shadows, bleached highlights, minimal mid-tones. 35 mm lens, f/2, shallow DOF keeps texture of stone pores in foreground, background dissolves into haze. Color palette reduced to graphite blacks, sun-bleached whites, faint warm terra-cotta. Mood: quiet, anticipatory, metaphysical. Subtle 35 mm film grain, square 4:3 frame, slight lens flare where sun kisses marble edge.|ἡ_σκιά_0012
καθεύδω|I sleep|Moonlit interior of a whitewashed Cycladic cottage: a young woman in linen sleeps on a low bed, silver beams painting stripes across her blanket via half-shut shutters. Painterly style of Hammershoi meets Vermeer: soft diffused cool light, muted palette of cerulean, ash lavender, and chalk. 50 mm, f/1.4, ISO 200, handheld warmth. Shallow depth leaves background plaster gently bokeh’d; a single olive-wood chair casts a delicate shadow. Atmosphere: tranquil, hushed, faint scent of rosemary implied. 3:2 aspect, ultra-high resolution, subtle canvas texture overlay.|καθεύδω_0013
ὁ διδάσκαλος|the teacher|Dust-flecked beam of morning light cuts through a high stone window of an ancient stoá, illuminating an elderly philosopher in coarse wool himation who chalks geometry on a slate board. Renaissance-meets-neo-realist style: rich earth pigments, oil-painting luminosity, 24 mm lens, f/4, deep focus shows attentive youths in background half-shadow. Palette: burnt umber, malachite, parchment beige. Sharp facial texture, wise eyes glinting; chalk dust suspended like stars. Mood: reverent, cerebral, timeless. 4:5 vertical frame, 8 K clarity, gentle spherical aberration for vintage softness.|ὁ_διδάσκαλος_0014
ὁ καπνός|the smoke|Twilight hillside: a copper brazier exhales fragrant olive-wood smoke that coils upward into a violet sky, lit by hidden warm tungsten bulb beneath and cool moonlight above. Ethereal, dreamlike style of Gregory Crewdson: hyper-real yet theatrical. 85 mm, f/2, back-lit smoke rendered in velvety grays, edges kissed gold. Palette: bruised purples, ember oranges, deep viridian shrubs. Ground mist interlaces with smoke, creating layered translucent planes. Mood: nostalgic, mysterious. Square format, high-dynamic-range, fine particulate detail visible, subtle lens bloom.|ὁ_καπνός_0015
ὁ λαός|the people|Wide aerial dawn over an ancient agora: hundreds of citizens in chitons and himations gather for festival, forming a living mosaic of indigo, ocher, and vermilion. Shot in epic, sweeping style of David Lean—65 mm virtual sensor, f/5.6, sun just cresting Acropolis, long shadows carving patterns. Drone-like top-down angle, slight tilt-shift miniaturization enhancing graphic quality. Palette: sunrise pinks, marble whites, garment jewel tones. Flags and incense smoke add motion blur. Mood: communal hope, historical grandeur. 21:9 ultra-panoramic, razor 12 K detail, gentle Kodak film curve.|ὁ_λαός_0016
πάντοτε|always|Infinite tunnel of antique hourglasses floating in starless void, each grain glowing like micro-galaxy, receding into vanishing point. Surrealist, Magritte-meets-Escher style: impossible perspective, symmetry, hyper-clean textures. 14 mm rectilinear, f/8, deep focus, single soft cyan rim-light circles tunnel, creating metallic highlights on bronze frames. Palette: monochrome graphite, single accent of eternal gold sand. Mood: timeless, meditative, slightly uncanny. 4 K resolution, subtle depth haze, square aspect, perfect geometric alignment.|πάντοτε_0017
τὸ δεῖπνον|the (evening) meal, dinner|Candlelit courtyard table beneath blooming jasmine pergola: rough wooden board laden with crusty bread, glazed olives, ceramic bowls of lentil stew, and a carafe of deep crimson wine. Soft bokeh of fairy lights and distant lyre notes implied. Style of warm Dutch still-life meets modern food photography: 35 mm, f/2, ISO 400, highlights gently clipped, colors rich yet natural. Palette: burnt sienna, olive green, wine red, wax-yellow glow. Steam wisps rise, caught in side-light. Mood: intimate, convivial, Mediterranean serenity. 3:2 aspect, textured brushstroke filter, high detail on glaze and crumbs.|τὸ_δεῖπνον_0018
τὸ δηνάριον|the denarius (silver coin)|Extreme macro of a freshly minted Roman denarius resting on worn papyrus, edge-lit by a narrow shaft of window light that turns the silver into molten white. Style of National Geographic macro: focus-stacked, 100 mm macro lens, f/5.6, ISO 64, 10 K clarity. Obverse portrait of Caesar in high relief, every hair and laurel vein razor-sharp; background papyrus fibers blur into creamy beige. Palette: metallic greys, sepia parchment, hint of verdigris on edges. Mood: historical gravitas, quiet power. Square crop, black backdrop fades to vignette, subtle HDR to reveal micro-scratches.|τὸ_δηνάριον_0019
τὸ ἔργον|the work, deed|Forge interior: a barefoot blacksmith in leather apron hammers a glowing bronze blade on an anvil, sparks spraying like comets against soot-dark walls. Baroque chiaroscuro style of Rembrandt: single furnace flame key-light, 24 mm, f/4, ISO 800, slow shutter captures spark trails. Palette: molten oranges, carbon blacks, ember reds, skin umber. Sweat glistens on furrowed brow, sinews taut. Mood: primal, purposeful, heroic. Vertical 9:16 frame, cinematic grain, slight heat haze distortion, ultra-sharp focus on hammer face and molten edge.|τὸ_ἔργον_0020
τὸ μέτρον|the measure|A colossal, translucent golden ruler suspended in a twilight void, its glowing hash-marks stretching into infinity; each increment blooms with miniature galaxies, as if the cosmos itself is being calibrated. Hyper-realistic, surrealist style, 8K resolution, cinematic wide-angle lens (24 mm), low-key chiaroscuro lighting with rim-light halos, deep indigo and molten-gold palette, subtle volumetric god-rays, ominous yet awe-inspiring mood, sharp focus on the ruler’s etched numerals fading into stardust, ultra-shallow DOF bokeh of floating geometric fragments.|τὸ_μέτρον_0021
τὸ πρόσωπον|the face, person|An ethereal, androgynous face emerging from liquid marble, half-submerged in a mirror-still pool; alabaster skin veined with faint lapis lazuli, eyes closed, lashes dripping mercury. Shot in high-fashion editorial style, 100 mm macro lens clarity, soft diffused dawn light with rose-gold rim highlights, color palette of cool whites, muted golds, and spectral blues, shallow DOF isolating the cheekbone, serene yet enigmatic mood, ultra-sharp skin pores contrasted against creamy water blur, 32-bit color depth for velvety gradients.|τὸ_πρόσωπον_0022
τὸ σημεῖον|the sign, miracle|A levitating, iridescent Hebrew-Greek sigil burning in mid-air above a barren desert plateau at twilight; the symbol sheds cascading sparks that transform into white doves mid-flight. Epic biblical-surreal style, 70 mm anamorphic lens, golden-hour backlight with magenta lens flares, color scheme of ember oranges, deepening crimsons, and electric violets, dramatic long-shadow composition, high-contrast HDR, particles rendered in photoreal detail, atmosphere of hushed reverence and wonder, 16 K resolution for razor-sharp glyphs and feather barbs.|τὸ_σημεῖον_0023
τὸ συνέδριον|the council, Sanhedrin|A dimly lit, subterranean semicircle of twelve robed figures carved directly into rough limestone, torches flickering amber across weathered stone faces; each statue holds an open scroll glowing with faint phosphorescent text. Shot in low-key Renaissance chiaroscuro, 35 mm lens, warm tungsten torchlight against cool cyan shadows, palette of burnt umber, iron oxide, and parchment beige, subtle smoke haze for depth, ominous solemn mood, ultra-high 12-bit color fidelity, sharp focus on textured fabric folds and chisel marks, cinematic 2.39:1 aspect ratio.|τὸ_συνέδριον_0024
