βλέπει τήν|(he/she) sees / is looking at…|Comic-book splash page: a wide-eyed hero in midnight-blue silhouette, iris glowing electric cyan, stares through a jagged panel break at an off-page horror—speed-lines, halftone dots, and crimson Ben-Day shadows. High-contrast chiaroscuro, 45° Dutch angle, Kirby crackle around the pupil; saturated primaries vs. black ink. 4K, 300 dpi, crisp line-art, no gradients.|βλέπει_τήν_0001
ἐσθίει τήν|(he/she) eats / is eating…|Extreme close-up in classic four-panel grid: crimson-gloved hands tear a glowing golden apple, cinematic backlighting, motion lines, food particles exploding outward. Saturated warm palette, thick black contour, halftone shading, subtle fish-eye for drama. 600 dpi, cel-shaded, comic-book ink & flat color style.|ἐσθίει_τήν_0002
ἡ ἀδελφή|the sister|Dynamic half-page portrait: warrior-sister stands in heroic three-quarter pose, silver helmet under arm, scarlet cloak whipping. Bold black outlines, saturated jewel tones, white speed-lines, halftone cheek highlights. Low-angle lighting, dramatic shadows, 1960s Marvel-style inking, 4K clarity, no gradients.|ἡ_ἀδελφή_0003
ἡ ἐπιστολή|the letter (message)|Tight five-panel sequence: mysterious scroll unfolds, each panel zooming closer to glowing wax seal; purple night sky, candlelit rim light, heavy chiaroscuro. High-contrast inks, Ben-Day textures, speed-lines emphasizing tension. Cel-shaded, 300 dpi, classic Bronze-Age comic colors.|ἡ_ἐπιστολή_0004
ἡ κεφαλή|the head|Splash-panel bust: colossal stone head floats above desert, crackling Kirby energy, turquoise sky split by lightning. Bold black contour, saturated orange sand, extreme foreshortening, diagonal composition. Halftone shading, 4K, crisp line-art, no gradients.|ἡ_κεφαλή_0005
ἡ κώμη|the village|Wide establishing shot: cubist white-washed village cascades down cliff, cobalt sea behind. Flat perspective, saturated Greek palette, thick outlines, sunburst sky with halftone dots. 1960s Euro-comic style, 600 dpi, cel-shaded, no gradients.|ἡ_κώμη_0006
ἡ ποίμνη|the flock (of sheep)|Action panel: swirling flock of sheep spirals like a living tornado around a shepherd, motion lines, low sunset back-lighting, amber & ivory hues. High-contrast inks, Ben-Day wool texture, dynamic circular composition. 300 dpi, classic comic-book style, crisp lines.|ἡ_ποίμνη_0007
ἡ σκηνή|the tent / dwelling|Night scene: indigo striped tent glows from within, orange firelight cutting through black desert. Silhouetted figure at entrance, star-studded sky with halftone dots. Thick brush-ink outlines, saturated complementary palette, 4K, no gradients.|ἡ_σκηνή_0008
κράζει|(he/she) cries out, shouts|Explosive mid-page panel: hero’s mouth open in sonic scream, concentric Kirby crackle circles rip outward, shattering panel borders. High-key red & yellow, black speed-lines, extreme low angle. Halftone reverberations, 600 dpi, cel-shaded, bold ink strokes.|κράζει_0009
νεύει|(he/she) nods, beckons|Intimate three-panel beat: shadowed figure tilts chin, white motion lines trace subtle nod; spotlight isolates face against teal background. Minimalist palette, thick black contour, halftone cheek highlight. 300 dpi, Silver-Age comic style, crisp line-art.|νεύει_0010
ὁ ἄνθρωπος|the human being, man|Comic book splash page: a lone hero stands atop a crumbling Grecian pillar against a turbulent magenta sky. Bold, high-contrast inks—black shadows carved by white-hot rim light—accentuate sinewy anatomy. Speed-line winds whip his chiton, while halftone dots texture storm clouds. Dramatic worm’s-eye view, foreshortened arm outstretched toward reader; caption box in classic yellow: ‘MORTAL YET LIMITLESS!’ Limited palette: crimson, umber, antique parchment. 4K, ultra-sharp inks, no gradients.|ὁ_ἄνθρωπος_0011
ὁ ἄρτος|the bread, loaf|Close-up comic panel rendered with crunchy halftone: a crusty loaf cleaved in two, steam rising like action lines. Golden ochre bread against deep indigo backdrop; exaggerated Kirby crackle energy emanates from warm crumbs. Hard black shadows, 30° side lighting evokes film noir. Dynamic diagonal composition, speed lines imply aroma bursting outward. Caption: ‘THE STAFF OF LIFE—TASTE POWER!’ High-resolution, 600 dpi ink feel, CMYK dot bleed.|ὁ_ἄρτος_0012
ὁ θεός|God, god|Full-page comic revelation: towering ethereal figure bursts through shattered clouds, robes swirling into Speed-Force spirals. Halo rendered as bold white negative space; eyes glow with Ben-Day yellow bursts. Foreshortened hand reaches forward, perspective grids guide dramatic depth. Limited palette: celestial cyan, royal purple, metallic gold ink highlights. Halftone gradients soften omnipotent glow while razor inks define muscle. Caption atop lightning bolt: ‘BEHOLD!’ 4K, ultra-clean line art, no grayscale.|ὁ_θεός_0013
ὁ ἵππος|the horse|Dynamic mid-gallop comic frame: mighty stallion kicks up explosive speed-line dust, mane morphing into graphic sound effects—‘WHRRAAAM!’ Deep burgundy coat, stark black contour shadows, white rim light outlines muscles. Low-angle perspective emphasizes power; background simplified to hot-red flat with halftone clouds. Saddle hinted with gold metallic ink. Caption burst: ‘UNLEASH THE STEED!’ High-contrast newsprint style, 300 dpi halftone texture.|ὁ_ἵππος_0014
ὁ καρπός|the fruit / produce|Macro comic vignette: sliced pomegranate explodes into hyper-saturated rubies, seeds ricocheting like bullets. Hard black shadows, 45° top light; white ink highlights mimic gloss. Background flat teal for pop-art contrast. Motion lines trail flying arils; onomatopoeia: ‘POP!’ Limited palette: crimson, emerald, ivory. Halftone shading on skin, crisp line art edges. Caption box: ‘SWEET TREASURE!’ 600 dpi, no gradients, pure CMYK dots.|ὁ_καρπός_0015
ὁ νόμος|the law|Dramatic comic courtroom tableau: massive stone tablets smash onto panel, fracturing perspective grid floor. High-contrast chiaroscuro—white lightning behind, deep noir shadows in foreground. Bold serif lettering etched into stone; red ink accent on cracks. Robed figure silhouette points accusingly, speed lines emphasize authority. Palette: granite gray, parchment yellow, blood red. Halftone clouds swirl overhead. Caption: ‘INSCRIBED!’ 4K, razor inks, no midtones.|ὁ_νόμος_0016
ὁ ὀφθαλμός|the eye|Extreme close-up comic panel: hyper-detailed iris swirling like a cosmic portal, pupils reflecting miniature cityscape. Thick black ink rings, white specular bursts; magenta sclera for surreal pop. Concentric speed lines radiate outward, implying hypnotic power. Background flat cyan with Ben-Day dots. Caption burst: ‘SEER OF TRUTH!’ High-resolution, 600 dpi halftone, no gradients, pure CMYK.|ὁ_ὀφθαλμός_0017
ὁ χριστός|the anointed one, Christ|Iconic comic resurrection splash: luminous figure ascends, robes billowing into angel-wing Speed-Force lines. Halo rendered as bold white negative space; warm gold metallic ink highlights wounds. Dramatic low-angle, shattered tomb rocks explode with Kirby crackle. Palette: sunrise orange, royal purple, alabaster. Deep black shadows carve anatomy, halftone glow adds ethereal haze. Caption atop beam: ‘THE ANOINTED!’ 4K, ultra-clean inks.|ὁ_χριστός_0018
τὸ βιβλίον|the book / scroll|Action-packed comic panel: ancient scroll unfurls mid-air, pages flapping like cape, inked text morphing into flying doves. High-contrast spotlight from above, deep umber shadows beneath. Limited palette: parchment yellow, sepia, cyan accents. Speed lines imply wind; white ink highlights edges. Caption burst: ‘WORDS TAKE WING!’ 600 dpi halftone texture, razor line art, no grayscale.|τὸ_βιβλίον_0019
τὸ ἱμάτιον|the garment, cloak|Dynamic noir comic frame: trench-coat hero spins, cloak spiraling into spiral-energy shield against hail of white ink bullets. High-angle ¾ view, streetlamp provides stark rim light; background simplified to violet flat with halftone mist. Deep black folds, crimson lining flashes. Motion lines ripple fabric; sound effect: ‘FWHOOM!’ Caption: ‘SHROUD OF JUSTICE!’ 4K, ultra-sharp inks, limited palette.|τὸ_ἱμάτιον_0020
τὸ πετεινόν|the bird|Dynamic comic-book splash panel: a razor-sharp raptor—inked with heavy blacks and electric-cyan speed lines—bursts from the upper-left gutter, wings diagonally slicing across a hot-magenta sunset sky. Halftone dots shimmer on chrome-gold clouds; foreshortened talons thrust toward the viewer, shadowed with cross-hatching. High-contrast rim-lighting outlines every feather in stark white, while a crimson lens-flare halo frames the eye, giving a 3D pop-art glow. Mood: adrenaline-charged freedom. Colors: saturated primaries against deep violet negative space. Technique: bold Kirby-esque outlines, Ben-Day textures, slight tilt-shift blur on background for cinematic depth. 4K, portrait ratio, ultra-clean inks.|τὸ_πετεινόν_0021
τὸ ποτήριον|the cup / drinking-vessel|Close-up, low-angle comic panel: a gleaming, angular goblet—rendered with reflective metallic inks—stands on a cracked concrete ledge, backlit by a pulsing neon sign (cyan/pink). Liquid inside glows radioactive green, emitting subtle speed lines suggesting vibration. Sharp, weighted shadows stretch like spider-webs across the ground, drawn with dense cross-hatching. Background fades into noir purple mist punctuated by tiny white halftone stars. Mood: mysterious, tempting. Palette: limited duotone (teal & magenta) with spot-color green highlights. Technical: ultra-fine ink outlines, glossy highlights added via reverse-screen technique, slight fish-eye distortion for dramatic foreshortening. 300 dpi, vertical frame.|τὸ_ποτήριον_0022
τὸ τέκνον|the child|Heroic mid-shot in classic Silver-Age style: a wide-eyed child stands atop a rooftop water tower, cape (makeshift bedsheet) billowing dramatically. Sunburst background—yellows transitioning to explosive oranges—created with concentric halftone circles. Bold, confident ink lines define the figure; oversized sneakers echo Mickey-Mouse proportions. High-key rim light separates silhouette from background, adding nostalgic warmth. Color holds on cape for retro pop. Mood: innocent power, limitless potential. Technique: thick exterior contours, thin interior detailing, slight mis-registration of color plates for vintage print charm. Aspect 2:3, crisp vector finish, 600 dpi.|τὸ_τέκνον_0023
τύπτει τήν|(he/she) strikes / hits…|Freeze-frame action panel: fist meets impact surface—drawn at the exact moment of contact—shockwave rendered as concentric white speed rings and shattered black debris. Extreme diagonal composition enhances motion; foreground fist inked with weighted blacks, micro-hatching indicating tension. Background figure recedes into dramatic red gradient punctuated by black splotch burst. Electric-white Kirby krackle outlines the collision point. Palette: high-contrast red, black, white with metallic silver highlights on knuckles. Mood: raw power, split-second violence. Technical: motion blur via dashed negative space, selective spot-colors, slight overprint misalignment for vintage pulp feel. 4K, widescreen ratio.|τύπτει_τήν_0024
