ἀεί |always, ever|A colorized 1890s glass-plate photograph of an ancient Greek water clock (clepsydra) in a dim temple sanctuary, bronze patina catching single shaft of dusty morning light, its drip eternal against weathered stone altar; hand-tinted blues and ochres fade at edges like memory, sepia shadows pool beneath, time-worn scratches and chemical stains across emulsion suggesting infinite passage. Shot on large-format camera, slight fisheye, shallow depth, orthochromatic grain, vignette corners, early autochrome pastel hues.|ἀεί_0001
 ἅμαρτωλός |sinful, sinner|A lone figure draped in tattered crimson robes kneels on cracked obsidian steps that descend into a bottomless abyss, their face obscured by a crown of blackened thorns casting needle-thin shadows across alabaster skin. Behind them, a colossal broken stained-glass window explodes with dying light—deep scarlet, bruised violet, and sulfurous amber—each shard reflecting a different transgression like flickering silent film reels. The sinner’s hands clutch a golden chalice overflowing with ink-dark liquid that drips upward, defying gravity, forming ephemeral silhouettes of screaming faces dissolving into smoke. Chiaroscuro lightning from an unseen storm cuts across the scene, carving sharp halos along the edges of torn feathers scattered across the steps, each quill impaled by a rusted coin. A serpentine chain of shadow coils from the figure’s heart, stretching into the void where ghostly hands reach out, palms blistered with stigmata of fire and ice. The color palette is Renaissance oil—rich umbers, blood reds, and corpse whites—contrasted against metallic highlights on the chalice and coins, rendered in hyper-realistic 8K detail with ray-traced reflections. Depth of field isolates the penitent in sharp focus while the background melts into bokeh abyss, evoking Caravaggio’s dramatic tension. Cinematic aspect ratio 21:9, ultra-sharp texture on every crack and tear, volumetric haze swirling like incense, subtle film-grain overlay for timeless weight.|ἅμαρτωλός_0002
 ἅπαξ |once, one time|Hand-tinted 1860s daguerreotype of a lone iron key resting on faded velvet cushion beside an open antique Greek wooden chest, sunlight through cracked shutter striking only the key in brilliant silver while rest falls to charcoal shadows; selective rose and gold washes highlight key’s teeth, remainder in cold sepia. Tarnish spots bloom like time, plate corrosion frames scene, razor-thin depth of field, metallic ghost image where silver mirroring fails—single moment preserved.|ἅπαξ_0003
 ἄρχομαι πράσσειν |I begin to do|Colorized 1900s snapshot of young craftsman rolling up sleeves at olive-wood workbench scattered with bronze chisels, early bulb flash freezes marble dust mid-air, motion blur on hands; muted hand-painted ochres and dusty olives, background fading to hazy umber, emulsion crackle like energy. Wide-angle box-camera distortion, high-contrast shadows, sepia base tinted with faint gum bichromate colors, vignette burns corners—moment of action just begun.|ἄρχομαι_πράσσειν_0004
 εἶτα |then, next|Early colorized lantern slide of empty stone corridor in ancient agora, first archway brightly hand-tinted with cobalt and sienna, each successive arch fading to monochrome, perspective drawing eye deeper; late-afternoon sunbeam slicing dust motes, sepia shadows lengthening. Orthochromatic grain, slight motion-blur of pigeon wings, chemical streaks like passing seconds, warm highlight on first arch, cool receding tones—visual sequence of what follows.|εἶτα_0005
 ἐκμάσσω αὐτήν |I wipe / wipe off it (fem.)|A marble statue of a woman stands in a dimly lit atrium of an ancient villa; her stone skin is veiled by a ghostly layer of pale-gray volcanic ash that clings like forgotten time. A single living figure—a young woman in a sleeveless linen chiton the color of wet sand—leans close, right hand wrapped in a strip of translucent white silk dampened with clear water. She presses the cloth against the statue’s cheek, creating a narrow, glistening trail where the marble’s luminous alabaster white emerges beneath. Golden-hour sunlight slants through a latticed window, striking the scene at a 30° angle, igniting motes of drifting dust into flecks of molten bronze and turning the wet marble into a mirror of liquid gold. Behind them, shadows pool into cool indigo and charcoal, while faded frescoes of pomegranate trees whisper rose and olive on the plaster walls. The composition centers on the meeting of cloth and stone, shot from a low, intimate three-quarter view that blurs the background into soft bokeh, emphasizing the tactile contrast between living warmth and eternal cold. Cinematic depth of field, 85 mm lens, f/1.4, ultra-sharp 8 K detail on droplets and chiseled curls of hair, subtle chromatic aberration at the highlights, mood of reverent solitude and tender reclamation.|ἐκμάσσω_αὐτήν_0006
 ἐπά |up! arise! (imper. of ἐφίστημι)|Hand-colored 1890s gelatin silver print of bearded fisherman mid-motion rising from rocky pier, net flung upward catching golden sunset glints, muscles taut; sky painted in diluted rose madder, sea cool Prussian blue, sepia ground anchors image. High-contrast side lighting from low sun, emulsion scratches echo net strands, slight motion blur on hands, vignette corners, coarse grain—commanding moment of standing up.|ἐπά_0007
 ἔσω |within, inside|Toned and colorized 1870s interior view down candle-lit stone staircase descending into catacomb, walls hand-tinted damp moss green, nearest candle flame painted warm gamboge, successive candles fading to monochrome sepia gloom; heavy barrel distortion, long exposure capturing candle smoke trails. Silvering oxidation creates mirror ghosts, damp stains across plate like interior secrets, low-key lighting, pin-sharp foreground melting to haze—inviting yet claustrophobic depth.|ἔσω_0008
 ἡ ἀδελφότης |the brotherhood|Colorized 1905 group portrait of eleven Greek monks in black habits forming tight semicircle, faces individually hand-tinted with subtle flesh tones, beards silvered, distant archway washed in cobalt; uniform candlelight from left produces unified Rembrandt triangle on each cheek, sepia shadows bond figures. Large-format sharpness on eyes, emulsion crackle shared across plate like common creed, slight rise in perspective, vignette darkens edges—fraternity preserved in time.|ἡ_ἀδελφότης_0009
 ἡ ἄκρις |the locust|Macro-colorized 1890s botanical plate of single desert locust perched on dried wheat stalk, studio backdrop mottled umber; carmine and viridian hand-painted on wings, compound eyes touched with vermilion, stalk tinted straw gold while background stays monochrome sepia. Sharp focus on head, tail softly vignetted, emulsion speckles like exoskeleton texture, side lighting rakes surface revealing armour, shallow depth, slight chromatic aberration halo—monumentalized insect.|ἡ_ἄκρις_0010
 ἡ γυμνότης |the nakedness|Colorized 1890s cabinet card: a marble statue of a nude Venus stands in a dim Athenian studio, chiaroscuro side-lighting from a tall window picks out chipped alabaster skin while hand-tinted peaches & cream tones bloom across torso and thighs; sepia shadows pool at the plinth base, dust motes frozen in a shaft of sunlight, slight silvering at edges mimics aged gelatin print, subtle rose blush on cheeks and nipples added by the colorist’s brush.|ἡ_γυμνότης_0011
 ἡ ὄρνις |the bird|Hand-colored 1908 postcard: a lone white dove caught mid-flap above a sun-bleached Cycladic wall, early-morning skylight gradients the wings from cobalt shadow to chalk highlight; the colorist has washed translucent aquamarine into sky, touched the beak with vermilion, left the bird’s body slightly overexposed; grainy emulsion and deckled edges frame the scene, tiny Greek caption penciled beneath.|ἡ_ὄρνις_0012
 ἡ σπυρίς |the basket|Toned 1870s albumen print: an elderly woman in black headscarf stoops beside an oversized reed basket on a Mykonos harbor quay, late-afternoon gold light rakes across rough wicker, hand-tinted indigo stripes on her skirt, ochre lemons spilling inside the basket glow like lanterns; vignetted corners, slight chemical fading gives a ghosted aura, microscopic scarlet thread on her sleeve signals the colorist’s patience.|ἡ_σπυρίς_0013
 ἡ τιμή |the price / honor|Colorized 1912 press photo: a bronze war medal pinned to a young soldier’s chest, studio lamp creates specular starbursts on the medallion, muted olive uniform hand-painted with Payne’s green, crimson ribbon saturated to suggest blood price; backdrop mottled umber, shallow depth leaves eyes pin-sharp, tiny Cyrillic notation in negative margin, sepia craquelure across emulsion like honorable scars.|ἡ_τιμή_0014
 ἡ χρεία |the need / necessity|Hand-colored 1895 stereograph: barefoot children queue at a stone water fountain during drought, high-noon sun carves harsh shadows, colorist sparingly adds rust to empty copper pitchers, cerulean dribble at spout to emphasize scarcity; faded slate of their clothes merges with dusty plate tone, slight double-image blur heightens urgency, numbered archival stamp on verso.|ἡ_χρεία_0015
 ἤδη |already|Tinted 1889 instant gelatin snapshot: grandfather clock face frozen at midnight, single candle burned to nub, warm tungsten light hand-tinted amber, cobalt shadows swallow mahogany case; hand-painted Roman numerals intensified, slight blooming highlights suggest time already past, cracked album page corner anchors the fleeting moment.|ἤδη_0016
 κρίνω σε |I judge / condemn you|Colorized 1906 courtroom photo: stern magistrate in raised chair points gavel directly at viewer, harsh skylight from cupola isolates his powdered wig in ivory, hand-tinted crimson robe and mahogany bench deepen drama; defendant below left in desaturated grey, selective color focus turns judge’s eyes icy blue, age spots and silver mirroring at edges heighten moral weight.|κρίνω_σε_0017
 οἶδα αὐτήν |I know (perf.) it (fem.)|Hand-colored 1884 cabinet portrait: young woman’s half-smile emerges from chocolate sepia, colorist has glazed her eyes with knowing hazel, lips with muted carmine, lace collar painted pearl; side-lit Rembrandt triangle on cheek implies intimate recognition, faint foxing spots like shared secrets across the albumen surface.|οἶδα_αὐτήν_0018
 ὁπίσω |behind, after|Toned 1897 police evidence photo: empty alley at dusk, wet cobblestones reflect back wall only, colorist daubs distant lantern with sulphur yellow, receding doorways shaded Prussian blue to suggest pursuit; long exposure streaks a ghost silhouette behind, vignette and sprocket holes visible, institutional stamp ‘ὀπίσω’ inked in red.|ὁπίσω_0019
 οὕτως |thus, so, in this way|A lone philosopher stands on a marble promontory at the edge of a vast, darkening sea; sunset light strikes him sideways, gilding the folds of his ivory himation and turning the spray behind him into a haze of liquid gold. His right hand extends, palm down, fingers parted in the classical gesture of demonstration—“thus, in this way.” From that gesture a faint, phosphorescent thread unfurls, weaving through the air and becoming a luminous diagram of constellations that spiral outward, mirroring the curve of the horizon. The sky is split: the upper third a deep indigo pierced by early stars, the lower two-thirds molten amber and rose, their colors reflected on the wet mirror of the sand so that earth and heavens seem momentarily hinged at his feet. Composition places the figure slightly off-center on a low diagonal, leading the eye along the glowing thread toward an invisible vanishing point where sea meets sky. Depth of field is shallow: every eyelash and salt droplet razor-sharp, while distant gulls blur into calligraphic strokes. Shot on a virtual 85 mm lens at f/1.4, ISO 100, 8 K clarity; cinematic chromatic grading emphasizes warm siennas against cool cyans, with micro-contrast to carve every chisel mark in the weathered stone. Mood: quiet epiphany, the hush before night swallows the last proof.|οὕτως_0020
 παραγίνομαι εἰς |I arrive / come into …|Old Photograph Colorized: A lone traveler in a weather-worn wool coat and flat cap steps off a creaking wooden pier into a misty Aegean village at dawn. Sepia-to-rose gradient sky, hand-tinted teal shutters, cobblestones glossy with morning dew. Soft box-camera vignette, silver-nitrate grain, faint chemical stains on edges. Low, side-lit gas-lamp glow catches the traveler’s hopeful half-smile; background figures blur like ghosts. Slight chromatic abrasion across the lens, hint of crease across the print, evoking 1890s albumen warmth.|παραγίνομαι_εἰς_0021
 πνίγω σε |I choke / drown you|Old Photograph Colorized: Two fishermen struggle chest-deep in indigo waves beside a weather-bleached skiff, ca. 1902. One clasps the other’s soaked shirt, droplets frozen like glass beads by the magnesium flash. Hand-colored foam in pale turquoise, faces tinted feverish ochre, eyes wide with salt sting. Heavy vignette, cracked emulsion, sepia shadows swallowing horizon. Grainy, high-contrast plate conveys desperation; faint rust spots and torn sprocket holes add antique authenticity.|πνίγω_σε_0022
 σπείρω ἐπὶ τόπον |I sow (seed) upon (a) place|Old Photograph Colorized: A barefoot farmer in rolled linen trousers scatters poppy-red seed across a sun-baked Cretan terrace, 1910. Hand-painted terracotta earth, dusty olive trees in muted jade, distant mountains washed in pastel haze. Overhead noon light bleaches the sky to straw-yellow; shadows cobalt. Albumen softness, slight motion blur in the scattering arc. Sepia border, corner pinholes, microscopic craquelure—time’s patina preserved.|σπείρω_ἐπὶ_τόπον_0023
 χαρίζομαί σοι αὐτήν|I graciously give / forgive it (fem.) to you|Old Photograph Colorized: In a dim 1890s parlor, an elderly woman in black lace places a small silver locket into the open palm of a younger woman seated beneath a kerosene wall-sconce. Warm sepia tones shift to hand-tinted amethyst dresses and gold locket chain; cheeks brushed with rose. Soft-focus Petzval glow isolates the forgiving gesture; background wallpaper fades into chemical vignette. Subtle fold across the print and foxing spots whisper of heirloom albums.|χαρίζομαί_σοι_αὐτήν_0024
