ἀπόλλυμι αὐτήν|I destroy / lose / ruin it (fem.)|A lone, feminine statue of white marble—armless, already cracked—stands on a storm-lashed cliff at twilight. A spectral, translucent hand of violet fire reaches from the dark sky, fingertips brushing the statue’s cheek; where it touches, the stone crumbles into black sand that the wind sweeps away. Low-key chiaroscuro lighting: cold cyan moonlight from left, ember-orange from the hand, creating high contrast. Cinematic wide-angle, rule-of-thirds composition with the statue offset, negative space filled with swirling dust. Palette: desaturated blues, bruised purples, touches of molten gold where stone ignites. Hyper-real 8K, shallow depth of field, subtle film-grain, evoking tragic grandeur.|ἀπόλλυμι_αὐτήν_0001
γάρ|for, since, indeed|Minimalist, metaphysical still-life: a single golden ratio spiral drawn by fine luminous dust floats in perfect darkness. Tiny orbiting particles leave faint light trails that spell out an invisible ‘γάρ’—visible only where starlight grazes them. Soft rim-lighting outlines the spiral, giving a sense of quiet inevitability. Colors: deep indigo void, warm antique-gold dust, cool silver highlights. Shot as a macro, 50 mm prime lens look, f/1.4 bokeh, ultra-sharp focus on the spiral’s origin. Mood: serene, contemplative, eternal. High-resolution concept art, subtle noise, no text legible.|γάρ_0002
δεύτερος|second, another|An ancient sundial casts two shadows: the first crisp, the second faint and ghost-like, stretching in divergent directions across cracked marble. Scene set at blue-hour in a deserted agora; cool ambient light meets warm lantern glow from a distant doorway. Composition: low camera angle, shadows form leading lines toward a second, identical sundial half-emerged from the earth, symbolizing duplication. Palette: weathered stone grays, twilight cobalt, ember accents. Sharp 4K clarity, slight vignette, textured surfaces, evokes mystery of replication. Style: classical realism meets subtle surrealism.|δεύτερος_0003
δι’ ἡμερῶν|after (a few) days, “within days”|Time-lapse frozen into one frame: a white rose on a windowsill cycles through budding, full bloom, wilting, and crumbling to dust, arranged in four translucent vertical slices that slightly overlap. Soft morning light diffuses through linen curtains, casting gentle diagonal shadows. Pastel palette transitioning from fresh ivory to sepia browns. Composition centered, shallow DOF, 85 mm portrait feel, delicate bokeh of floating pollen. Mood: quiet passage, impermanence. Photoreal, high-dynamic-range, subtle grain, nostalgic atmosphere.|δι_ἡμερῶν_0004
ἐπιστρέφω εἰς|I turn back / return into …|A lone warrior in battered bronze armor walks backward along a torch-lit stone corridor; with each step his silhouette dissolves into glowing particles that flow forward, reassembling a younger version of himself at the corridor’s entrance. Warm torchlight contrasts with cool moonlight spilling from an unseen exit. Cinematic one-point perspective, vanishing point centered, motion blur on particles. Palette: earthy umbers, aged bronze, moonlit teal. Epic fantasy style, 24 mm lens distortion, high contrast, volumetric light shafts, 8K detail, evokes cyclical redemption.|ἐπιστρέφω_εἰς_0005
ἡ ἀκοή|the hearing, report, ear|Extreme macro of a human ear carved from white marble, within its convolutions sits a tiny, golden lyre being strummed by translucent sound waves visualized as luminescent ripples. Background fades to obsidian black, making the gold and ivory pop. Lighting: focused spotlight from above creates dramatic highlights and deep shadows inside the whorls. Colors: monochrome marble, molten gold, subtle cyan wave edges. Style: surreal classical sculpture, ultra-sharp 8K, shallow DOF, evokes mythic resonance. Mood: sacred, silent music.|ἡ_ἀκοή_0006
ἡ γυνή|the woman / wife|A statuesque woman in flowing indigo chiton stands on a marble colonnade at sunrise, one hand resting over her heart, the other holding a half-woven laurel wreath. Warm golden hour backlight creates a radiant rim around her braided hair and translucent fabric. Composition: three-quarter view, low angle emphasizing strength and grace. Palette: ochre columns, indigo garment, soft rose skin tones, olive wreath highlights. Classical realism style, 50 mm lens clarity, gentle vignette, cinematic atmosphere, 4K texture detail, evokes timeless dignity.|ἡ_γυνή_0007
ἡ νύξ|the night|Personification of night: a tall female figure cloaked in liquid darkness scattered with starlight walks across a still sea, leaving faint trails of nebulae in her footsteps. Sky mirrors the water, creating infinite vertical symmetry. Lighting: bioluminescent star glow, cool desaturated blues, subtle lavender highlights on fabric edges. Palette: deep indigo, silver star specks, hints of ultramarine. Long-exposure look, soft motion blur on cloak, 8K surreal realism. Mood: serene, enigmatic, vast. Minimalist horizon, centered figure, evokes cosmic mythology.|ἡ_νύξ_0008
ἡ σάλπιγξ|the trumpet|An ornate bronze salpinx rests on a weathered battlefield shield at dawn; from its bell erupts a visible blast of golden light shaped like an ascending phoenix, feathers dissolving into morning mist. Low sun backlights the scene, rimming trumpet and shield with fiery orange. Composition: diagonal placement, rule of thirds, negative space filled with swirling dust motes. Palette: burnished bronze, antique silver shield, ember gold, cool blue sky gradients. Hyper-real 8K, shallow DOF, dramatic contrast, evokes heraldic awakening.|ἡ_σάλπιγξ_0009
ἡ σάρξ|the flesh|A translucent marble hand cracks open to reveal living flesh beneath—veins like crimson ivy, muscles glowing soft coral. Background is neutral dark gray studio space, spotlight from above creates high contrast between cold stone and warm tissue. Macro lens look, 100 mm, ultra-sharp focus on the boundary of stone and skin. Palette: alabaster, arterial red, subtle violet shadows. Style: surreal anatomical sculpture, 8K clarity, minimalistic composition, evokes the tension between mortality and monumentality.|ἡ_σάρξ_0010
ἡ φυλή|the tribe / clan|Epic oil painting of a torch-lit circle of ancient Greek warriors and elders in crimson cloaks, bronze spears catching firelight, a white-bearded chieftain raising an ancestral staff, Parthenon silhouettes under indigo twilight, warm ochres and cold Prussian blues, Rembrandt chiaroscuro, 3:2 aspect, ultra-sharp 8K texture on weathered skin and bronze.|ἡ_φυλή_0011
θεραπεύω σε|I heal / serve you|Renaissance-style interior: a young priest-physician in draped white linen binds the wounded forearm of a seated hoplite; golden afternoon light slants through a latticed window, motes of dust glowing, alabaster bowl of hyssop oil reflecting cerulean sky, serene expressions, soft sfumato, Canon 50 mm f/1.2 look, pastel palette, intimate 4:5 vertical frame.|θεραπεύω_σε_0012
λίαν|very, greatly, exceedingly|Surreal maximalist tableau: a colossal marble hand emerging from roiling indigo clouds, fingertips igniting supernova-bright sparks, scattering gilded scrolls and laurel leaves across a midnight Aegean sea, hyper-saturated oranges and cyans, long-exposure star trails, volumetric god-rays, 16K clarity, cinematic 21:9 aspect, Boris Vallejo meets NASA photography.|λίαν_0013
ὁ δεσπότης|the master, lord (of house)|Baroque tenebrism inside a vaulted megaron: a regal figure in Tyrian purple chiton and heavy gold wreath reclines on an ivory throne, one hand resting on a wolf-skin armrest, candle-flame reflections glinting on polished bronze cups, deep umber shadows swallowing mosaic floors, Caravaggio-style rim light, 85 mm depth-of-field, 4K filmic grain.|ὁ_δεσπότης_0014
ὁ ἐνιαυτός|the year|Circular Greek calendar stone hovering above an olive grove at equinox, each of twelve relief panels illuminated by shifting seasonal light—spring emerald, summer gold, autumn rust, winter frost, translucent ghost-images of Horae dancing around, soft diffused backlight, pastel-Impressionist palette, 3:3 square format, high-dynamic-range 8K.|ὁ_ἐνιαυτός_0015
ὁ θησαυρός|the treasure|Low-angle shot inside a dim labyrinth chamber, a cedar chest cracked open, casting dazzling beams of molten gold coins across wet limestone walls, emerald kylixes and ivory serpent bracelets glinting, single smoking oil lamp providing warm key light, mysterious teal shadows, Indiana Jones atmosphere, 35 mm anamorphic lens bokeh, ultra-real 12K texture.|ὁ_θησαυρός_0016
ὁ κόπος|the toil, trouble, labor|Dusty Mycenaean quarry at noon, muscular laborers hewing ochre stone blocks, sweat catching hard sunlight, cracked earth foreground, heat mirage blurring distant hills, muted earth-tone palette, dynamic diagonal composition, Doré engraving style crossed with gritty war photography, high shutter freeze on flying marble chips, 16:9 widescreen, 8K micro-detail.|ὁ_κόπος_0017
πάσχω αὐτήν|I suffer / experience it (fem.)|A lone woman draped in translucent indigo silk stands waist-deep in a mirror-still obsidian pool beneath a vaulted Gothic archway; her skin is marble-pale, veins glowing faint ultramarine as if pain were light. She cradles a cracked Greek amphora from which liquid starlight trickles, each droplet becoming a small moth that dissolves into violet smoke. The scene is painted in the style of Caravaggio meets cyber-Romanticism: chiaroscuro candle-flame cuts across cold LED underglow, rim-lighting her cheekbones and the torn hem of her gown. Background columns are half-ruined, entwined with silver night-blooming cereus, their petals echoing the Fibonacci spiral of her pupils. Palette: bruised purples, ember golds, bruise pinks, electric cyan accents. Mood: sublime, aching, cathartic. Camera: low-angle, 85 mm lens, f/1.4, shallow depth of field, focus on her trembling hands; subtle 35 mm film grain, ultra-sharp 8 K texture on wet fabric and cracked clay. Add faint spectral Greek text “πάσχω αὐτήν” hovering like breath-fog, dissolving into fireflies.|πάσχω_αὐτήν_0018
πιστεύω λόγῳ|I believe / trust (the) word|Soft dawn on a marble stoa: an elderly scribe extends a papyrus scroll toward a kneeling youth, golden words seem to levitate in luminous Greek letters between them, gentle rose and celadon light, serene Aegean backdrop, Botticelli line work, airy sfumato, 2:1 cinematic aspect, 12K resolution, subtle lens flare from rising sun.|πιστεύω_λόγῳ_0019
πράσσω αὐτήν|I do / perform / practice it (fem.)|A luminous female silhouette stands center-stage in an ancient amphitheater at blue hour, her fluid gesture—hand extended, fingers unfurling—mid-motion as if releasing a glowing thread of starlight into the night. She wears a translucent peplos of liquid moon-silver that ripples like water, hem catching wind and dust from the marble floor. Corinthian columns half-ruined encircle her, their warm honey-stone uplit by hidden amber footlights that carve dramatic chiaroscuro across weathered carvings. Behind, the orchestra pit becomes a mirror-still pool reflecting indigo sky and the first pale stars; its surface faintly ripples where her light touches. Color palette: deep ultramarine, antique gold, violet shadow, and accents of phosphorescent mint in the airborne sparks. Style: hyper-realistic cinematic fantasy, 85 mm lens, shallow depth of field, ISO 100, f/1.4, shutter 1/125 s, subtle lens flare, 8 K clarity, filmic grain. Mood: reverent, quietly triumphant, the instant potential turns into deed.|πράσσω_αὐτήν_0020
συνίημι λόγον|I understand / perceive (the) word|A colossal ancient Greek marble statue of a blindfolded philosopher-king sits cross-legged atop a cracked agora pillar at twilight, one ear pressed to a glowing, golden scroll that unfurls like liquid light into swirling constellations of Greek letters (λόγος) drifting upward into a violet-indigo sky. Low, cinematic chiaroscuro: warm amber torchlight grazes the weather-scarred stone from the left, while cool moonlight backlights the vapor-like words, creating dramatic rim-light on the statue’s drapery. Micro-detailed texture on every chip and vein of marble, shallow depth of field keeping the foreground scroll razor-sharp while the city ruins blur into soft bokeh. Palette: deep Prussian blues, antique ochres, molten gold highlights, subtle iridescent lavender in the sky. Ultra-realistic 8K, 3:2 aspect, shot on virtual 50 mm lens at f/1.4, high-dynamic-range, slight vignette, mood of reverent epiphany—timeless wisdom perceived through inner sight.|συνίημι_λόγον_0021
τοῦτ’ ἔστιν|that is, i.e.|Minimalist conceptual still-life: a single beam of white light enters a pitch-black void and refracts through a flawless crystal equilateral triangle, projecting a smaller identical triangle on a matte black surface—symbolizing essence within essence. Stark chiaroscuro, no other colors, ultra-clean macro focus, 4K clarity, high contrast, silent intellectual mood. Technical: 100 mm macro lens simulation, f/2.8, ISO 50, no grain, razor-sharp edges, subtle caustic highlights only.|τοῦτ_ἔστιν_0022
τρέχω|I run|Dynamic low-perspective freeze of a barefoot ancient runner sprinting across desert hardpan at golden hour, dust exploding behind, muscles taut, drapery whipping like liquid bronze. Backlit sun flares through fabric, warm amber highlights, cool violet shadows, high-speed shutter feel (1/4000 s), 24 mm wide-angle lens, slight motion blur on fingertips for speed, saturated earth tones, dramatic sky with wispy cirrus, energetic victorious mood, 8K photoreal, shallow DOF on runner’s face, cinematic teal-and-orange grade.|τρέχω_0023
φυλάσσω αὐτήν|I guard / keep it (fem.)|Mythic twilight scene: a cloaked female sentinel stands on a cliff’s edge, wind tearing her indigo cloak, one hand resting protectively on a floating translucent orb of soft rose-gold light (the feminine ‘it’). Below, dark waves crash; above, star-studded sky merges with faint aurora greens. Cool nocturnal palette with warm accent on orb, subtle moon rim-light outlining silhouette, heroic yet tender mood. Composition: diagonal cliff line, orb on upper left third, long-exposure softness on ocean spray. Technical: virtual 50 mm, f/1.8, ISO 400, 6K, soft filmic grain, gentle bloom on highlights.|φυλάσσω_αὐτήν_0024
