ἀκούω τήν|I hear / listen to …|Photorealistic close-up of a woman's ear in profile, surrounded by swirling, translucent sound waves in iridescent blue and gold. Soft bokeh background with faint musical notes dissolving into light. Dramatic chiaroscuro lighting from above, highlighting delicate ear anatomy against deep indigo shadows. Mood of profound concentration and wonder. Cool color palette with metallic gold accents. Shot on 85mm f/1.2 lens with shallow depth of field, 8K resolution, capturing micro-textures of skin and luminous wave patterns.|ἀκούω_τήν_0001
ἁρπάζω τήν|I seize / snatch / carry off …|Dynamic Renaissance fresco style depicting muscular hands in mid-motion snatching a glowing artifact from shadowy depths. Composition with strong diagonal lines showing motion blur on fingers and swirling dust clouds. Volumetric golden light from above illuminating the artifact's radiance against dark umber background. Urgent, tense mood with visible tension in tendons. Rich crimson and burnt sienna palette with gold highlights. Created with textured oil painting style, high detail on skin texture and fabric folds, 16:9 cinematic aspect ratio.|ἁρπάζω_τήν_0002
ἡ ἀγάπη|the love, charity|Soft-focus oil painting of diverse hands interlocking to form a heart shape, glowing with warm amber light. Pastoral background with sunlit meadow and distant village. Golden hour lighting casting long shadows and illuminating dew drops on grass. Mood of universal compassion and hope. Palette of honey golds, sage greens, and rose quartz. Textured impasto brushstrokes visible, shallow depth of field blurring background. Shot from low angle to emphasize unity, 35mm film grain aesthetic, 4K resolution.|ἡ_ἀγάπη_0003
ἡ αὐλή|the courtyard / court / palace court|Symmetrical perspective shot of a Greco-Roman courtyard with marble columns and geometric stone patterns. Sunlight streaming through central oculus creating sharp geometric shadows. Lush green vines cascading from upper balconies against warm ochre walls. Peaceful, contemplative mood with dappled light patterns on courtyard floor. Terracotta and olive green color scheme with sunlit gold accents. Hyperrealistic architectural rendering with 0.1mm detail, f/16 depth of field capturing foreground to background, 16:9 composition.|ἡ_αὐλή_0004
ἡ γῆ|the earth / land / soil|Extreme close-up of rich, cracked earth with sprouting seedlings, water droplets beading on soil surface. Macro photography with shallow depth of field showing individual mineral particles. Warm afternoon light creating dramatic texture through deep crevices. Mood of renewal and fertility. Deep browns, burnt umbers, and vibrant green shoots. Shot with 100mm macro lens at f/2.8, capturing micro-dew drops as refracting prisms, 8K resolution revealing organic detail.|ἡ_γῆ_0005
ἡ νύμφη|the bride / young woman / nymph|A serene young woman, embodying both a classical Greek nymph and a bridal figure, stands at the edge of a sun-dappled forest stream. She wears a flowing, iridescent white gown with delicate golden embroidery, its fabric shimmering like moonlit water as it catches the late afternoon light. Her bare feet touch the mossy bank, surrounded by wild violets and blooming jasmine. Soft, golden-hour rays filter through ancient olive trees, creating ethereal beams that illuminate her dark, wavy hair adorned with a crown of fresh myrtle leaves and tiny pearl beads. Her eyes, closed in tranquil contemplation, reflect the gentle stream, while a sheer, gauzy veil floats weightlessly behind her, blending into the mist rising from the water. The composition centers her in a triangular frame formed by the stream and trees, with a shallow depth of field blurring the background into soft greens and golds. The mood is mystical and pure—quietly celebratory, yet deeply connected to nature. Color palette: pearl whites, muted sage greens, lavender accents, and warm amber highlights, avoiding harsh contrasts. Style: A blend of classical fresco textures and modern cinematic realism, with intricate details in the fabric and flora, 8K resolution, and a subtle luminous glow. Avoid sharp shadows; instead, use diffused, magical lighting to evoke timeless grace. (Word count: 248)|ἡ_νύμφη_0006
ἡ φωνή|the voice / sound|An ethereal visualization of sound waves emanating from a faint, luminous silhouette of a singer's profile against a void-like background. The voice manifests as concentric rings of shimmering, translucent particles—cool sapphire blues and amethyst violets at the edges, transitioning to a radiant golden core where the sound originates. Each ring pulses with subtle motion, composed of thousands of glowing, dust-like specks that vibrate in mid-air. Soft, diffused lighting radiates from the center, casting gentle halos and creating a dynamic interplay of light and shadow on the particles. The background is a deep, velvety indigo, fading to near-black at the edges, emphasizing the luminous sound waves. Composition is centered and symmetrical, drawing the eye inward to the source while conveying movement and resonance. Mood: serene yet powerful, evoking the intangible beauty of a pure, resonant voice—mystical and calming with an undercurrent of energy. Style: abstract surrealism blended with photorealistic detail, 8K resolution, ultra-sharp focus on the particle rings, shallow depth of field with bokeh effects, and a subtle film grain texture for organic warmth.|ἡ_φωνή_0007
ἡ ψυχή|the soul / life / breath|Transparent human figure composed of swirling stardust and breath vapor, floating above a sleeping body. Ethereal moonlight illuminating luminous particles against deep space background. Serene, transcendent mood with gentle upward motion. Palette of cosmic blues, silver, and soft white. Digital painting style with nebula textures, shallow depth of field. Shot with long exposure effect for particle trails, 50mm lens at f/1.8, capturing spiritual weightlessness in 4K.|ἡ_ψυχή_0008
ὁ ἀδελφός|the brother|Two brothers in warm embrace at sunset, weathered hands clasped over shoulders. Golden hour backlight creating halo effect around their silhouettes against rolling hills. Composition showing shared strength through parallel posture. Nostalgic, comforting mood with soft lens flare. Warm amber and burnt orange palette with cool blue shadows. Film photography style with 35mm grain, medium shot at f/2.8, capturing texture of worn clothing and emotional connection in 8K.|ὁ_ἀδελφός_0009
ὁ ἥλιος|the sun|Majestic low-angle shot of sun rising over ancient stone monoliths, beams piercing through mist. Golden light creating dramatic volumetric rays and long shadows across desert landscape. Awe-inspiring, powerful mood with visible heat distortion. Fiery orange, molten gold, and deep violet sky. Ultra-high dynamic range capture with 12-stop grad filter, 24mm wide angle. Sharp focus on sun's texture, lens flare effects, 8K resolution revealing solar granulation.|ὁ_ἥλιος_0010
ὁ Ἰσραήλ|Israel (the people / land)|A panoramic view of ancient Israel's landscape at golden hour, with olive groves, terraced hills, and the Jerusalem skyline in the distance. Style: Realistic historical illustration with textured brushstrokes. Composition: Wide-angle perspective showing winding paths leading to a walled city. Lighting: Warm, directional sunset light casting long shadows and illuminating limestone structures. Mood: Timeless and reverent, evoking heritage and resilience. Colors: Earthy ochres, sage greens, and golden sunlight against deep blue sky. Technical: 8K resolution, sharp focus on foreground olive branches, atmospheric perspective, detailed stone textures.|ὁ_Ἰσραήλ_0011
ὁ κόσμος|the world / universe / adornment|An ornate celestial sphere suspended in deep space, covered in intricate golden filigree representing constellations and cosmic patterns. Style: Art Nouveau meets cosmic realism. Composition: Centered sphere with swirling nebulae and star clusters in the background. Lighting: Soft bioluminescent glow from the sphere's patterns, contrasting with dark space. Mood: Majestic and mysterious, suggesting universal order. Colors: Deep indigo and violet with luminous gold accents. Technical: 8K, hyper-detailed textures on the sphere, volumetric nebula lighting, shallow depth of field.|ὁ_κόσμος_0012
ὁ λίθος|the stone|A weathered limestone cornerstone resting in a sun-drenched desert landscape, its surface etched with ancient symbols. Style: Photorealistic close-up with archaeological precision. Composition: Low-angle shot emphasizing the stone's weight and texture against distant dunes. Lighting: Harsh midday sunlight creating sharp shadows and highlighting mineral veins. Mood: Ancient and enduring, conveying historical weight. Colors: Warm beige stone with rust-red mineral streaks, burnt sienna sand, and clear azure sky. Technical: 4K macro detail, subsurface scattering on stone, shallow depth of field.|ὁ_λίθος_0013
ὁ ναός|the temple (sanctuary proper)|The inner sanctuary of Solomon's Temple, featuring the Ark of the Covenant draped in blue and gold curtains. Style: Historical reconstruction with cinematic lighting. Composition: Symmetrical view through the Holy of Holies entrance, with golden cherubim flanking the Ark. Lighting: Ethereal light streaming from an unseen source, illuminating incense smoke. Mood: Sacred and awe-inspiring. Colors: Rich crimson, gold leaf, and deep blue with warm candlelight. Technical: 8K, detailed wood grain and fabric textures, dramatic chiaroscuro.|ὁ_ναός_0014
ὁ οἶνος|the wine|A crystal goblet filled with deep ruby wine, set on a wooden table with grapevines in soft focus. Style: Renaissance still life meets modern food photography. Composition: Close-up with shallow depth of field highlighting wine's viscosity. Lighting: Warm afternoon sunlight creating refraction patterns through the liquid. Mood: Inviting and celebratory. Colors: Vibrant crimson wine, earthy wood tones, and green vine accents. Technical: 4K macro, liquid dynamics showing droplets, bokeh background.|ὁ_οἶνος_0015
ὁ οὐρανός|the heaven / sky|A vast celestial dome at twilight, transitioning from rose-gold horizon to star-filled indigo. Style: Luminist painting with atmospheric realism. Composition: Low horizon emphasizing sky expanse with subtle cloud formations. Lighting: Gradient sunset glow illuminating cirrus clouds, stars beginning to emerge. Mood: Transcendent and peaceful. Colors: Blushing pinks, lavender, and deepening blues with silver starlight. Technical: 8K, smooth color blending, star field depth, no visible land.|ὁ_οὐρανός_0016
πάλιν|again, back|A surreal twilight landscape where a winding cobblestone path forms a perfect, glowing spiral, leading back to its own starting point. In the foreground, a solitary traveler in a weathered trench coat walks away from the viewer, while an identical figure approaches from the spiral’s center, creating a seamless loop of return. The sky gradients from deep indigo to molten amber, with a half-submerged, antique clock face floating in a misty lake at the spiral’s heart. Luminous hourglasses made of liquid light drift along the path, their sand swirling with constellations. Soft, diffused sunset rays pierce low-hanging clouds, casting elongated shadows and illuminating dew-kissed autumn leaves on ancient oaks. Mood is melancholic yet hopeful—evoking nostalgia and cyclical renewal. Style: hyperrealistic magical realism with cinematic depth of field; focus sharp on the traveler and clock, background softly blurred. Color palette: burnt oranges, midnight blues, and ethereal golds. Technical: 8K resolution, ultra-detailed textures, volumetric mist, aspect ratio 16:9. --v 6.0|πάλιν_0017
πίπτω|I fall|A figure suspended mid-descent through a fractured sky, arms outstretched amid falling debris. Style: Surreal digital painting with dramatic perspective. Composition: Diagonal dynamic from top-right to bottom-left, emphasizing motion. Lighting: Stark spotlight on the figure against stormy grays. Mood: Visceral and disorienting. Colors: Monochrome with single red garment, deep blues, and metallic shards. Technical: 8K, motion blur on falling elements, sharp focus on the face.|πίπτω_0018
τὸ ἀργύριον|the silver / money|Piles of ancient silver coins and ingots glowing under a single spotlight in a dark vault. Style: Photorealistic treasure scene. Composition: Close-up with coins spilling toward foreground, shallow depth of field. Lighting: Dramatic spotlight creating sharp reflections and deep shadows. Mood: Valuable and secretive. Colors: Lustrous silver with warm highlights against charcoal background. Technical: 4K macro, metallic sheen textures, subsurface scattering on coins.|τὸ_ἀργύριον_0019
τὸ θυσιαστήριον|the altar|A stone altar in a candle-lit temple, with ceremonial vessels and incense smoke curling upward. Style: Historical drama with chiaroscuro lighting. Composition: Low-angle view emphasizing the altar's height, candles in foreground. Lighting: Flickering candlelight casting dancing shadows on stone. Mood: Solemn and ritualistic. Colors: Warm amber candle glow against cool gray stone, deep reds. Technical: 8K, detailed stone texture, smoke dynamics, shallow focus on altar surface.|τὸ_θυσιαστήριον_0020
τὸ παιδίον|the child / little one|A joyful toddler in a simple white chiton with a crimson sash, playing with terracotta toys in a sun-dappled ancient Greek courtyard. Style: Classical fresco meets Renaissance painting, with soft impasto textures. Composition: Low-angle close-up capturing the child's laughter, olive trees and marble columns framing the background. Lighting: Warm golden-hour glow with gentle shadows highlighting the child's rosy cheeks. Mood: Innocent and carefree. Colors: Earthy ochres of stone, vibrant crimson sash, and sun-bleached white fabric. Technical: 8K resolution, shallow depth of field, intricate details on clay toys and fabric folds.|τὸ_παιδίον_0021
τὸ σανδάλιον|the sandal|An ancient Greek leather sandal with intricate crisscross straps, resting on weathered limestone steps. Style: Photorealistic still life with archaeological precision. Composition: Extreme close-up angled to showcase hand-stitched leather details, with blurred ceramic fragments in the background. Lighting: Soft directional morning light emphasizing leather grain and worn soles. Mood: Timeless and historical. Colors: Rich umber leather, pale stone gray, and subtle bronze accents on metal rivets. Technical: Macro photography at f/1.8, 8K resolution, hyper-detailed texture rendering of aged material.|τὸ_σανδάλιον_0022
τὸ σῦκον|the fig|A single ripe fig with dewdrops, bursting at the stem on a marble platter. Style: Baroque still life with dramatic chiaroscuro. Composition: Central focus on the fig's glistening purple flesh, surrounded by fresh green leaves against a dark background. Lighting: Candlelight from left creating velvety shadows and highlighting honey-like juice. Mood: Lush and sensual. Colors: Deep burgundy fig, emerald leaves, cool white marble, and warm amber highlights. Technical: 8K resolution, ultra-sharp detail on fruit texture, photorealistic liquid droplets.|τὸ_σῦκον_0023
φέρω σοι τήν|I bring / carry … to you|A young Athenian boy in a linen chiton carrying a woven basket of figs toward the viewer in a sunlit agora. Style: Historical narrative painting with Pre-Raphaelite detail. Composition: Dynamic perspective with the boy in mid-stride, outstretched hand offering fruit, colonnades receding in background. Lighting: Bright midday sun casting crisp shadows, illuminating the figs' vibrant purple. Mood: Earnest and generous. Colors: Sun-bleached architecture, earthy basket tones, and jewel-toned figs. Technical: 8K resolution, sharp focus on the boy's determined expression and fruit textures, shallow depth of field.|φέρω_σοι_τήν_0024
