ἄνω |above, up, upward|Low-angle film-noir shot: a single bare bulb dangling from a frayed cord in a cramped tenement stairwell, its filament glowing like a tiny sun. High-contrast chiaroscuro throws razor-edged shadows up the flaking plaster walls; the camera tilts vertiginously so the bulb seems to float upward into an abyss of darkness. Venetian-blind stripes slice across the scene, hinting at unseen windows above. Palette: desaturated greys, nicotine-yellow light, inky blacks. Deep-focus, 50 mm lens, slight grain, f/1.8 for creamy bokeh swirl at the top of frame. Mood: suffocating ascent, existential dread.|ἄνω_0001
 ἄρτι |now, just now|A lone figure stands on a rain-slick rooftop at the exact moment the first gray seam of dawn splits indigo night. Neon signage behind them flickers “ἄρτι” in cobalt glass, its glow bleeding across wet concrete like liquid mercury. Camera poised three-quarter low, wide 35 mm lens, the city skyline tilt-shifted into miniature beyond the parapet; droplets suspended mid-air form crystal prisms catching the first pure gold ray. Palette: ultramarine shadows, electric cyan highlights, a razor-thin slash of vermilion sunrise. Hard rim-lighting outlines the character’s trench coat, vapor breath catching the beam, while soft volumetric mist diffuses distant towers. Mood: breath-held transition—past exhaling, future not yet inhaled. Hyper-real 8 K clarity, f/1.4 bokeh melts traffic lights into spectral orbs, subtle chromatic aberration on lens edges. High-dynamic-range, long-exposure starbursts on every wet surface, ISO 100 for zero noise, shutter 1/125 freezing droplets. Cinematic, contemplative, suspended heartbeat of “just now.”|ἄρτι_0002
 βάπτω αὐτὴν αὐτοῦ |I dip it (fem.) into it (masc.)|Tight, voyeuristic film-noir tableau: a woman’s gloved hand lowers a fountain pen—its gold nib a shard of light—into an inkwell sitting on a scarred mahogany desk. Overhead desk-lamp creates a perfect circle of harsh white on the blotter, everything else drowned in velvety shadow. Ink ripples like liquid obsidian, swallowing the nib. Reflections catch the vertical blinds behind, doubling the bars of a visual prison. Palette: silver, tar-black, nicotine-brown. 35 mm lens, deep blacks pushed to 2.35:1 widescreen, high grain. Mood: intimate complicity, a secret being baptized in darkness.|βάπτω_αὐτὴν_αὐτοῦ_0003
 διὰ παντός |continually, “through all (time)”|Endless rain-slick alley, film-noir perpetual night. Streetlamp at frame edge throws a cone of sodium light that tunnels down the asphalt, reflecting like molten gold on wet cobblestones. A lone silhouette recedes into fog that swallows every seventh step, suggesting infinite repetition. Low-key lighting, no moon, only the lamp—its halo shrinking with distance. Palette: asphalt grey, sulphur yellow, cigarette-ash white. 40 mm lens, long exposure streaks on raindrops, high grain 800 ASA. Mood: time looped, footsteps echoing forever through the same puddle.|διὰ_παντός_0004
 ἐγγύς |near (adv. / prep. + gen.)|Film-noir claustrophobia: camera positioned inches from a frosted glass door panel; behind it, the blurred silhouette of a fedoraed man pauses, his hand almost touching the handle. Single hallway bulb backlights him, projecting his looming shadow across the pebbled glass like a coming threat. Foreground in sharp focus, background diffused, depth of field razor-thin. Palette: chalk-white glass, tar-black shadow, sickly green tinge from dim bulb. 50 mm lens, f/1.4, high contrast. Mood: breath-held proximity, danger one doorknob away.|ἐγγύς_0005
 ἐμβλέπω αὐτῇ |I look intently at her/it|Close-up, film-noir intensity: a man’s eyes reflected in a cracked vanity mirror, pupils dilated, fixed on an off-screen woman whose bare shoulder is barely visible at frame edge. Overhead bare bulb casts a hard pool of light that clips the top of his head, leaving his gaze in half-shadow. Mirror crack splits his iris like a fault line. Palette: pallid skin, mercury glass, blood-red lipstick smudge on the reflected shoulder. 85 mm portrait lens, shallow depth, vignette corners. Mood: obsessive scrutiny, desire sharpened to a point.|ἐμβλέπω_αὐτῇ_0006
 ἐξέρχομαι ἐκ τόπου |I go out from (the) place|Low-level tracking shot, film-noir escape: camera at ankle height follows a pair of spurred shoes striding from a pitch-black warehouse toward a narrow rectangle of blinding doorway light. Dust motes ignite in the shaft like embers. Inside, total darkness; outside, overexposed white heat. Shoes and floorboards catch only rim-light, edges glowing, interiors black. Palette: charcoal, magnesium-white, rust on spurs. 24 mm wide lens, slight Dutch tilt, high grain. Mood: exit into unknown glare, freedom or judgment awaiting beyond the threshold.|ἐξέρχομαι_ἐκ_τόπου_0007
 ἡ γωνία |the corner / angle|Oblique film-noir composition: where two brick walls meet at a sharp alley corner, a streetlamp casts a triangular wedge of light that bisects the junction. A fedora’s shadow creeps along the base of the wall, elongating until it rounds the bend—no owner in sight. Deep-focus, bricks rendered in tactile detail, each mortar line a black groove. Palette: soot-dark bricks, acid-yellow light, cigarette-smoke grey. 28 mm lens, high contrast, slight wide-angle distortion exaggerating the corner’s knife-edge. Mood: geometry of suspense, something about to pivot into view.|ἡ_γωνία_0008
 ἡ θυρίς |the small window|Interior film-noir night office: a single transom window high on the wall, frosted glass slatted by rusty venetian blinds. From outside, a passing elevated train flickers bars of white across the pane, strobing the room like a dying film projector. Below, a detective’s desk sits in pooled darkness, only the rhythmic flashes revealing scattered papers and a cold coffee cup. Palette: nicotine-brown wood, silver train-light, ink-black shadows. 35 mm lens, slow shutter captures light trails, high grain. Mood: fleeting glimpses, truth visible only in intermittent slices.|ἡ_θυρίς_0009
 ἡ λαμπάς |the lamp / torch|High-contrast film-noir scene: a handheld kerosene lantern sits on wet cobblestones, its flame a trembling orange orb that paints a 3-foot circle of light. Outside the circle, absolute black—only the lower halves of two trench-coated figures visible, their faces lost above the light’s horizon. Raindrops fall through the glow like molten sparks. Palette: copper flame, asphalt black, rain-silver streaks. 50 mm lens, f/2, shallow focus keeps flame sharp, background dissolved into bokeh void. Mood: fragile island of light in an ocean of night, secrets traded inside the circle.|ἡ_λαμπάς_0010
 ἡ μερίς |the portion / share|Low-key chiaroscuro close-up of a tarnished silver coin being slid across a wet mahogany bar toward the viewer, one third of its surface cut away by a scalpel-sharp shadow; venetian-blind stripes rake across the scene, a single red ember of a cigarette tip glowing in the background, rain streaks on the window behind doubling as prison bars. High-contrast 35 mm grain, deep-focus, f/1.4, ISO 800, Kodak Tri-X palette of bruised blues and nicotine yellows.|ἡ_μερίς_0011
 ἡ ῥαφίς |the needle|Extreme macro of a gleaming chrome sewing needle hovering above a black velvet glove, its eye threaded with a strand of luminous white silk that catches the sole desk-lamp like a razor-wire; behind, out of focus, a blood-red neon pharmacy cross flickers through rainy night glass. Razor-thin depth of field, silhouettes of fedoras passing, high-grain 1950s 35 mm, platinum tones, cigarette smoke curling like ghostly handwriting.|ἡ_ῥαφίς_0012
 ἡ σφραγίς |the seal / signet|Top-down noir still-life: cracked wax seal on a parchment envelope, broken in two halves—one still clinging to the paper, the other lying like a dark coin on a scarred oak desk; a single green banker's lamp illuminates the scene, casting a circular pool of jade light bordered by absolute black. Shadows swallow the edges, a revolver grip intrudes from frame-left, bar-code of venetian-blind light across the wall. High-contrast, deep blacks, Leica 50 mm, f/2, tungsten balance.|ἡ_σφραγίς_0013
 ἤδειν αὐτήν |I had known it (fem.)|Oblique-angle medium shot of a woman in a wide-brim hat standing under a lonely streetlamp at 3 a.m., her face half-lit, half-lost in shadow; a taxi's retreating taillights paint red trails on wet asphalt, her gloved hand clutches a crumpled telegram. Voice-over implied by tilted cigarette smoke. Deep-focus, 40 mm lens, sodium-vapor orange battling cyan shadows, grain like sandstorm, cigarette ember echoing a distant gunshot.|ἤδειν_αὐτήν_0014
 θαυμάζω |I marvel / wonder|Silhouetted profile of a detective in a trench coat leaning against a rain-slick alley brick wall, eyes wide reflecting the sudden white flash of a match he just struck; the match illuminates a small, impossible object floating in mid-air—a spinning bullet frozen in time. Background falls into abyssal black, only the match and bullet exist. High-speed shutter, 50 mm, deep blacks, single source hard light, noir surrealism.|θαυμάζω_0015
 καθώς |just as, even as|Split-diopter shot: foreground, a man's gloved hand flipping a silver dollar; background, same coin already landing in a beggar's hat on the curb, both moments existing simultaneously in one frame thanks to mirror trickery. Rain blurs the middle distance, neon hotel sign casts magenta vs green color war. Deep-focus, 28 mm, high-grain, cigarette haze, moral equivalence frozen in noir time.|καθώς_0016
 μερίζω ὑμῖν αὐτήν |I divide / apportion it (fem.) to you (pl.)|Wide shot down a deserted blackjack table in a shuttered casino, dealer's shadow stretching long; three playing cards torn in half lie precisely spaced—each half pointing toward an empty chair. Overhead solitary bulb swings like a pendulum, scattering moving shadows across green felt. High-contrast, 24 mm, f/8 for infinite depth, dust motes lit like dying stars, palette of mildew greens and bruised blacks.|μερίζω_ὑμῖν_αὐτήν_0017
 ὁ ἱμάς |the strap / thong|Close-up of a black leather watch strap being buckled on a hairy wrist, the dial missing so the strap circles nothing but thin air; a single shaft of car headlight cuts through fog, backlighting the strap like a halo. Background fades to void, only the buckle's metallic click implied. Shallow depth, 85 mm, high-grain, cold blue monochrome with one warm highlight on the brass buckle.|ὁ_ἱμάς_0018
 ὁ πούς |the foot|Low-angle shot of a man's oxford shoe stepping off a curb into a puddle that mirrors a flashing red neon 'HOTEL' sign; the splash freezes mid-air, each droplet a tiny crimson lens. Behind, city canyon disappears into fog. 28 mm, deep-focus, wet asphalt reflecting noir galaxy of lights, grain like broken glass, palette of blood reds vs asphalt blacks.|ὁ_πούς_0019
 ὁμοίως |likewise, in like manner|Symmetrical twin silhouettes in matching trench coats standing under two adjacent streetlamps, their long shadows converging at a single point on the wet pavement between them; a fedora flies off one man's head, mirrored by the other catching it in perfect synchronicity. Frame centered, high-contrast, 35 mm, f/5.6, sodium-orange halos, grain like sand, moral mirroring in chiaroscuro.|ὁμοίως_0020
 ποτίζω σε αὐτήν |I give you it (fem.) to drink|Film-noir chiaroscuro: a smoky 1940s basement bar, Venetian-blind shadows slicing across a chrome soda siphon and a single crystal tumbler. A woman in a tilted wide-brim hat and satin gloves holds the glass toward the viewer, poison-bright liquid glowing like liquid mercury. Low-key lighting from a dangling bare bulb creates razor-edged shadows on her cheekbones; background patrons dissolve into murky bokeh. Palette: desaturated steel-blue, acid highlights, cigarette-ash greys. Shot on virtual 50 mm anamorphic, high-contrast B&W grain, shallow depth of field, slight Dutch tilt for unease.|ποτίζω_σε_αὐτήν_0021
 πτῶ |fall! (command)|Noir rooftop midnight: trench-coated silhouette commanded to fall backward off a brick parapet, arms windmilling, fedora suspended mid-air. Streetlamp below throws a harsh upward spotlight, creating a long plummeting shadow on wet alley asphalt. Steam vents billow like ghostly hands; neon hotel sign flickers blood-red. High-contrast B&W, deep shadows swallow details, rim-lighting edges of coat and shoes. 28 mm wide-angle exaggerates height; slow-shutter motion blur on falling figure, everything else razor sharp. Mood: fatalistic dread.|πτῶ_0022
 τέλειος |perfect, complete, mature|Classic noir close-up: aging gangster’s face half-lit by desk lamp, every pore and scar rendered in merciless monochrome. Smoke curls from a just-lit Chesterfield, forming a perfect halo before dispersing. Behind him, wall-safe door stands ajar, golden light spilling like temptation. Deep-focus 35 mm lens; razor-sharp textures—leather chair creases, gunmetal glint, whiskey meniscus. Palette: velvety blacks, silvery greys, single warm gold accent. Composition centered, symmetrical, yet claustrophobic; mood of flawless, completed destiny ready to unravel.|τέλειος_0023
 τὸ ὑπόδημα|the sandal / shoe|Rain-slick back-alley, midnight. A lone high-heel sandal lies overturned beneath a flickering neon tailor sign, strap broken like a snapped promise. Puddle reflection doubles its stark outline; distant streetlight casts elongated shadows converging on the empty shoe. Ambient haze, cigarette butts floating. Film-noir palette: cold cyan highlights, tar-black shadows, sodium-orange glints on wet cobblestones. 50 mm lens, low angle, deep focus; fine film grain, slight vignette. Mood: abandoned elegance, silent witness to vanished femme fatale.|τὸ_ὑπόδημα_0024
