ἀπέρχομαι ἀπ’ αὐτῆς |I go away / depart from her/it|A lone woman in a flowing, sheer white chiton turns her back to a marble column glowing with warm, late-afternoon light. She steps into a haze of dust motes, her silhouette dissolving into a sun-bleached Aegean horizon. Cinematic wide shot, 35 mm lens, shallow depth of field, golden-hour color palette of amber, faded rose, and cerulean. Soft rim-lighting outlines her figure, evoking quiet farewell. Style: painterly neoclassical realism, subtle film grain, 8 K clarity.|ἀπέρχομαι_ἀπ_αὐτῆς_0001
 γίνομαι αὐτή |I become / come into being (fem.)|A luminous feminine figure emerges from crystalline liquid light, her form materializing particle by particle like golden stardust coalescing. She stands waist-deep in a mirror-still pool of mercury beneath a vast nebula sky, her translucent skin catching prismatic reflections. The transformation captures the exact moment of becoming—half her body still dissolving into shimmering particles while the other half solidifies into graceful curves. Her hair flows upward like liquid gold against gravity, each strand becoming constellations. The scene is rendered in ethereal Art Nouveau style with Alphonse Mucha's decorative sensibility meets cosmic surrealism. Soft bioluminescent blues and violets contrast with warm amber and rose gold highlights. Rim lighting creates a halo effect around her emerging form while underwater LED panels illuminate the pool from below, casting dancing caustic patterns. The composition uses the golden ratio with her awakening face at the focal point, surrounded by floating geometric symbols of transformation—Fibonacci spirals, vesica piscis, and atomic orbits. Depth of field is shallow, keeping her sharp against a dreamy bokeh background of distant galaxies. Shot from a low angle to emphasize her emergence, the perspective conveys both vulnerability and power. The mood oscillates between intimate vulnerability and cosmic grandeur, suggesting birth, awakening, and divine feminine energy. Hyperrealistic rendering with 8K clarity, subtle volumetric fog, and particle effects create an otherworldly atmosphere.|γίνομαι_αὐτή_0002
 ἐκβάλλω σε |I cast / drive you out|A bronze-armored hoplite thrusts a spear forward, the tip erupting in a violent gust that scatters whorls of ochre dust and shattered pottery across an ancient agora. The victim, a ghostly figure in torn robes, is flung backward mid-air, motion-blurred, arms outstretched. High-contrast noon light, harsh shadows, saturated earth tones of burnt sienna and iron red. Dynamic Dutch-angle composition, 24 mm lens, freeze-frame shutter, epic drama reminiscent of Géricault.|ἐκβάλλω_σε_0003
 ἐτοιμάζω αὐτήν |I prepare / make it (fem.) ready|A priestess in saffron peplos kneels beside a sacred kline, smoothing crimson linen over an offering table set with golden amphorae and myrtle sprigs. Soft morning light filters through olive leaves, dappling the scene in shifting tesserae of jade and gold. Palette: warm ochres, vermilion accents, muted teal shadows. Style: high-detail archaeological illustration, 50 mm prime, shallow focus on her delicate hands, tranquil reverent mood, 8 K texture fidelity.|ἐτοιμάζω_αὐτήν_0004
 ἡ βίβλος |the scroll / book|A weathered papyrus scroll unfurls on a weather-beaten cedar table, its charcoal ink glinting under a single shaft of candlelight. Wax seals dangle like rubies, casting crimson reflections onto rough-hewn stone walls. Palette: parchment beige, seal red, umber shadows. Style: Caravaggio-inspired baroque still life, 85 mm lens, extreme shallow DOF, dramatic tenebrism, texture of fibers and cracks rendered in photoreal 8 K, quiet scholarly aura.|ἡ_βίβλος_0005
 ἡ ὁδός |the way / road / journey|A serpentine marble road winds through terraced olive groves toward a distant, violet-shrouded mountain. Dawn mist pools in the bends, catching rose-gold light. A solitary traveler’s silhouette and staff cast long cobalt shadows. Palette: dusty rose, sage green, lavender horizon. Style: Hudson-River-School meets Greek landscape, panoramic 16:9, 35 mm lens, soft atmospheric perspective, tranquil yet expectant mood, ultra-sharp foreground fading into dreamy distance.|ἡ_ὁδός_0006
 ἡ ῥάβδος |the rod / staff / sceptre|An ornate bronze sceptre leans against a throne of weathered limestone, its tip catching a narrow beam of white light that fractures into spectral shards across a darkened megaron. Deep crimson drapes billow in the background. Palette: metallic verdigris, blood red, abyssal black. Style: high-drama Baroque still life, 100 mm macro on engraved serpents, razor-sharp 8 K, chiaroscuro lighting, aura of latent power and solemn authority.|ἡ_ῥάβδος_0007
 κακῶς ἔχω |I am ill / fare badly|A lone figure slumps on the edge of an iron bed in a dim attic room, body folded forward, head cradled in trembling hands; skin wan, almost translucent, veins glowing faint cobalt like fractured rivers beneath parchment flesh. One weak ray of winter morning light slices through a cracked skylight, catching swirling dust motes that drift like medicinal powder in the air. The walls are peeling sea-foam plaster, stained with maps of mildew that echo the branching veins of sickness. A cracked mirror on the far wall reflects only a blurred silhouette, edges dissolving into smoke, suggesting dissolution. Palette: desaturated teals, bruised mauves, sickly olive, all contrasted by the sterile white of a crumpled sheet pooling on the floor like spent bandages. Style: hyper-realistic oil-painting texture with subtle surrealism, inspired by Rembrandt’s chiaroscuro and Francis Bacon’s distorted figuration. Depth of field: f/1.4, razor-thin focal plane on the subject’s clasped fingers, background melting into bokeh of muted rust and mold. Mood: quiet despair, a suspended breath between fever and recovery. Technical: 8K resolution, 35 mm lens simulation, low-key lighting, gentle volumetric haze around the light beam, faint chromatic aberration at frame edges for vintage lens feel.|κακῶς_ἔχω_0008
 κηρύσσω σοι αὐτήν |I proclaim it (fem.) to you|Atop a limestone bema overlooking the agora, a female herald in indigo chiton raises a bronze salpinx, her voice visualized as rippling golden script that unfurls across sunlit air toward a gathered crowd. Low-angle 24 mm lens, dynamic sky of cobalt and molten gold. Palette: lapis garment, honeyed light, weathered stone gray. Style: neoclassical narrative painting, crisp 8 K detail, triumphant yet dignified mood, motion blur on banner edges to suggest sound.|κηρύσσω_σοι_αὐτήν_0009
 κλέπτω αὐτήν |I steal it (fem.)|A lone female art thief in a midnight-blue catsuit crouches on a marble balustrade inside a Venetian palazzo, moonlight slicing through tall cracked shutters to paint silver bars across her masked face; she cradles a small Renaissance portrait of a woman—its gilded frame still warm from the wall—against her chest like a secret lover. Chiaroscuro oil-painting style, rich Caravaggio lighting: deep umbra shadows swallow the background while a single directional beam spotlights the swirling crimson cloth of the stolen canvas and the thief’s glossy leather gloves. Color palette: ultramarine, vermilion, antique gold, and ghostly lunar cyan. Composition: low-angle three-quarter view, rule-of-thirds placement with the painting’s luminous female gaze intersecting the thief’s visible eye, creating a visual theft within the theft. Tiny motes of gold leaf flutter in the air where the frame was wrenched free, suspended in slow-motion dust. Mood: hushed tension, heartbeat before the alarm, a whisper of triumph curling at the corner of her lip. Technical: 85 mm virtual lens, f/1.4, shallow depth of field, 8 K texture detail on cracked oil paint and centuries-old stucco, subtle film grain, baroque ornamentation bokeh in background.|κλέπτω_αὐτήν_0010
 ὁ δέσμιος |the prisoner|Dark, moody chiaroscuro oil-painting style; a bearded man in torn chiton shackled to rough stone wall, single shaft of cold moonlight slicing through iron-barred window, rusted chain glinting orange against slate-gray stone, crimson blood streak on marble floor, low-angle cinematic composition, volumetric dust motes, Rembrandt lighting, desaturated palette with crimson accent, 8K hyper-real detail, shallow depth of field, somber, contemplative atmosphere.|ὁ_δέσμιος_0011
 ὁ δεσμός |the bond / chain / fetter|Macro still-life photograph, coiled iron chain on weathered olive-wood table, morning golden-hour side light revealing orange rust blooms and metallic blue patina, shallow depth f/1.4, 100 mm lens, extreme texture detail on each corroded link, deep ebony shadows, warm umber and teal color grading, subtle smoke wisps background, symbolic heaviness, 32-bit HDR, ultra-sharp focus on central loop.|ὁ_δεσμός_0012
 ὁ ἐργάτης |the laborer / workman|Epic wide-shot in high-resolution digital matte-painting style; muscular bronze-skinned man swinging heavy hammer onto white-hot anvil atop rocky Aegean hillside at sunset, sparks exploding into indigo sky, ochre dust clouds, backlit glowing rim light, saturated oranges and violets, dynamic motion blur on sparks, 16:9 cinematic ratio, sweeping diagonal composition, Hans Zimmer scale, 8K texture detail on sweat-slick skin.|ὁ_ἐργάτης_0013
 ὁ μαθητής |the disciple / learner|Soft pastel illustration with golden-hour palette; young robed figure seated cross-legged on marble step of sun-drenched stoa, papyrus scroll unfurled across lap, stylus poised, gentle rim light haloing curly hair, cool column shadows alternating with warm stone, muted terracotta and cerulean, tranquil scholarly mood, subtle paper texture overlay, shallow depth, 4K, airy Renaissance atmosphere.|ὁ_μαθητής_0014
 ὁ νεανίας |the young man / youth|Vibrant neo-classical oil-on-canvas; athletic youth in white chiton standing on cliff edge at dawn, wind whipping cloak, lyre slung over shoulder, rose-gold sunrise reflecting in hopeful eyes, diagonal composition pointing to bright horizon, saturated pinks and ambers against cool ultramarine sea, visible confident smile, impasto brushwork, 8K detail, uplifting, energetic mood.|ὁ_νεανίας_0015
 ὁ πλοῦτος |the wealth / riches|Baroque fantasy realism; overflowing marble treasure chest atop ornate Persian carpet, golden coins and lustrous pearls cascading like liquid, candle flame creating dancing specular highlights, deep crimson drapery background, warm triadic palette of gold, ruby, emerald, dramatic tenebrism, 50 mm lens look, razor-sharp focus, opulent, seductive atmosphere, 8K resolution.|ὁ_πλοῦτος_0016
 ὁ προφήτης |the prophet|Mystical high-contrast charcoal and gold-leaf composite; gaunt prophet in rough sackcloth standing on windswept desert dune, arms raised toward swirling storm clouds split by ethereal lightning, parchment scroll clutched, chiaroscuro lighting, monochromatic figure with selective shimmering gold accents on lightning and text, apocalyptic yet reverent mood, 8K, panoramic 21:9 aspect.|ὁ_προφήτης_0017
 ὁ στρατιώτης |the soldier|Cinematic HDR still; hoplite in battered bronze helm and crimson chlamys gripping ash spear, low camera angle on rocky battlefield at dusk, distant pyres glowing, cool blue shadows contrasting warm flame highlights, metallic specular on cuirass, gritty dust particles, heroic yet weary expression, teal-orange grade, 8K ultra detail, epic realism.|ὁ_στρατιώτης_0018
 ὁ τελώνης |the tax-collector|Dutch-master interior scene; portly merchant behind cluttered counting table strewn with bronze coins, wax tablets, abacus, single window light casting diagonal shadow across furrowed brow, rich earth-tone palette, deep maroon robe, intricate still-life detail of currency, moral ambiguity mood, 4K oil texture, soft vignette.|ὁ_τελώνης_0019
 ὁ φίλος |the friend|Warm Impressionistic pastel rendering; two young men seated beneath olive tree sharing wine kylix, golden late-afternoon light filtering through silvery leaves, soft diffused shadows, harmonious ochres and viridians, gentle smiles, overlapping shoulders conveying closeness, textured brushstrokes, tranquil affectionate mood, 8K, square composition.|ὁ_φίλος_0020
 ὁ χοῖρος |the pig / swine|Mythic Greek black-figure amphora scene: a muscular, bristle-backed boar (χοῖρος) charges across a terracotta background, tusks gleaming ivory under stark Attic sunlight. Deep-red slip contrasts with glossy black clay; engraved lines etch every bristle. Side-view composition, ground-line at lower third, Doric columns and olive sprigs in negative space. High chiaroscuro, raking light from left, dust motes sparkling. Palette: burnt umber, oxblood, ochre, bone white. Ultra-sharp 8K, shallow depth of field, cinematic 3:2 aspect, subtle film grain for ancient pottery texture.|ὁ_χοῖρος_0021
 οὖν |therefore, then|Surreal quantum corridor: infinite marble steps dissolve into golden ratio spirals, each tread engraved with glowing οὖν symbols in classical Greek uncial. Cool cyan moonlight from above warms to amber below, visualizing logical consequence. Central vanishing point draws eye toward a blinding white qubit suspended in mid-air. Colors: indigo, heliotrope, molten gold. Soft volumetric light, particle fog, 35 mm film look, ultra-wide 21:9 frame, crisp 8K clarity, subtle lens flare emphasizing the ‘therefore’ moment.|οὖν_0022
 πότε |when?|Ethereal time-sand clock floating in starless void: translucent hourglass carved from crystallized πότε letters, sand grains frozen mid-fall like scattered diamonds. Single cool rim light from behind creates halo, shadows razor-sharp. Background fades from midnight plum to cosmic charcoal. Palette: lunar silver, eclipse violet, frost white. Moody, contemplative atmosphere, shallow DOF, 50 mm prime lens simulation, 4K resolution, high contrast, micro-details on every grain and serif.|πότε_0023
 σκορπίζω αὐτάς|I scatter them (fem. pl.)|High-speed freeze-frame: priestess in flowing peplos whirls, releasing a handful of white barley seeds and tiny glowing scrolls inscribed with feminine αὐτάς symbols. Motion-blur spirals trail behind each object; sparks from a bronze brazier light them amber against dusk sky. Low sun backlights translucent linen, creating rim fire. Palette: ember orange, twilight lavender, parchment cream. Dynamic diagonal composition, 1/4000 s shutter feel, 8K clarity, subtle chromatic aberration, cinematic 16:9 aspect.|σκορπίζω_αὐτάς_0024
