ἄμα|at the same time, together|Oil painting depicting two intertwined olive trees under a golden Mediterranean sunset, their branches merging in perfect synchrony. Rich impasto technique with thick brushstrokes capturing the unity of movement. Warm ochres, burnt siennas, and deep viridian greens blend on canvas. Dramatic chiaroscuro lighting creates depth, while loose, expressive brushwork suggests the harmony of simultaneous existence. The composition centers on the trees' embrace, with visible palette knife textures adding dimensional richness.|ἄμα_0001
δώδεκα|twelve|Oil painting of twelve ancient Greek laurel wreaths arranged in a perfect circle against a tempestuous sky. Painted with traditional Renaissance techniques - layered glazes over burnt umber underpainting. Each wreath catches different light, creating a rhythmic dance of golds and deep greens. The circular composition suggests completeness, with thick impasto highlights on the laurel leaves contrasting against thin, atmospheric glazes in the background. Rich earth pigments and lead-tin yellow create luminous quality.|δώδεκα_0002
ἕκαστος|each, every|Oil painting of individual pomegranate seeds scattered on weathered marble, each rendered with meticulous detail using fine sable brushes. The composition employs dramatic side-lighting reminiscent of Caravaggio, with each seed glowing like a tiny ruby against the cool stone. Rich vermilion and cadmium reds contrast with the marble's blue-grey veins. Thick impasto technique on the fruit's translucent skin, while the background fades into atmospheric sfumato.|ἕκαστος_0003
ἐκεῖθεν|from there, thence|Oil painting of a distant Greek temple viewed through an olive grove, with strong linear perspective drawing the eye 'from there' to the horizon. Painted in the style of 19th-century landscape masters, with layered scumbles creating atmospheric haze. Warm umbers in the foreground transition to cool blues and violets in the distance. Visible brushstrokes lead the viewer's gaze along a winding path, with impasto highlights on ancient stones catching the dying light.|ἐκεῖθεν_0004
ἑώρακα αὐτήν|I have seen it (fem.)|Oil painting of an ancient Greek kore statue partially veiled in shadows, her marble face catching divine light. Painted with Renaissance glazing techniques over a verdaccio underpainting, creating lifelike flesh tones in stone. The composition emphasizes the act of seeing - dramatic spotlight from above illuminates her features while darkness claims the rest. Rich titanium white highlights contrast with raw umber shadows, while subtle viridian glazes suggest the patina of ages.|ἑώρακα_αὐτήν_0005
ἕως|until, as far as|Oil painting of the Aegean Sea stretching endlessly to the horizon, painted with horizontal brushstrokes that emphasize infinite extension. The composition uses aerial perspective with warm cerulean blues in the foreground gradually lightening to pale ultramarine at the horizon's edge. Thick impasto waves in the foreground contrast with thin, glazed distant waters. The vast expanse suggests the concept of 'until' - where sea meets sky in a luminous blend of lead white and cobalt.|ἕως_0006
ἡ προφητεία|the prophecy|Oil painting of an ancient Greek oracle's tripod cauldron atop Delphi's temple steps, smoke rising in mystical forms against a twilight sky. Painted with Symbolist techniques - thick, expressive brushwork in purples, golds, and deep viridian. The smoke swirls create abstract patterns suggesting future visions. Impasto technique builds texture on the bronze cauldron while thin glazes create an otherworldly atmosphere. Mysterious ochre light from below contrasts with the deep ultramarine heavens.|ἡ_προφητεία_0007
καταγγέλλω σοι λόγον|I proclaim / announce (the) word to you|Oil painting of an ancient Greek orator in flowing white chiton, right hand raised in declaration against the dark portal of a temple. Painted with dramatic chiaroscuro reminiscent of Rembrandt, golden light emanating from the figure's mouth as if words themselves were luminous. Thick impasto on the drapery catches light, while thin umber glazes create mysterious shadows. The composition emphasizes the moment of proclamation - warm cadmium and ochre tones against cool temple stones.|καταγγέλλω_σοι_λόγον_0008
καταρτίζω αὐτήν|I complete / equip / mend it (fem.)|Oil painting of delicate hands restoring an ancient Greek amphora with golden kintsugi-like repairs that illuminate rather than hide the breaks. Painted with meticulous detail using fine brushes and glazing techniques. The composition centers on the act of mending - warm raw sienna and burnt umber pottery against glowing cadmium yellow repairs. Thick impasto on the golden seams contrasts with smooth ceramic surfaces, while atmospheric background in greyed ultramarine suggests timeless restoration.|καταρτίζω_αὐτήν_0009
μακάριος|blessed, happy|Oil painting of an elderly Greek woman in traditional black clothing, her face radiant with inner joy as she tends a single white rose in her courtyard. Painted with the warmth of Renoir's palette - soft rose madder, Naples yellow, and warm vermilion. The composition uses golden hour lighting to create a halo effect around her silver hair. Thick, joyful brushstrokes in the flower contrast with thin, reverent glazes on her weathered hands, while visible texture suggests a life well-lived.|μακάριος_0010
ὁ ζυγός|the yoke / pair / balance|Oil painting of an ancient wooden yoke suspended in golden hour light, casting deep burgundy shadows across weathered stone. Rich impasto technique builds the rough texture of olive wood, balanced symmetrically against a muted terracotta background. Chiaroscuro emphasizes the curved form—half illuminated, half in umber darkness—symbolizing equilibrium. Subtle cadmium red glazes suggest warmth; ultramarine undertones evoke weight. Composition centered, low horizon, Rembrandt-style spotlighting. Mood contemplative, timeless.|ὁ_ζυγός_0011
οὐκέτι|no longer|Oil painting of an abandoned marble column fractured at dusk, cool Prussian-blue shadows swallowing its base while last amber rays dissolve aloft. Thick palette-knife strokes create crumbling edges; vanishing highlights of lead-tin yellow imply cessation. Negative space dominates the canvas—void where capital once stood—rendered in translucent zinc-white scumbles. Atmospheric perspective softens distant hills to a whisper of viridian. Mood elegiac, colors desaturated, echoing finality. Horizontal format, 1:2 ratio, evoking absence.|οὐκέτι_0012
παιδεύω σε|I teach / discipline you|Oil painting within a dim lyceum: an elder in earth-brown chiton leans forward, hand extended toward a youth seated on ochre ground. Candlelight carves warm titanium-white highlights across lined faces while raw umber shadows pool in robe folds. Impasto stylus on wax tablet gleams. Compositional diagonal links mentor to pupil, conveying guidance. Verdaccio underpainting lends gravity; glazed vermilion on elder’s sash signals authority. Mood solemn yet nurturing, chiaroscuro reminiscent of Caravaggio, 17th-century palette.|παιδεύω_σε_0013
παραδίδωμί σοι τι|I hand / entrust something to you|Oil painting of two hands meeting at center canvas, transferring a small bronze key glowing under focused tenebrist light. Thick lead-white highlights model knuckles; dioxazine purple shadows define recesses. Background dissolved into velvety burnt-sienna mist, keeping attention on gesture. Broken brushstrokes in ultramarine and viridian animate sleeve cuffs, suggesting motion. Square format, reminiscent of Titian close-ups. Mood reverent, saturated jewel tones symbolizing trust, varnish gleam adding depth.|παραδίδωμί_σοι_τι_0014
πειράζω πράσσειν|I try / test (to) do|Oil painting of a lone figure poised on a crumbling stone arch stretching over misty chasm. Cool cerulean morning light grazes the climber’s outstretched leg; warm sienna glazes on robe suggest effort. Impasto cliff face contrasts with soft, scumbled vapors below. Diagonal arch divides canvas, generating tension. Hues shift from earthy umbers to distant cobalt, implying risk. Palette-knife textures on rock, fine sable blending on fog. Mood suspenseful, Baroque dynamism, 4:3 vertical format.|πειράζω_πράσσειν_0015
πρωΐ|early (in the morning)|Oil painting of a coastal horizon at first light: rose-madder sun disc just breaches ultramarine sea, wet-on-wet blending creates shimmering path. Broad, buttery strokes of lead-tin yellow illuminate sparse clouds; cool viridian waves receive reflected glow. Foreground dock rendered with dry-brush impasto, dewy planks catching glints. High horizon, horizontal 2:1 ratio evokes expanse. Atmosphere serene, impasto sky contrasts smoothly blended water. Glazed titanium-white sparkles suggest crisp dawn air, alla-prima freshness.|πρωΐ_0016
σήμερον|today|Oil painting of a sun-drenched agora bustling with citizens rendered in high-chroma vermilion, cadmium yellow, and cerulean robes. Strong zenith light casts short cobalt shadows, Impressionist broken color conveys immediacy. Quick, confident brushwork freezes a fruit vendor mid-gesture, echoing ‘now.’ Warm ochre ground unifies palette; cobalt violet awning provides complementary pop. Composition slightly off-center, creating candid snapshot feel. Varnish saturation enhances present-moment vibrancy, 3:2 format, energy of modern life transposed onto classical setting.|σήμερον_0017
συναγόμεθα|we are gathered / assemble|Oil painting inside basilica nave: converging lines of marble columns draw eye toward distant altar where warm candlelight glows. Figures in varied tunics—umber, viridian, ochre—cluster, rendered with layered glazes capturing soft fabric sheen. Impasto gold thread on ceremonial banner catches light, symbolizing unity. Cool shadow masses modeled with transparent ultramarine; faces illuminated by delicate lead-white highlights. Symmetrical composition, atmospheric perspective. Mood communal, reverent, palette of burnt sienna and gold, reminiscent of Giotto frescoes transferred to canvas.|συναγόμεθα_0018
τὸ βῆμα|the step / platform / tribunal|Oil painting of a marble tribunal rostrum elevated on three weathered steps, bathed in dramatic raking light from left. Thick impasto chisel marks on stone suggest history; shadows rendered with dioxazine purple deepen recesses. Background fades into warm neutral gray, isolating platform’s authority. Compositional low viewpoint enhances monumentality. Accents of vermilion on draped toga provide color focal point. Chiaroscuro inspired by David, sharp edges convey justice. Square canvas, solemn gravitas embodied through muted earth palette save for striking red.|τὸ_βῆμα_0019
τὸ κλάσμα|the broken piece / fragment|Oil painting of a shattered terracotta amphora shard resting on dark walnut table, spotlighted against deep umber negative space. Visible broken edge painted with thick lead-white impasto catching light, symbolizing rupture. Subtle viridian and burnt-sienna glazes reveal ancient painted motif—a fading meander—implying lost wholeness. Background softly scumbled, creating void. Composition extreme close-up, 1:1 format evokes still-life intimacy. Mood contemplative, Caravaggio-style tenebrism, varnish enhancing contrast between fragment’s warm body and cool shadow, inviting reflection on incompleteness.|τὸ_κλάσμα_0020
τὸ μνημεῖον|the tomb / monument|"A weathered limestone tomb monument stands solitary on a windswept Mediterranean hillside at golden hour, its ancient Greek inscriptions barely visible after millennia of erosion. The structure features classical Doric columns supporting a cracked pediment, with wild thyme and poppies growing through its fractured marble steps. Shot from a low angle looking upward, emphasizing the monument's imposing presence against a dramatic sky where storm clouds meet breaking sunlight. The lighting creates long shadows that stretch across the overgrown path leading to the tomb, while rays of amber light pierce through the clouds, illuminating dust particles and pollen in the air. The color palette balances warm terracotta earth tones with cool gray-blue marble, punctuated by the crimson of poppies and deep green of cypress trees in the background. The atmosphere evokes melancholic reverence - a place where memory and time converge. Technical details: sharp focus on the carved inscription ""τὸ μνημεῖον"" with shallow depth of field that blurs the distant sea, textured details of weathered stone clearly visible, captured in ultra-realistic style with film-like grain, 4K resolution, subtle vignetting to draw eye to the monument's entrance where darkness suggests the threshold between life and eternity."|τὸ_μνημεῖον_0021
τὸ πτῶμα|the corpse / fallen body|A fallen warrior lies across moss-covered marble steps, bronze armor cracked like an eggshell, revealing pale skin marred by a single crimson bloom at the ribs. Dawn fog rolls through broken colonnades, turning every breath of air into silver gauze; shafts of apricot light slip between Ionic columns and graze the corpse’s closed eyelids, igniting them with a last flicker of life. Olive leaves, slick with night rain, cling to greaves and curl like green commas against the cold metal. A murder of crows perches above, wings edged in rose-gold backlight, their shadows stitching black lace across the stone. Color palette: oxidized verdigris, bruised lavender, candle-flame amber, and the wet arterial red of a single poppy tucked behind the warrior’s ear. Shot from a low, reverent angle, 35 mm lens, f/1.4, shallow depth of field so the background columns dissolve into pearlescent bokeh while rain-slick armor stays razor-sharp. Cinematic chiaroscuro, subtle volumetric fog, ultra-realistic textures on skin and metal, 8 K clarity, muted film-grain overlay, somber heroic mood—beauty in collapse, silence in defeat.|τὸ_πτῶμα_0022
τὸ φρέαρ|the well|Oil painting of an ancient stone well in a Mediterranean village square, painted with loose, expressive brushwork. The circular well mouth dominates the composition, built from weathered limestone blocks rendered with thick palette knife applications of warm ochre and cool grey. Deep ultramarine and Prussian blue suggest mysterious water depths within. Dappled sunlight filters through a gnarled olive tree, creating a mosaic of warm lights and cool shadows across the scene. Local women in traditional dress are suggested through quick, impressionistic strokes of vermillion and raw umber. The background architecture dissolves into atmospheric perspective using broken color technique. Heavy impasto on the well's rim contrasts with thin, scumbled glazes on distant walls, creating depth and age.|τὸ_φρέαρ_0023
ὥστε|so that, therefore|Oil painting abstractly representing consequence and causality, with intertwining paths of thick, gestural brushstrokes. The composition spirals outward from a central point of pure titanium white, branching into multiple trajectories of cadmium yellow, alizarin crimson, and ultramarine. Heavy impasto creates physical texture suggesting the weight of decisions. Diagonal thrusts of raw umber and burnt sienna represent the inexorable flow of cause to effect. The painting technique alternates between thick, palette-knife applications and thin, transparent glazes that allow underpainting to show through. Golden light emerges from within darker passages, suggesting revelation. The overall mood is one of philosophical contemplation, with colors transitioning from warm earth tones to cool, distant blues, visualizing the journey from action to consequence.|ὥστε_0024
