ὁ ἄγγελος|a messenger, angel|Photorealistic close-up of a luminous angel in flowing white linen robes, standing on a marble balcony at golden hour, massive feathered wings catching warm backlight, soft bokeh of ancient Greek columns behind, cinematic rim-lighting creating ethereal halo, subtle lens flare, 85mm f/1.4, ultra-sharp detail on alabaster skin and textured feathers, serene expression, Mediterranean sky gradient from amber to cerulean, high-dynamic-range, 8K clarity|ὁ_ἄγγελος_0001
ὁ ἀδελφός|a brother|Photorealistic portrait of two Greek brothers in their thirties, arms slung over each other’s shoulders, leaning against weathered limestone wall of family olive grove, late-afternoon sidelight carving warm shadows, matching sun-weathered skin and dark stubble, genuine laughter captured mid-joke, earthy color palette of olive greens and ochre, 50mm f/1.8, shallow depth of field with distant silver leaves shimmering, film-like grain, authentic emotional connection, 32-megapixel sharpness|ὁ_ἀδελφός_0002
ἀλλά|but|Photorealistic split-composition: left half shows a tranquil Aegean seascape at dawn, soft pastel sky, smooth water; right half erupts into a sudden dark storm, lightning bolt freezing the frame, waves crashing against the same rocks, dramatic contrast between calm and chaos, high shutter speed 1/8000s, deep blues versus violent grays, reflective wet surfaces, 14mm wide-angle lens, crisp droplets suspended mid-air, visceral tension, 16-bit color depth|ἀλλά_0003
ἄν|conditional particle|Photorealistic macro of an ancient bronze Greek coin spinning on rough marble slab, motion blur on edges implying uncertainty, single studio strobe with snoot creating tight spotlight, coin’s corroded surface ultra-sharp, shallow depth of field, dark moody background fading to black, symbolizing possibility versus outcome, 100mm macro lens, f/2.8, subtle dust motes illuminated, high contrast monochrome with hints of verdigris, 64-megapixel detail|ἄν_0004
ὁ ἄνθρωπος|a man, human being|Photorealistic environmental portrait of an elderly Greek fisherman on crowded Piraeus dock, late-day sun low behind masts, weathered face telling decades of stories, eyes reflecting distant horizons, salt-and-pepper beard catching golden light, background softly bokeh of colorful boats, 35mm f/1.4, natural color grading of azure sea and sun-bleached wood, slight sea spray on lens adding authenticity, respectful dignity, ultra-high-resolution skin texture|ὁ_ἄνθρωπος_0005
ἀποκρίνομαι|I answer, reply|Photorealistic indoor scene: young woman in minimalist white room leaning forward toward vintage black telephone on wooden desk, mouth slightly open mid-sentence, soft north-window light wrapping her face, dust particles floating in beam, shallow depth of field isolating intense eye contact, warm skin tones against cool neutral walls, 50mm f/1.2, cinematic teal-and-orange grade, subtle motion blur on hands conveying urgency, 14-bit RAW clarity|ἀποκρίνομαι_0006
ἡ βασιλεία|a kingdom|Photorealistic aerial dawn shot of fortified hilltop Acropolis, golden sun breaking behind marble temple, layers of mist in valleys suggesting vast realm, terracotta-roofed village spilling down slopes, ultra-sharp 200mm telephoto compression, rich gradient from rose foreground to violet sky, tiny flags fluttering on battlements, 12K drone sensor, subtle volumetric light beams, sense of enduring sovereignty, crisp shadows defining ancient stones|ἡ_βασιλεία_0007
ἡ γῆ|the earth, land|Photorealistic macro of freshly tilled Greek soil, clods crumbling to reveal rich chromatic gradient from umber to sienna, single green seedling sprouting, morning dew beads acting as tiny lenses reflecting blue sky, side-lit by low sun highlighting texture, 60mm macro at f/4, razor-thin focus plane, earthy scent almost tangible, 48-bit color, tangible terroir, grounding intimacy with the land|ἡ_γῆ_0008
γινώσκω|I know|Photorealistic extreme close-up of a scholar’s hazel eye, iris patterns illuminated like topographic map, catch-light reflecting open ancient manuscript, every striation and fleck razor-sharp, 100mm macro at f/2.8, monochrome treatment with subtle sepia tint, shallow depth isolating pupil, intelligent gaze conveying deep understanding, skin pores and eyelashes crisp, 14-bit grayscale, intellectual intensity frozen in 1/200s|γινώσκω_0009
ἡ γυνή|a woman, wife|Photorealistic portrait of a Greek woman in late-thirties, standing in doorway of whitewashed island home, late golden-hour backlight creating rim around loose braided hair, traditional linen dress catching breeze, gentle smile holding clay coffee cup, turquoise shutter and bougainvillea soft in background bokeh, 85mm f/1.4, warm skin against cool Cycladic architecture, filmic color palette, serene marital grace, 42-megapixel skin detail|ἡ_γυνή_0010
διά|through, because of|Photorealistic close-up of a sunlit marble colonnade in ancient Greece, camera positioned at ground level looking through a row of fluted columns toward a distant temple; sharp depth-of-field shows every chisel mark and grain, warm golden-hour light rakes across the stone, dust motes suspended in the air, subtle lens flare, ultra-sharp 8K detail, cinematic 35 mm perspective, slight vignette, colors of weathered cream and ochre against azure sky.|διά_0011
ἡ δόξα|glory, honor|Photorealistic golden hour tableau on a marble-clad Athenian acropolis: a lone hoplite stands atop the highest step, bronze muscle-cuirass catching the low sun so every scratch and dent glows like molten ore; crested Corinthian helmet tucked under his left arm, right hand raising a fluttering crimson cloak that catches the wind. Behind him, the Parthenon’s fluted columns radiate warm honey light, their Pentelic marble veining sharp enough to touch. Dust motes and tiny sparks of pollen hang in the air, backlit by the 35 mm anamorphic lens flare slicing horizontally across frame, f/1.4 for razor-thin depth—soldier in crisp focus, distant city haze creamy bokeh. Color palette: burnished gold, Tyrian purple, weathered bronze, ivory stone; subtle vignette darkens edges so the eye locks on the glint of his victory olive wreath. Mood: serene, resolute, timeless honor captured in a single heartbeat of light. Ultra-sharp 8K, HDR, global illumination, chromatic micro-contrast, no motion blur, hyper-real skin pores and sweat beads, cinematic yet documentary truth.|ἡ_δόξα_0012
ἐάν|if, when|Photorealistic split-scene of a narrow mountain path fork in early dawn: left fork disappearing into cool blue mist, right bathed in warm sunrise gold; single weathered milestone at center, dewdrops on stone, razor-sharp focus on grain and lichen, soft diffused back-light creating ethereal glow, high-dynamic-range capture, 50 mm lens, low horizon composition, muted palette of slate, moss, and amber suggesting uncertainty and possibility.|ἐάν_0013
ἐγώ / ἡμεῖς|I, we|Photorealistic reflection of a solitary figure in polished bronze mirror of an ancient hand-mirror, held by unseen hands; behind, a blurred group of citizens in white himations gathered under olive trees, sharp detail on mirror’s engraved handle and weathered patina, soft bokeh emphasizing isolation yet connection, gentle side lighting, 100 mm macro lens, earthy palette of bronze, linen, and leaf green, subtle skin texture and fabric weave rendered in 8K clarity.|ἐγώ_ἡμεῖς_0014
εἰ|if, whether|Photorealistic extreme close-up of two knucklebones (astragali) mid-toss above a worn wooden table, one caught in sharp focus showing every scratch and ivory grain, the other motion-blurred, candlelight flickering across surfaces, shallow depth-of-field, dark tavern background, chiaroscuro lighting, 50 mm lens at f/1.4, warm umber and deep shadow palette, tension of uncertain outcome, fine dust particles illuminated in air.|εἰ_0015
εἰς|to, toward, into; for|Photorealistic low-angle shot of a lone merchant stepping from bright street into the shadowed mouth of an ancient stone archway, intense backlight creating silhouette and rim-light on folds of his robe, sharp detail on cobblestones and weathered arch texture, cool interior blues contrasting warm exterior sunlight, leading lines draw eye inward, 24 mm wide-angle lens, high dynamic range, subtle lens flare, atmosphere of anticipation, crisp 8K detail.|εἰς_0016
εἰσέρχομαι|I go in, enter|Photorealistic interior of a dimly lit temple cella, viewer’s perspective at threshold looking in: fluted columns frame the scene, sharp focus on cracked marble floor tiles and scattered rose petals, deep perspective leading to inner sanctum where golden light spills onto cult statue, volumetric shafts of light through clerestory, 14 mm wide-angle lens, high contrast between dark entrance and radiant altar, rich palette of stone grey, ochre, and molten gold, immersive depth.|εἰσέρχομαι_0017
ἐκεῖνος|that one|Photorealistic medium shot across a sun-bleached agora: single elderly man in deep crimson himation stands isolated amid milling crowds rendered in soft bokeh, sharp detail on his weathered face, calloused hand resting on staff, late-morning light casting crisp shadow, 200 mm telephoto lens compresses space, shallow depth-of-field isolates subject, muted earth tones with vivid focal pop of red, subtle film grain, atmosphere of quiet distinction.|ἐκεῖνος_0018
ἐξέρχομαι|I come out, go out|Photorealistic reverse view from inside a shaded portico: young woman stepping out into blinding midday sunlight, motion blur on trailing hem, sharp detail on ancient stone threshold and sandaled foot, extreme contrast between dark interior and sunlit plaza, lens flare and overexposure at doorway edges, 35 mm lens, high shutter speed freezing dust motes, palette shifting from cool slate to searing white and azure, sense of liberation and momentary blindness.|ἐξέρχομαι_0019
τὸ ἔργον|a work, deed|Photorealistic macro of artisan’s weathered hands carving delicate acanthus leaves into marble slab, sharp 1:1 detail on chisel edge, stone dust particles suspended in shaft of workshop light, shallow depth-of-field isolating tool and marble, warm wood-grain workbench out of focus behind, 100 mm macro lens, earthy palette of ivory, walnut, and iron, tactile texture rendering, mood of quiet mastery, subtle skin pores and veins in 8K clarity.|τὸ_ἔργον_0020
εὑρίσκω|I find|Photorealistic macro of an archaeologist’s gloved hand lifting a gleaming gold coin from sun-baked Aegean soil at dawn, morning light raking across the ridges of the dig, dust motes suspended in warm amber rays, ultrasharp 120 mm lens, f/2.8, ISO 100, rich ochre and bronze palette, cinematic depth-of-field, serene triumph mood, 8 K clarity, subtle lens flare on the artifact’s edge.|εὑρίσκω_0021
ἤ|or, than; which|Photorealistic split-composition still-life: two ancient Greek bronze mirrors angled toward each other on a weathered marble slab, one reflecting a stormy sky, the other a clear blue dawn, soft rim lighting delineates the choice, cool vs. warm color dichotomy, 50 mm prime lens, f/4, crisp micro-contrast, mood of contemplative divergence, subtle bokeh, ultra-high resolution.|ἤ_0022
θέλω|I want, will, wish|A lone figure stands ankle-deep in a mirror-still Aegean tide at the blue hour, one hand half-raised toward the horizon where the first star of evening burns. 35 mm full-frame, f/1.4, ISO 100, 1/125 s—razor-sharp from eyelashes to infinity, creamy bokeh isolating sea-spray like suspended diamonds. Warm tungsten lantern-light spills from a weathered fishing boat behind the subject, kissing salt-damp skin and linen shirt, while the sky gradients from cobalt to rose-gold, reflecting the dual nature of desire: cool longing, warm resolve. Subtle rim-light outlines every flying droplet, creating micro-lens flares that echo starlight. Color palette: muted ultramarine, antique bronze, and a single saturated cerulean accent in the subject’s eye. Mood is hushed anticipation, breath held between heartbeat and wave. Shot at eye level, rule-of-thirds placement leaves negative space ahead, visually voicing the unspoken “θέλω.” Hyper-real 16-bit depth, no visible grain, chromatic aberration corrected, photorealistic micro-pores and wet fabric translucency intact.|θέλω_0023
ἰδού|behold! look! see!|Photorealistic freeze-frame of a sailor on a heeling trireme, mouth open in awe, eyes fixed on towering Poseidon-shaped lightning ahead, midnight storm lit by electric white-blue bolts, salt spray frozen mid-air, 24 mm wide-angle, f/5.6, high shutter 1/2000 s, dramatic chiaroscuro, saturated cobalt and silver palette, visceral wonder, hyper-real detail on wet skin and ropes.|ἰδού_0024
ἵνα|in order that, so that, that|Photorealistic perspective down a torch-lit stone corridor toward a sun-drenched olive grove visible through an archway, warm path light guiding forward, cool shadows behind, symbolic journey palette of ember orange and moss green, 35 mm lens, f/3.5, dynamic range emphasizing destination glow, purposeful hopeful mood, crisp texture on ancient blocks, 16 K resolution.|ἵνα_0025
καθώς|just as|Photorealistic side-by-side reflection in a still agora fountain: stone Doric column and its perfect mirror image, early golden hour, parallel lines emphasize exact likeness, gentle ripples about to disturb the symmetry, 100 mm macro lens, f/8, balanced exposure, muted limestone and sky blues, tranquil equivalency mood, micro-detail on fluting and moss, ultra-sharp.|καθώς_0026
κατά|down, against, according to|Photorealistic low-angle shot of a bronze helmet rolling down rough-hewn temple steps, late afternoon sun casting long dramatic shadows, each strike sparking tiny highlights, desaturated earth tones against weathered marble, 200 mm telephoto for compressed descent, f/4, motion-blur on edges, tense gravitational mood, high-contrast, 14-bit raw clarity.|κατά_0027
ὁ κύριος|a lord, master|Photorealistic half-length portrait of a bearded strategos in crimson chlamys clasping an ivory scepter, seated before a bronze shield, Rembrandt lighting from brazier left, deep umber backdrop, 85 mm lens, f/2, creamy bokeh, regal yet stoic expression, saturated reds and metallic glints, 12 K skin-texture fidelity, subtle smoke wisps adding gravitas.|ὁ_κύριος_0028
λαμβάνω|I take, receive|Photorealistic tight shot of an olive-skinned hand receiving a freshly baked barley loaf from a village elder’s outstretched hand, window light kissing flour dust into glowing motes, warm ochre and earthenware tones, 50 mm lens, f/2.2, shallow depth isolates gesture, intimate gratitude mood, crisp crumb texture, high-dynamic-range realism.|λαμβάνω_0029
ὁ λόγος|a word; an account|Photorealistic extreme macro of a reed pen resting on an open wax tablet, tiny engraved Greek letters catching side-lit morning rays, ink droplet poised to fall, cool marble desk surface reflecting indigo shadows, 100 mm macro, f/5.6, stack-focus for infinite sharpness, scholarly silence mood, monochrome hints with gold accents, 32-megapixel fidelity.|ὁ_λόγος_0030
μέγας|large, great|Photorealistic macro of a colossal marble Corinthian column rising through morning mist, shot from a low worm’s-eye view; golden-hour side-lighting rakes across fluted grooves, creating razor-sharp specular highlights and deep cobalt shadows; subtle lens flare and 8K clarity emphasize the massive scale against a pale azure sky; cool white stone contrasts with warm amber light, evoking awe and timeless grandeur; f/1.4, 50 mm, ultra-shallow DOF, hyper-detailed texture.|μέγας_0031
ἡ μεγάλη|large, great|Photorealistic aerial dusk shot of an immense ancient Greek temple complex atop a rocky acropolis; last ember-orange sunlight grazes towering limestone columns while violet twilight blankets the distant sea; long-exposure city lights shimmer below, conveying epic scale; high-dynamic-range clarity, 16 mm wide-angle, f/8, ISO 64; dramatic yet serene mood, saturated indigo and bronze palette, crisp atmospheric haze silhouetting the monumental architecture.|ἡ_μεγάλη_0032
τὸ μέγα|large, great|Photorealistic aerial view of a colossal, centuries-old banyan tree rising from an otherwise empty limestone plateau at dawn, its vast canopy stretching like a living cathedral over 150 m across; golden-pink rim light skims the horizon, back-lighting every leaf so the millions of glossy blades glow translucent jade while long cobalt shadows rake across the pale rock. Shot from 30 m altitude with an 85 mm lens on a full-frame drone camera, f/2.2, ISO 100, 1/250 s, HDR bracketed for 16-bit latitude; hyper-focal sharpness reveals individual leaf veins and the cracked mineral crust in the same breath. Subtle volumetric god-rays pierce morning mist trapped beneath the crown, drifting in silky layers that add depth and scale; a single white-throated kingfisher perched on an aerial root provides a color accent and size reference. Color palette: emeralds, warm magentas, cool ceruleans, neutral limestone whites, all rendered with micro-contrast and faithful saturation. Mood: majestic, timeless, humbling. 8 K clarity, no lens flare, chromatic aberration corrected, natural bokeh in distant cliffs, finished with a mild S-curve and neutral white balance for pristine photorealism.|τὸ_μέγα_0033
μετά|with; after|Photorealistic street scene at blue hour: a lone philosopher in dusty ochre robes walks a marble road after a rain shower, reflective puddles mirroring torch-lit columns behind; soft rim-light halos his silhouette, symbolizing ‘after’; cool cyan atmosphere warmed by amber lamp glow; 35 mm lens, f/1.8, cinematic grain, slight motion blur on water; contemplative, transitional mood, emphasizing companionship of past and present.|μετά_0034
ὁ νόμος|the law|A colossal marble statue of Lady Justice stands atop a sweeping classical courthouse staircase at twilight, her bronze scales catching the last ember-orange rays of sun that slice through low, violet storm clouds. She is rendered with forensic clarity: every fold of her flowing toga captured in 8K photorealism, the translucent alabaster surface revealing faint bluish veins and the gritty sparkle of mica. Below her, a single beam of cool LED streetlight cuts a sharp diagonal across the wet granite steps, turning rain residue into molten mercury and creating a dramatic chiaroscuro that isolates a discarded legal scroll—parchment pages fluttering like wounded doves—caught in the glow. The background fades into a shallow-depth bokeh of slate-gray pillars and hazy sodium vapor halos, evoking an atmosphere of solemn gravitas. Color palette: desaturated charcoals, bruised purples, and a single accent of arterial crimson on the scroll’s wax seal. Shot with a virtual 85 mm f/1.4 lens, ISO 100, for hyper-real micro-contrast and buttery background compression; subtle volumetric light adds cinematic haze around the scales, while path-traced reflections ground the scene in tangible reality. Mood: austere, timeless, slightly foreboding—justice poised between dusk and darkness.|ὁ_νόμος_0035
οἶδα|I know|Photorealistic shallow-DOF portrait of an aged scholar’s eye reflecting an open scroll; morning window light creates sparkling iris textures and legible miniature text in the reflection; muted earthy palette, soft creamy bokeh of cedar shelves behind; 85 mm, f/1.4, serene confidence, symbolizing inner knowledge; micro-contrast and 32-bit color depth render every eyelash and fiber of papyrus with lifelike clarity.|οἶδα_0036
ὁράω|I see, perceive|Photorealistic first-person POV looking through a bronze Greek mirror disc: sharp focus on the reflected vista of sunlit Aegean coastline; lens positioned so viewer’s ‘invisible’ face frame fills foreground with warm metal patina; polarized light saturates cobalt sea and limestone cliffs; 50 mm, f/2, subtle chromatic aberration at edges, conveying active sight; vibrant yet natural colors, inviting, perceptive mood.|ὁράω_0037
ὅτι|that, because|Photorealistic split-composition still life: on left, a broken terracotta water jar spilling liquid gold onto dark volcanic stone; on right, an intact jar glowing softly; diagonal beam of sunset light links cause and effect; 40 mm, f/4, high contrast, rich umbers and molten yellows; symbolic, narrative mood, illustrating reason and consequence with tack-sharp 12K texture and subtle volumetric rays.|ὅτι_0038
οὐδείς|no one, nothing|Photorealistic abandoned agora at civil dawn: empty plinths, fallen capitals, long indigo shadows stretching across cracked limestone; single tattered cloak caught on a column, swaying gently; cool desaturated palette, faint pink horizon; 14 mm ultra-wide, f/11, hyperfocal sharpness evokes void; still, echoing loneliness, emphasizing absence; high-dynamic-range capture, delicate morning haze enhancing the sense of ‘no one’.|οὐδείς_0039
οὐδεμία|no one, nothing|Photorealistic extreme close-up of a vacant marble throne: weathered chisel marks catch side-lit sunrise, scattering microscopic sparkles; vacant seat draped with translucent spider silk catching dewdrops; 70 mm macro, f/2.8, shallow DOF isolates emptiness; neutral cool whites and soft amber glints create quiet solemnity; crisp 8-bit depth, symbolizing the absence of authority; minimalistic, meditative mood.|οὐδεμία_0040
οὐδέν|no one, nothing|Photorealistic image of an abandoned, dimly lit concrete room with a single open door casting a narrow shaft of dusty light. The space is utterly empty—no furniture, no people—just cold, cracked walls and a floor littered with fine gray dust. Deep shadows swallow the corners, emphasizing the absolute absence. Cool desaturated palette of slate, ash, and charcoal. Shot with a 35 mm lens, f/1.8, low-key lighting, high dynamic range, ultra-sharp focus on the vacant threshold, evoking existential void.|οὐδέν_0041
ὁ οὐρανός|heaven, the sky|Photorealistic sweeping vista above the Aegean at golden hour: a crystalline cobalt dome fading to warm rose and amber near the horizon, wispy cirrus clouds streaking like divine brushstrokes. A single distant gull glides, wings rimmed by sun-flare. Ultra-wide 14 mm lens, f/11, polarizing filter for saturated blues, sun-star glints on calm sapphire sea below. High-resolution 8 K clarity, HDR, serene and transcendent mood, colors luminous yet natural, conveying boundless celestial expanse.|ὁ_οὐρανός_0042
οὕτως|in this way, thus|Photorealistic macro of an ancient marble step worn smooth by centuries of sandaled feet, caught in late-afternoon sidelight that reveals every ripple and polish. A single bronze coin rests exactly where the light meets shadow, symbolizing ‘thus.’ 50 mm macro lens, f/2.8, shallow depth of field, warm ochre and ivory tones, subtle lens flare, crisp texture detail, quiet contemplative mood, inviting viewer to witness the precise moment and method of time’s passage.|οὕτως_0043
παρά|from; with; beside|Photorealistic narrow alley of a Mediterranean village: sun-bleached stucco wall on one side, a weathered turquoise wooden shutter half-open beside a cascading bougainvillea. A lone elderly man in linen shirt leans against the wall, gaze directed past the camera, suggesting ‘beside.’ Late-day golden light rakes across textured plaster, casting elongated cobalt shadows. 35 mm lens, f/4, rich yet realistic color grading, high detail, inviting depth, conveying intimate proximity and origin.|παρά_0044
ὁ πατήρ|a father|Photorealistic indoor scene at dusk: a middle-aged father in soft cotton shirt sits at an old oak table, gently helping his small daughter with homework. Warm tungsten lamplight illuminates their faces, catching gentle smile lines and the child’s concentrated frown. 50 mm lens, f/2, shallow depth isolates subjects against softly blurred bookshelf background. Earthy browns, muted creams, subtle filmic grain, intimate and protective mood, conveying steadfast paternal presence.|ὁ_πατήρ_0045
πιστεύω|I believe, entrust|Photorealistic close-up of two hands—elderly and youthful—meeting above an open, well-worn leather-bound book on a candle-lit wooden table. Flickering flame highlights textures of skin and parchment, symbolizing trust and faith. 85 mm lens, f/1.8, shallow focus, warm amber and deep umber palette, delicate bokeh from candle sparks, high detail, serene reverent mood, evoking the quiet act of entrusting belief across generations.|πιστεύω_0046
τὸ πνεῦμα|a spirit, wind|Photorealistic, ultra-sharp 8K cinematic still: on a desolate, moon-lit shoreline at the edge of the world, an almost-transparent human silhouette—made of swirling sea-spray and silver sand—steps out of a collapsing wave, its form caught mid-stride between liquid and air. Camera positioned low, 35 mm lens, f/1.4, subject placed on the left third; long exposure (1/4 s) so the figure’s edges trail into ghostly motion streaks that merge with wind-torn mist. Backlighting: a hidden LED panel behind the wave creates an ethereal rim-light, outlining every droplet like micro-lenses, while a full moon high right provides cool, directional key light at 4100 K, casting razor shadows across wet sand. Color palette: desaturated midnight blues and steel greys, punctuated by iridescent turquoise highlights in the spray; distant clouds lit faintly violet by unseen aurora. Particles of sand and salt hang in the air, caught by a 200 mm macro slice-focus, giving tangible texture to the intangible subject. Subtle volumetric fog rolls inland, diffusing moonbeams into cathedral-like shafts. Mood: solitary, transcendent, breath-held silence before a storm. Technical: ISO 100, 14-bit RAW latitude, hyper-real clarity, no lens flare, chromatic aberration minimized, depth-of-field sharp from foreground grains to distant horizon; final print tone-mapping for delicate highlight roll-off and velvety blacks.|τὸ_πνεῦμα_0047
ἡ πόλις|a city|Photorealistic twilight aerial of historic coastal polis: white cubic houses cascade toward a harbor, fishing boats moored below, ancient temple columns silhouetted on acropolis hill. Streetlights begin to glow, blending with afterglow sky. Shot from drone at 100 m, 28 mm lens equivalent, f/5.6, long exposure trails of car lights, vibrant yet natural saturation, deep blues and warm tungsten, sharp architectural detail, lively civic heartbeat.|ἡ_πόλις_0048
πρός|to, toward; with|Photorealistic perspective on a straight marble path leading directly toward the towering columns of an unfinished ancient temple at sunrise. Low camera angle, 20 mm lens, f/11, path stones gleam with morning dew, sky shifts from rose to clear azure ahead, conveying destination and accompaniment. High detail, natural contrast, inviting depth, subtle lens vignette, mood of purposeful movement forward.|πρός_0049
τέ|and, both|Photorealistic split-level image: upper half shows bright daytime olive grove under sharp sunlight; lower half reflected in still pond shows same grove mirrored in dusk hues, linking both moments. Central horizon line perfectly sharp, 35 mm lens, f/8, balanced exposure, vibrant greens fading to muted emeralds and violets in reflection, seamless unity, symbolizing conjunction of times or elements, ultra-real clarity, harmonious mood.|τέ_0050
τὶς|someone, anyone, a certain one|Photorealistic street portrait of an anonymous figure in a misty twilight alley, half-turned away from camera, face obscured by shadow and drifting steam from a nearby vent. Cinematic 50 mm lens, shallow depth of field, sodium-orange streetlight raking across wet cobblestones, cool blue shadows, high-resolution 8 K clarity, subtle film grain, evocative sense of mystery and universality.|τὶς_0051
τὶ|someone, anyone, a certain one|Hyper-realistic subway-platform close-up: a single commuter stands motionless, reflected in polished tile walls, fluorescent tubes humming overhead. Sharp 35 mm prime lens, high contrast, desaturated palette with pricks of red from a scarf, shallow DOF isolating the figure, particles of dust lit like fireflies, capturing fleeting anonymity and urban solitude.|τὶ_0052
ἅγιος|holy|Photorealistic dawn inside a stone Byzantine chapel: golden crepuscular rays slice through incense haze, illuminating a simple wooden altar and gilded icon. Ultra-sharp 24 mm wide-angle, warm volumetric light, deep crimson textiles, marble textures resolved to minute cracks, tranquil reverent mood, 32-bit color depth, invisible tripod for pristine clarity.|ἅγιος_0053
ἡ ἁγία|holy|Ultra-detailed medium shot of an elderly nun in black habit, softly lit by a solitary candle in an ancient chapel; catch-lights in her eyes echo the flame. 85 mm f/1.4 lens, buttery bokeh of flickering gold, muted palette, shallow focus on weathered hands clutching rosary beads, serene piety, 16 K skin-pore realism, gentle vignette for timeless sanctity.|ἡ_ἁγία_0054
τὸ ἅγιον|holy|Photorealistic still-life atop rough-hewn stone: a delicate crystal ampulla filled with myrrh, cradled in folds of deep purple silk, spotlighted by a single shaft of morning sun entering a dark crypt. Macro 100 mm lens, extreme micro-detail, caustic light refractions, subtle dust motes, chiaroscuro giving tangible weight to sacredness, ultra-high dynamic range.|τὸ_ἅγιον_0055
ἀκούω|I hear, listen|Hyper-realistic capture of a young woman in headphone-lit silhouette against a neon city rooftop at blue hour; eyes closed, face serene, wind lifting hair. 50 mm f/1.2, razor-thin focus on her expression, bokeh city lights like orbiting stars, cool cyan and magenta color grade, immersive depth, 120 fps frozen motion, conveying intimate auditory connection.|ἀκούω_0056
ἡ ἁμαρτία|a sin|Photorealistic close-up of a translucent human hand reaching toward a polished silver apple resting on dark, wet marble; the fruit reflects a faint serpent-shaped shadow coiled behind it. Low-key chiaroscuro: a single overhead Fresnel spot at 3200 K grazes the skin, highlighting beads of condensation and microscopic dust motes suspended in air, while the background falls into velvety bokeh abyss. Palette of bruised garnet, obsidian, and cold titanium, with a subtle sulfuric amber rim-light creeping along the wrist veins. 85 mm f/1.4 lens, 8 K clarity, shallow depth of field, cinematic 21:9 crop, hyper-real skin pores and marble grain, faint volumetric smoke curling upward suggesting incense or temptation. Mood: ominous stillness, the instant before transgression.|ἡ_ἁμαρτία_0057
ὁ ἀνήρ|a man, husband|Candid photorealistic portrait of a middle-aged man at golden-hour wheat field, sleeves rolled, gentle smile, wedding band glinting. 85 mm f/1.4, sun-flare kissing lens, warm amber skin tones, shallow DOF with swaying wheat blurred into creamy streaks, high-resolution 12-bit color, authentic weather-worn texture, evoking steadfast quiet strength.|ὁ_ἀνήρ_0058
ἀπό|(away) from|Photorealistic dusk highway shot taken from the back seat of a departing car: rear window frame silhouettes two small children waving, outside world streaking into motion blur. 24 mm lens, sodium streetlights painting light trails, cool twilight sky fading to indigo, selective focus on tiny hands, sense of distance and departure, 1/15 s shutter, high-detail clarity on subjects.|ἀπό_0059
αὐτός|he, she, it; self; the same|Ultra-realistic mirror hallway composition: a lone figure stands centered between parallel mirrors creating infinite reflections, each iteration subtly shifting posture. 50 mm lens, even diffused gallery lighting, monochromatic wardrobe emphasizing repetition, razor-sharp focus on primary figure, softening clones, metaphor of identity and sameness, 16 K clarity, balanced symmetry.|αὐτός_0060
αὐτή|he, she, it; self; the same|Photorealistic close-up of a woman gazing into an antique mirror, her reflection perfectly matching her pose, symbolizing 'self' and 'the same'. Soft morning light from a nearby window creates gentle highlights on her skin and the mirror's worn bronze frame. Warm, muted color palette with creamy skin tones, soft beige walls, and subtle gold reflections. Depth of field draws focus to her contemplative expression and the identical reflection. Shot with 85mm lens, f/1.4 aperture for creamy bokeh, emphasizing the philosophical concept of identity and sameness.|αὐτή_0061
αὐτό|he, she, it; self; the same|Photorealistic macro shot of a single dewdrop on a dark green leaf, reflecting the surrounding world upside-down—the droplet and reflection being 'the same'. Early morning backlighting creates a luminous, jewel-like effect with tiny rainbow prisms. Rich color contrast between the deep emerald leaf and the crystalline sphere. Sharp focus on the droplet's surface tension and the mirrored image within. Technical aspects: 100mm macro lens, f/5.6 for optimal sharpness, tripod-mounted for stability, capturing the philosophical essence of self-reflection and identity.|αὐτό_0062
γάρ|for, because|Photorealistic image of an ancient Greek scholar's desk with parchment showing the word 'γάρ' beautifully calligraphed, surrounded by logical diagrams connecting ideas. Warm candlelight creates dramatic chiaroscuro, emphasizing the causal connections between documents. Rich browns of aged paper, deep ink blacks, and warm amber light. Composition shows flowing lines connecting concepts, visualizing 'because' and causality. Shot with 50mm lens, f/2.0 for selective focus on the central word, suggesting the rational connections that follow from reasons.|γάρ_0063
γίνομαι|I become, happen|Photorealistic time-lapse composite of a butterfly emerging from its chrysalis, wings unfurling in stages across the frame, embodying transformation and 'becoming'. Soft diffused morning light filters through leaves, creating ethereal backlighting. Vivid oranges and blacks of the monarch contrast with the jade green chrysalis and brown branch. Sharp focus on the partially emerged butterfly, with motion blur suggesting movement through time. Technical: Multiple exposures blended, 105mm macro lens, capturing the profound moment of metamorphosis and the process of becoming.|γίνομαι_0064
γράφω|I write|Photorealistic extreme close-up of a fountain pen nib pressing against cream-colored paper, ink flowing in a continuous line forming ancient Greek letters. Dramatic side-lighting from an antique desk lamp creates strong shadows and highlights the wet ink's gloss. Monochromatic palette of deep obsidian ink, warm paper tones, and metallic silver nib. Shallow depth of field focuses on the precise point where thought becomes written word. Captured with 60mm macro lens, f/2.8, emphasizing the intimate act of writing and creation.|γράφω_0065
δέ|and, but, now|Photorealistic split-composition image showing two contrasting scenes joined by a Greek 'δέ' symbol: left side shows a stormy sea under dark clouds, right side shows calm waters under clear sky. The conjunction appears as light reflecting on water between them. Dramatic lighting contrasts—the storm side with lightning illumination, the calm side with golden hour warmth. Deep blues and grays transition to bright aquamarines and golds. Wide-angle 24mm lens, f/8 for sharpness throughout, visualizing the transitional nature of 'but/and/now'.|δέ_0066
δίδωμι|I give|Photorealistic close-up of two cupped, weather-worn male hands forming a gentle cradle against a blurred sunrise meadow; inside the hands a soft golden liquid light—like melted honey mixed with stardust—spills outward in mid-pour, its luminous droplets freezing in mid-air, each acting as a tiny lens reflecting the scene. Low, warm back-lighting from the rising sun rim-lights the fingers and creates subtle rim reflections on the liquid, while a second fill-light from camera-left reveals fine skin texture, creases, and embedded earth. Depth of field at f/1.8 isolates the hands and glowing stream, rendering bokeh fireflies and dewy grass beyond into creamy pastel orbs of emerald and amber. Color palette: earth tones (sienna, ochre, muted green) contrasted with the molten gold highlights; overall mood is quiet, altruistic, reverent. Shot on virtual 50 mm full-frame sensor, 100 mm macro extension for intimate scale, ultra-sharp 16 K clarity, chromatic aberration minimized, no lens flare, cinematic realism.|δίδωμι_0067
δύναμαι|I can, am able|Photorealistic dynamic shot of a climber's hand gripping a challenging rock face, muscles taut, fingertips finding purchase on minimal holds, embodying human capability. Dramatic late afternoon light rakes across the granite surface, creating strong shadows that emphasize texture and strength. Rich palette of warm stone oranges, deep shadow blues, and skin tones glistening with effort. Low angle perspective emphasizes the vertical challenge. Captured with 24-70mm at 35mm, f/4 for environmental context, freeze-motion at 1/1000s, celebrating human potential and ability.|δύναμαι_0068
ἑαυτοῦ|of himself, herself, itself|Photorealistic mirror maze scene with infinite reflections of a single figure, each reflection showing a slightly different aspect of self, visualizing self-possession and reflexivity. Complex lighting setup creates depth through multiple reflections, some bright, some fading into shadow. Cool blue tones in distant reflections warm to golden hues in foreground. Precise symmetry broken by subtle human movement. Technical challenge: 50mm lens, f/5.6 for adequate depth of field, careful positioning to avoid camera reflection, capturing the philosophical concept of self-reference.|ἑαυτοῦ_0069
τὸ ἔθνος|a nation, Gentile|Photorealistic aerial view of a diverse crowd gathered in a public square, arranged naturally but forming an abstract map shape when viewed from above, representing the concept of nationhood. Late afternoon golden hour light creates long shadows and warm skin tones across varied ethnicities. Rich tapestry of clothing colors—reds, blues, greens, yellows—melding into a cohesive whole. High perspective emphasizes unity in diversity. Shot with drone at 100m altitude, 24mm equivalent lens, f/5.6 for sharpness, capturing both individual identities and collective nationhood.|τὸ_ἔθνος_0070
εἰμί|I am|Photorealistic close-up of a single human eye reflecting a sunrise over calm water, razor-sharp iris detail, warm golden-hour light raking across skin, shallow depth of field (f/1.4), subtle morning dew on lashes, tranquil yet assertive mood, earthy browns and amber tones, ultra-high-resolution 8K, cinematic 50 mm lens, soft bokeh background.|εἰμί_0071
εἷς|one|Photorealistic studio macro of one perfect water droplet balanced on the tip of a single green blade of grass, backlit by a hidden white studio strobe creating a bright halo, black velvet backdrop for contrast, crisp 1:1 magnification, tranquil minimalism, monochrome color palette with silvery highlights, 32-megapixel clarity, f/5.6 for full droplet sharpness.|εἷς_0072
μία|one|Photorealistic twilight shot of one solitary white feather resting on smooth wet sand, receding tide creating mirror-like reflections, soft pastel sky transitioning from lavender to rose, gentle rim light outlining feather barbs, serene and delicate mood, low ISO for noiseless shadows, 100 mm macro lens, slight warm white-balance offset, 2:1 aspect ratio.|μία_0073
ἕν|one|Photorealistic extreme macro of a single silver coin spinning on polished marble, frozen motion with high-speed strobe (1/8000 s), dramatic side lighting carving crisp shadows, cool metallic tones against dark graphite background, sense of timeless value, f/8 for edge-to-edge sharpness, 4K detail revealing micro-engravings, subtle motion blur on coin edge indicating movement.|ἕν_0074
ἐκ|from, out of|Photorealistic extreme macro of a single droplet of spring water sliding down the inner lip of an ancient kylix, the black-figure glaze dissolving into liquid silver as the drop exits the vessel; 50 mm prime lens at ƒ/1.2, focus stacked for razor-sharp clarity, cinematic rim-light from a low 6 p.m. sun raking across weathered terracotta, background melting into creamy ochre bokeh, micro-beads of light tracing the droplet’s trajectory like a constellation, colors muted yet true—deep sepia, sun-bleached sienna, metallic glints—evoking the moment matter separates from origin; mood contemplative, suspended in time, shot on 8-K full-frame sensor, ISO 64, shutter 1/8000 s to freeze motion, no artificial highlights, subtle chromatic aberration for authenticity.|ἐκ_0075
ἐν|in, on, at, by|Photorealistic interior of an old stone well shaft looking upward, mossy wet walls converging toward a bright circular sky, single rope dangling centrally, diffused noon light filtering down, cool aquamarines against muted grays, immersive perspective shot with 14 mm ultra-wide, slight lens flare, crisp water droplets on stones, tranquil yet enclosed mood, 16:9 vertical crop.|ἐν_0076
ἐπί|on, upon|Photorealistic low-angle shot of a lone hiker’s worn leather boot perched on a jagged mountain summit, dramatic sunrise clouds below, golden edge-light outlining boot and rock, saturated alpine glow, sense of achievement, 24 mm lens for grandeur, f/11 for infinite sharpness, high-contrast RAW processing, subtle lens vignette, rich earth tones against cobalt sky.|ἐπί_0077
ἔρχομαι|I come, go|Photorealistic motion-blur of a commuter walking through a modern glass tunnel at night, long-exposure streaks of LED ceiling lights trailing behind, chilly blue palette with orange accent from exit sign, decisive mid-stride pose sharp against blurred background (1/30 s pan), cinematic 35 mm, high ISO clarity, mood of onward journey, leading lines converging toward bright vanishing point.|ἔρχομαι_0078
ἔχω|I have, hold|Photorealistic tight macro of elderly hands cradling a tiny freshly sprouted seedling against dark loam, soft diffused greenhouse light, visible soil grains and root hairs, vibrant green contrasting weathered skin textures, shallow DOF at f/4, nurturing mood, 100 mm macro, warm color grade, 4K skin detail, gentle vignette emphasizing the held plant.|ἔχω_0079
ἡ ἡμέρα|a day|Photorealistic sweeping landscape at golden hour: rolling wheat field under radiant sun disk low on horizon, long shadows between furrows, sky graded from amber to soft cyan, lone oak tree silhouette for scale, tranquil optimism, 24 mm lens, f/16 for sun-star, polarizer enhancing sky, high-dynamic-range single exposure, subtle filmic grain, 3:2 aspect ratio.|ἡ_ἡμέρα_0080
ὁ θεός|a god, God|Photorealistic cinematic close-up of an ancient bearded deity in flowing white linen robes, seated on a marble throne against a storm-split sky, golden hour rim-lighting catching every thread and weathered pore, warm amber and cool slate-blue palette, shallow depth of field, 85 mm lens, ultra-sharp 8 K clarity, subtle volumetric rays carving through drifting dust motes, solemn majestic mood.|ὁ_θεός_0081
ἡ θεός|a goddess|Photorealistic portrait of a radiant Olympian goddess, alabaster skin and laurel-crowned auburn hair, standing in a sun-drenched temple colonnade, soft diffused backlight creating a gentle halo, ivory and gold costume with intricate embroidery, creamy bokeh, 50 mm lens, high-dynamic-range capture, delicate pastel sky shifting to rose, serene ethereal atmosphere.|ἡ_θεός_0082
Ἰησοῦς|Jesus; Joshua|Photorealistic close-up of a 1st-century Middle-Eastern man in his early thirties, sun-weathered olive skin, shoulder-length dark brown hair with natural auburn highlights, loose curls catching golden-hour light, subtle beard, warm amber eyes reflecting a quiet, compassionate strength. He stands waist-deep in the Jordan River at dawn, ripples of turquoise and rose-gold water sliding over homespun linen tunic that clings translucently, hem floating like silk. Backlit by a low sun, rim-light halos every strand of hair and droplets of water sparkle like glass beads; soft bokeh turns reeds and distant hills into an impressionist canvas of muted sages and siennas. Cinematic 85 mm lens, f/1.4, hyper-real 16-bit depth, ultra-sharp skin pores yet creamy background, color-graded for earthy authenticity with gentle teal shadows and honey highlights. Subtle volumetric god-rays pierce morning mist, evoking reverence without overt symbolism; expression is serene, gaze slightly off-camera as if listening, inviting contemplation. Mood: tranquil, hopeful, timeless.|Ἰησοῦς_0083
Ἰουδαῖος|Judean, Jewish|Photorealistic street portrait of a first-century Judean merchant, sun-weathered skin and dark curly hair, wearing striped indigo tallit, late-afternoon sidelighting carving rugged features, dusty limestone walls behind, warm ochre and deep-blue palette, 50 mm lens, crisp 8 K detail, ambient dust particles lit by backlight, authentic historic atmosphere.|Ἰουδαῖος_0084
ἡ Ἰουδαία|Judean, Jewish|Photorealistic aerial sunrise over ancient Judean hills, golden light brushing terraced olive groves and limestone villages, long shadows stretching across dusty paths, rich earth tones and soft lavender sky, drone-shot 24 mm equivalent, ultra-high resolution, cinematic color grading, tranquil reverent mood.|ἡ_Ἰουδαία_0085
τὸ Ἰουδαῖον|Judean, Jewish|Photorealistic close-up of a Judean man in his early thirties, sun-creased olive skin, deep brown eyes, wind-tangled black curls escaping a simple white linen sudra (head-wrap), shot at golden hour on a limestone ridge overlooking the Dead Sea. Camera at eye-level, 85 mm lens, f/1.8, subject framed in left third; background melts into warm honey haze, distant salt pans glinting like shards of mirror. Lighting: low sun kisses cheekbones, rim-lights stray strands of hair, subtle fill from a collapsible gold reflector to preserve shadow detail. Palette: earthy terracotta, ochre, muted indigo stripes on wool tallit draped over one shoulder, fringe threads catching wind; tiny leather tefillin box strapped to forearm, weather-softened, inked parchment visible through worn seam. Mood: quiet resolve, millennia of story in a steady gaze; shallow depth of field isolates every pore and grain of limestone dust, cinematic realism, ultra-sharp 8 K clarity, no artificial glow, no modern artifacts.|τὸ_Ἰουδαῖον_0086
καί|and, even, also|Photorealistic extreme macro of two dew-laden spider webs intersecting at dawn, sunbeams refracting into spectral highlights, razor-thin depth isolating merging silk strands, cool cerulean bokeh behind, 200 mm macro lens, 12 K clarity, tranquil connected mood.|καί_0087
ὁ κόσμος|the world; adornment|Photorealistic night orbital view of Earth’s curvature, sapphire ocean glinting with moonlight, auroras swirling over polar horizon, star-studded vacuum, 14 mm fisheye simulation, ultra-clean 16-bit color, subtle lens flare, awe-inspiring majestic mood.|ὁ_κόσμος_0088
λαλέω|I talk|Photorealistic tight shot of elderly storyteller’s weathered lips mid-speech, warm candlelight flickering across skin and silver stubble, shallow depth focusing on mouth, rich amber and shadow palette, 85 mm lens, high-speed capture freezing breath particles, intimate animated mood.|λαλέω_0089
λέγω|I say|Photorealistic extreme close-up of a single human mouth—candidly lit, 85 mm f/1.4 lens, 8 K clarity—mid-pronunciation of the ancient Greek word “λέγω.” Lips parted, tongue curved against lower teeth, a glistening thread of saliva catching the light like glass; micro-beads of moisture on skin, every pore and crease visible. Subtle cinematic rim-light (golden hour, 3 200 K key, 5 500 K edge) carves a halo around the lower lip while a soft bounce fills shadows so no detail is lost. Background melts into creamy bokeh of indistinct olive leaves, hinting at Mediterranean origin without stealing focus. Color palette: warm terracotta skin tones, deep crimson lips, cool emerald bokeh sparkles—complementary yet natural. Mood is intimate, declarative, almost suspended in time, as if the viewer is being personally addressed. Depth of field razor-thin (f/1.4), eyes completely out of frame to keep attention on the articulation; 1/500 s freeze, ISO 64 for noiseless micro-contrast. Shot on virtual full-frame sensor, slight barrel distortion for cinematic proximity; add faint film-grain overlay (6 %) for tactile realism.|λέγω_0090
ὁ μαθητής|a disciple|Photorealistic close-up of a young bearded man in rough-woven robe sitting cross-legged on weathered stone steps, dawn light slicing through olive branches to carve warm rim-light along his profile, eyes lowered in contemplation, parchment scroll half-unrolled beside him, earthy ochres and muted terracotta tones, 85 mm lens at f/1.4, shallow depth of field, subtle dust motes catching golden back-light, serene reverent mood, ultra-sharp skin pores and fabric weave, cinematic color grading.|ὁ_μαθητής_0091
μέν|on the one hand, then|Photorealistic split-composition still-life: left side a polished bronze hand mirror resting on white marble, right side a feather quill hovering mid-air, soft diffused window light from left creates gentle highlight on metal while right remains slightly cooler, balanced symmetry, muted ivory and warm bronze palette, 50 mm lens, f/5.6 for crisp details, calm contemplative mood, micro-details in texture and reflection, subtle vignette.|μέν_0092
μή|no, not|Photorealistic macro of a single black silk ribbon drifting across a stark white plaster wall, late-afternoon side-light casting razor-sharp shadow, ribbon edges catching faint iridescent sheen, high-contrast monochrome palette with deep blacks, 100 mm macro lens at f/2.8, isolating subject against negative space, somber negation mood, ultra-fine fiber detail, minimalistic yet emotionally charged.|μή_0093
ὁ|the|Photorealistic studio shot of an ancient iron sword suspended by invisible filament against velvety charcoal backdrop, single overhead spotlight creating dramatic specular highlight along blade edge, subtle smoke wisps curling upward, cold metallic greys and deep blacks, 85 mm lens, f/4 for perfect edge sharpness, authoritative definitive mood, micro-scratches and patina faithfully rendered, high-key contrast.|ὁ_0094
ἡ|the|Photorealistic portrait of an elderly woman’s graceful hand resting on worn wooden table, soft north-window light bathing scene, delicate veins and age spots in exquisite detail, warm sepia and muted rose tones, 60 mm macro lens at f/3.2, shallow focus on fingertips, gentle timeless mood, every crease and knuckle captured, analog film-like grain, tender human presence.|ἡ_0095
τό|the|Photorealistic extreme macro of a single dew-drop dangling from a midnight-blue iris petal at dawn, the droplet acting as a spherical lens that inverts and miniaturizes the ancient Greek letter “τό” etched by frost on a silver leaf behind it. Shot on a 200 mm tele-macro at f/2.8, ISO 100, focus stacked for razor-sharp clarity; bokeh melts background into cobalt velvet. Lighting: backlit by first amber sunray, glancing across the petal’s violet veins, creating a rim of molten gold and a caustic rainbow through the droplet. Mood: suspended breath, the instant before fall; color palette of iridescent indigo, amethyst, and solar copper. 8 K clarity, cinematic depth, hyper-real texture.|τό_0096
τὸ ὄνομα|a name|Photorealistic extreme macro of a single water droplet suspended in mid-air above a polished slab of black basalt. Inside the droplet, refracted micro-etched Greek letters “τὸ ὄνομα” glow in laser-white light, as if the phrase itself were a living organism. The background falls off into absolute bokeh darkness; only a razor-thin rim light—cool 6000 K LED strip grazing from camera left—outlines the droplet’s perfect sphere, revealing concentric surface waves frozen at 1/8000 s shutter. A faint, aurora-like spectrum fans out behind the letters: deep indigo at the edge shifting to electric cyan near the core, giving the name an ethereal heartbeat. 50 mm prime lens, f/1.2, ISO 64, focus-stacked for sub-millimeter clarity; 8 K resolution, no grain, chromatic aberration corrected. Mood is hushed reverence, as though the universe is whispering identity itself.|τὸ_ὄνομα_0097
ὅς|that, which, who|Photorealistic silhouetted figure on misty ridge at blue hour, back turned to camera, distant village lights twinkling below, cool indigo and amber split-tone sky, 200 mm telephoto compressing layers, f/4 for subtle moonlit rim-light, enigmatic contemplative mood, hair strands back-lit, atmospheric haze, ultra-sharp silhouette edge, storytelling ambiguity.|ὅς_0098
ἥ|that, which, who|Photorealistic medium shot of a young woman peeking through cracked wooden shutter, one eye illuminated by slender morning ray, freckles and iris texture in hyper-detail, earthy olive wall tones contrasting with soft skin, 85 mm lens at f/1.8, selective focus on eye, curious elusive mood, splintered wood grain and dust visible, intimate voyeuristic framing.|ἥ_0099
ὅ|that, which, who|Photorealistic still-life of an open bronze astrolabe on ancient map, single candle creating warm specular highlights on engraved gears, parchment fibers and ink bleed ultra-sharp, sepia browns and muted golds, 50 mm macro lens, f/5.6 for layered clarity, scholarly mysterious mood, minute oxidation and wax drips faithfully captured, atmospheric depth, timeless discovery feel.|ὅ_0100
οὐ|no, not|Photorealistic macro of a single red ink drop falling into still water, creating a perfect circular ripple that abruptly stops mid-expansion, frozen in time. Sharp 100 mm lens, f/2.8, 1/8000 s. Cool, desaturated palette with stark white backlighting and deep shadow contrast, conveying absolute negation. Ultra-crisp 8 K clarity, no motion blur, the refusal moment etched in crystal detail.|οὐ_0101
οὐκ|no, not|Photorealistic close-up of a courtroom gavel hovering millimeters above the sound block, never striking, suspended by invisible tension. Side-lit with hard tungsten light, chiaroscuro shadows carve the scene in high contrast. Deep mahogany and obsidian tones, 50 mm prime, f/1.4, ISO 100, 1/4000 s. Razor-sharp focus on the unfinished impact, the denial frozen in space.|οὐκ_0102
οὐχ|no, not|Photorealistic night shot of an empty highway stop sign, its reflective surface hit by a single oncoming headlight that never arrives, light cone halting mid-air. 35 mm lens, f/1.8, 1/500 s, ISO 200. Desaturated asphalt, cold mercury vapor ambience, crisp silhouette of the sign against a starless void. Ultra-sharp 8 K, the refusal illuminated yet unresolved.|οὐχ_0103
οὖν|then, so, therefore|Photorealistic golden-hour long-exposure of a solitary walker on a pier, footsteps glowing faintly in the planks behind, leading inevitably toward a sun that sits exactly on the horizon. 24 mm lens, f/8, 1 s, warm amber and indigo split tones. Sharp subject, slight motion blur on edges, conveying causal flow. High-dynamic-range 12-bit raw, the logical conclusion bathed in natural light.|οὖν_0104
οὗτος|this; he, she, it|Photorealistic medium shot of a single white chair centered in an abandoned concrete room, daylight slicing through a skylight to isolate it in a perfect square of light. 85 mm lens, f/2, ISO 64, 1/250 s. Neutral color grade, dust motes suspended mid-air, 8 K micro-detail on textures. The chair stands as the definitive object, every line converging to declare 'this one'.|οὗτος_0105
αὕτη|this; he, she, it|Photorealistic extreme close-up of a woman’s eye reflecting the viewer’s silhouette, catch-light forming a pinpoint star. 100 mm macro, f/2.8, 1/320 s, ISO 100. Subtle warm skin tones against cool studio backdrop, razor eyelash detail. The gaze locks as the singular 'she', photoreal 16-bit depth, every iris ridge catalogued in tactile clarity.|αὕτη_0106
τοῦτο|this; he, she, it|Photorealistic tabletop still-life: a single brass key lit by a focused desk lamp on aged oak, background falling into creamy bokeh. 50 mm lens, f/1.2, 1/200 s, low-key palette of umbers and gold. Ultra-sharp edge contrast, 8 K texture on metal patina, the definitive object declared in tangible form.|τοῦτο_0107
ὁ ὄχλος|a crowd|Photorealistic aerial dusk shot over a city square, thousands of heads forming a dense, textured sea illuminated by smartphone screens and streetlights. Shot from 100 m with 35 mm tilt-shift, f/4, 1/60 s, ISO 400. Cool cobalt sky melting into warm tungsten below, infinite detail in every face yet collective identity preserved. High-resolution drone raw, the swarm rendered as living fabric.|ὁ_ὄχλος_0108
πᾶς|all, every|Photorealistic 360° composite: a library interior where every book spine is in tack-sharp focus from nearest to farthest, achieved via focus stacking. 24 mm lens, f/5.6, 1/125 s, neutral daylight bulbs. Saturated yet natural color, infinite DOF, 200-megapixel clarity. The totality of knowledge presented in one sweeping gaze, nothing omitted.|πᾶς_0109
πᾶσα|all, every|Photorealistic super-wide shot of a vast lavender field at sunrise, every single bloom tack-sharp from foreground to horizon, captured with focus-stacked 14 mm lens, f/8, 1/250 s. Soft magenta and gold palette, high-dynamic-range 16-bit, gentle breeze frozen in micro-detail on each petal. The entire feminine expanse declared in one breathless frame.|πᾶσα_0110
πᾶν|all, every|Photorealistic aerial view of an infinite library at golden hour, towering shelves radiating outward in a perfect circle, every single book glowing with warm amber light, dust motes suspended in sunbeams, ultra-sharp 100 mm lens, f/2.8, 8 K clarity, rich browns and muted golds, serene, omnipresent stillness.|πᾶν_0111
περί|concerning, around|Photorealistic macro of a dewy spiderweb encircling a single red poppy, dawn back-lighting each droplet into tiny prisms, shallow depth isolating the bloom, cool blue bokeh beyond, 200 mm macro, f/4, crisp edges, mood of quiet encirclement, palette of cerulean and scarlet.|περί_0112
ἡ πίστις|faith, trust|Photorealistic close-up of weathered hands clasping a faintly glowing parchment, candlelight carving every line, single tear catching gold reflection, 85 mm lens, f/1.4, creamy bokeh, chiaroscuro, warm ochre and deep umber, intimate, reverent mood, ultra-detailed skin texture.|ἡ_πίστις_0113
ποιέω|I do, make|Photorealistic workshop scene: carpenter’s sweat-beaded forearm guiding a chisel through mahogany, flying curls caught in mid-air, afternoon window light slicing across sawdust, 50 mm, f/2, high shutter freeze, earthy reds and honey browns, mood of dynamic creation, tactile grain visible.|ποιέω_0114
πολύς|many, much|Photorealistic torrent of golden coins frozen mid-cascade above polished black marble, each coin tack-sharp, strobed at 1/8000 s, 200 mm telephoto, f/5.6, dramatic rim light, rich gold against mirror abyss, overwhelming abundance, hyper-real reflections.|πολύς_0115
πολλή|many, much|Photorealistic ocean of lavender stretching to horizon, wind-rippled waves caught at peak bloom, low sunset skimming tops into violet fire, 35 mm wide, f/8, panoramic clarity, cool purples melting into warm amber sky, sense of endless quantity, pollen motes glowing.|πολλή_0116
πολύ|many, much|Photorealistic extreme macro of honey pouring in silky continuous stream, thousands of micro-bubbles refracting amber light, 100 mm macro, f/2.8, 1/2000 s freeze, rich gold tonalities, dark chocolate backdrop, viscous texture palpable, mood of lavish sweetness.|πολύ_0117
σύ|you|Photorealistic tight portrait of a single eye in misty dawn light, iris catching crisp sunrise flecks, skin pores and lashes razor-sharp, 135 mm, f/1.8, cool bluish ambience, solitary introspection, shallow plane isolating the gaze, subtle catch-light.|σύ_0118
ὑμεῖς|you (plural)|Photorealistic circle of diverse faces leaning in over campfire, each expression lit by flickering orange tongues, ember sparks frozen mid-air, 24 mm, f/4, warm reds and smoky blues, collective warmth, ultra-sharp eyes across the group, narrative depth.|ὑμεῖς_0119
τίς|who? which? what? why?|Photorealistic dim corridor with single half-open door casting narrow beam, motes swirling in mysterious shaft, footprints leading into darkness, 35 mm, f/2, high contrast noir, cold desaturated palette, lingering question, crisp edge light against velvet shadows.|τίς_0120
τί|who? which? what? why?|Photorealistic extreme close-up of a human eye reflecting a ghostly montage of question marks, silhouettes, and floating symbols in its moist cornea. Soft rim light from a 45° key at f/1.4 carves a golden halo on lashes, while cool cyan ambient fill whispers across the sclera. Depth-of-field melts skin pores into buttery bokeh, emphasizing the iris’s labyrinthine texture. Moody chiaroscuro, desaturated warm skin against deep indigo backdrop, evokes curiosity and mystery. 8K, 50 mm prime, hyper-detailed, cinematic.|τί_0121
τότε|then, at that time|Photorealistic twilight street corner frozen in a fleeting moment: motion-blurred passerby mid-stride, trench-coat tails whipping, neon clock glowing 7:59 behind rain beads on glass. Wet asphalt mirrors sodium-orange and cobalt signage; low-angle streetlamp creates long, nostalgic shadows. High-dynamic-range capture, ISO 200, 35 mm lens, crisp droplets suspended like tiny crystal planets, subtle film-grain for temporal authenticity. Palette of ember, teal, and graphite conveys the fragile hinge between past and future.|τότε_0122
ὑπό|by, under|Photorealistic macro beneath a weathered Doric column: ancient marble flakes hover against a shaft of morning sunlight piercing dusty air, illuminating floating motes like golden galaxies. Camera positioned on ground plane, ultra-sharp 24 mm wide-open at f/2.8; foreground grains in focus, colossal column softly blurred above, symbolizing subordination. Color palette warm ivory, umber shadow, hints of verdigris lichen. Subtle vignette, 32-bit color depth, tactile texture of stone pores and cracks, evoking quiet gravitas.|ὑπό_0123
ὁ Χριστός|Christ|Photorealistic cinematic close-up of Jesus Christ at golden hour on a hill outside Jerusalem: a Middle-Eastern man in his early thirties, weather-creased skin, short dark-brown hair with sun-bleached tips, subtle beard, eyes reflecting a tender, knowing calm. He stands three-quarter turned, wind lifting a simple undyed linen robe; the fabric catches the low sun, revealing individual warp threads. Backlighting creates a soft rim of molten gold along his silhouette and stray hairs, while a fill-light from the left reveals fine pores and scarred knuckles. Behind him the Kidron Valley unfurls: dusty olive trees with silver-green leaves rendered in tack-sharp 85 mm f/1.4 bokeh, distant limestone walls glowing amber. Sky is a seamless gradient from pale rose to cobalt, high-dynamic-range yet natural, no lens flare artifacts. Color palette: warm earth tones, muted crimson stripe on robe hem, subtle indigo shadows. Mood: serene authority, quiet invitation. Technical: 8 K clarity, shallow depth of field, hyper-real skin texture, micro-contrast, shot on virtual ARRI Alexa, ISO 100, shutter 1/125, white balance 5500 K.|ὁ_Χριστός_0124
