Ἄνθρωπος κράζει|A person shouts|Photorealistic close-up of a middle-aged man mid-shout, mouth wide open, eyes intense with emotion, captured with an 85mm f/1.4 lens for shallow depth of field, soft bokeh background, warm golden-hour side-lighting emphasizing skin texture and facial tension, subtle rim light outlining his profile, rich earthy tones with deep shadows, cinematic composition with rule of thirds, high-resolution 8K detail showing every pore and bead of sweat, dramatic mood suggesting urgency or protest|Ἄνθρωπος_κράζει_0001
Τέκνον κράζει|A child shouts|Photorealistic portrait of a 6-year-old child with mouth open in enthusiastic shouting, bright eyes full of energy, captured with 50mm f/1.8 lens at child's eye level, soft natural window lighting creating gentle shadows, pastel-colored bedroom background slightly blurred, warm creamy skin tones with rosy cheeks, high shutter speed freezing any movement, joyful and uninhibited mood, sharp focus on facial features showing baby teeth and genuine expression, 4K resolution with film-like grain|Τέκνον_κράζει_0002
Ἀδελφὴ κράζει|A sister shouts|Photorealistic image of a young woman in her twenties shouting passionately, long hair flowing with the force of her yell, captured with 135mm lens for flattering compression, dramatic Rembrandt lighting from 45-degree angle creating strong shadows, neutral gray background for focus, wearing a simple white top, skin tones rendered with subtle warmth, high-contrast black and white treatment emphasizing emotional intensity, sharp detail in eyes and mouth, cinematic quality with subtle film grain|Ἀδελφὴ_κράζει_0003
Πετεινὸν κράζει|A bird shouts|Photorealistic macro capture of a proud rooster with beak wide open in mid-crow, captured at 1/2000s shutter speed with 600mm telephoto lens, early morning golden light creating dramatic rim lighting on feathers, rich palette of iridescent greens, blues and reds in plumage, razor-sharp focus on head and beak with soft background blur, dewdrops visible on surrounding grass, high dynamic range showing intricate feather detail, 8K resolution revealing every barb and texture|Πετεινὸν_κράζει_0004
Ἄνθρωπος κράζει.|A person shouts.|Photorealistic environmental portrait of a construction worker shouting instructions across a building site, hard hat slightly askew, captured with 24-70mm f/2.8 lens, harsh midday sun creating strong shadows and highlights, dusty atmosphere visible in sunbeams, high-visibility orange vest contrasting with blue sky, gritty industrial background with cranes and scaffolding, sweat glistening on skin, urgent gesture with raised arm, documentary-style composition, 6K resolution with natural lens flare|Ἄνθρωπος_κράζει_0005
Ὁ ἄνθρωπος κράζει.|The person shouts.|Photorealistic medium shot of a specific man in his fifties shouting, distinctive features clearly visible, captured with 70-200mm f/2.8 lens at 150mm, overcast lighting providing even illumination without harsh shadows, urban street setting with soft bokeh of passing pedestrians, wearing a worn leather jacket, weathered face showing years of experience, neutral color palette with muted tones, sharp focus on eyes conveying determination, 5K resolution with lifelike skin texture and stubble detail|Ὁ_ἄνθρωπος_κράζει_0006
Ἀδελφὴ κράζει.|A sister shouts.|Photorealistic candid shot of a young woman shouting across a crowded family gathering, genuine smile mixed with the shout, captured with 35mm f/1.4 lens, mixed indoor lighting combining warm tungsten and cool window light, shallow depth of field isolating subject from blurred relatives in background, wearing a floral dress, natural makeup with catchlight in eyes, cozy home environment with warm wood tones, documentary-style authenticity, 4K resolution with natural color grading|Ἀδελφὴ_κράζει_0007
Ἡ ἀδελφὴ κράζει.|The sister shouts.|Photorealistic portrait of a specific teenage girl shouting with frustration, braces visible on teeth, captured with 85mm f/1.8 lens at close distance, dramatic side lighting from bedroom window creating strong shadows across face, messy ponytail suggesting emotional state, wearing oversized hoodie, purple walls providing color contrast to warm skin tones, high shutter speed capturing flying spittle, authentic teenage angst mood, 6K resolution showing every detail including skin imperfections|Ἡ_ἀδελφὴ_κράζει_0008
Τέκνον κράζει.|A child shouts.|Photorealistic outdoor capture of a toddler shouting with pure joy on a playground, tiny hands clenched, captured at child's level with 50mm f/1.2 lens, backlighting creating halo effect on fine hair, golden hour warmth enhancing skin tones, soft green grass and colorful play equipment blurred in background, wearing denim overalls with grass stains, genuine baby teeth visible in open-mouthed smile, motion blur on swinging feet suggesting movement, 8K resolution with dreamlike quality|Τέκνον_κράζει_0009
Τὸ τέκνον κράζει.|The child shouts.|Photorealistic image of a specific 8-year-old boy shouting while playing soccer, determined expression with muddy cheeks, captured with 200mm f/2 lens from sideline, overcast sky providing soft even lighting, green field and other players blurred in background, wearing red team jersey with number 7, action frozen mid-stride with ball at feet, high contrast between subject and darker background, competitive spirit evident in posture, 5K resolution with sports photography sharpness and clarity|Τὸ_τέκνον_κράζει_0010
Ὁ ἄνθρωπος τύπτει καρπόν|The person hits fruit|Photorealistic close-up of a sun-weathered male hand in mid-swing striking a ripe crimson pomegranate suspended against a soft-focus Aegean-blue sky, backlit by late-afternoon golden hour light that ignites ruby arils exploding outward in sharp frozen droplets, shallow depth of field f/1.4, ultra-high-resolution 120 mm macro lens, hyper-detailed skin texture, warm Mediterranean color palette, cinematic rim-lighting, subtle dust motes in air, 8K clarity.|Ὁ_ἄνθρωπος_τύπτει_καρπόν_0011
Ὁ ἄνθρωπος τύπτει τὸν καρπόν|The person hits the fruit|Photorealistic medium shot of a barefoot fisherman on a weathered olive-wood table striking a single yellow apricot with an open palm, coastal backlight streaming through an open stone doorway creating dramatic chiaroscuro, apricot flesh bursting in vivid orange shards, 50 mm lens, f/2.8, rich earthy tones, gritty texture of aged wood and rough linen shirt, motion blur on juice droplets, high-dynamic-range realism, sun-drenched Cycladic ambience.|Ὁ_ἄνθρωπος_τύπτει_τὸν_καρπόν_0012
Ὁ ἄνθρωπος τύπτει ἀδελφήν|The person hits a sister|Photorealistic emotional tableau inside a dim clay-plastered room, soft diffused lamplight from a bronze oil lamp flickers across a young man’s anguished face as his raised hand freezes inches from his sister’s cheek, her tear-lined eye reflecting the flame, 35 mm lens, f/1.8, muted ochre and umber palette, shallow depth isolates trembling fingers, cinematic grain, palpable tension, sharp skin pores and fabric weave, Rembrandt-style side-lighting, 4K emotional realism.|Ὁ_ἄνθρωπος_τύπτει_ἀδελφήν_0013
Ὁ ἄνθρωπος τύπτει τὴν ἀδελφήν|The person hits the sister|Photorealistic high-speed capture inside a shadowed stone cottage, late-day sunbeam slicing through a cracked shutter illuminates a man’s palm striking his sister’s shoulder, dust particles exploding in the light ray, her hair flying forward, 85 mm lens, f/1.4, 1/2000 s freeze, desaturated colors with stark warm highlights, hyper-detailed linen folds and skin blemishes, dramatic contrast, visceral impact, documentary-style clarity, 8K resolution.|Ὁ_ἄνθρωπος_τύπτει_τὴν_ἀδελφήν_0014
Ὁ ἄνθρωπος τύπτει τέκνον|The person hits a child|Photorealistic side-angle shot on a cobblestone village lane, harsh midday sun casts razor shadows as a man’s hand lightly taps a small boy’s back, boy’s dusty sandals mid-stride, background whitewashed wall glowing, 24 mm lens, f/4, vibrant cobalt and white palette, ultra-sharp textures of weathered stone and cotton clothing, subtle motion blur on boy’s hair, high-contrast realism, cinematic Mediterranean atmosphere, 6K detail.|Ὁ_ἄνθρωπος_τύπτει_τέκνον_0015
Ὁ ἄνθρωπος τύπτει τὸ τέκνον|The person hits the child|Photorealistic intimate indoor scene lit by single tungsten bulb hanging from wooden beam, father’s open hand gently contacts small daughter’s upper arm inside a rustic kitchen, warm amber light pools on ochre plaster, 50 mm lens, f/2, shallow depth isolates flying strands of dark hair, rich browns and muted reds, visible pores, flour dust suspended in air, emotional realism, 8K texture fidelity.|Ὁ_ἄνθρωπος_τύπτει_τὸ_τέκνον_0016
Τὸ τέκνον κράζει|The child shouts|Photorealistic low-angle close-up of a tousled-haired boy mid-shout on windswept marble steps, late golden hour back-light wraps his silhouette, mouth wide, eyes squinting, freckles sharply defined, 135 mm lens, f/2, creamy bokeh of distant Aegean sea, saturated blues and warm skin tones, flying spittle droplets frozen, ultra-high-resolution skin texture, cinematic rim-light, 8K clarity.|Τὸ_τέκνον_κράζει_0017
Τὸ τέκνον νεύει|The child nods|Photorealistic soft morning light inside a whitewashed bedroom, young girl seated on woven rug nods solemnly, diffused sunlight from open window kisses her profile, 85 mm lens, f/1.6, pastel blues and whites, gentle shadow gradients, hyper-detailed eyelashes and linen fibers, serene mood, shallow depth, 6K texture, quiet realism.|Τὸ_τέκνον_νεύει_0018
Ἡ ἀδελφὴ τύπτει τὸν ἄρτον|The sister hits the bread|Photorealistic rustic kitchen scene, young woman in linen dress strikes crusty round barley loaf on wooden table, flour cloud exploding into shaft of window light, 50 mm lens, f/2.2, warm browns and creamy whites, ultra-sharp crumbs in mid-air, tactile crust texture, Rembrandt lighting, 8K detail.|Ἡ_ἀδελφὴ_τύπτει_τὸν_ἄρτον_0019
Ἡ ἀδελφὴ βλέπει τὸν ἄρτον|The sister sees the bread|Photorealistic eye-level shot inside dim bakery, sister’s thoughtful gaze fixed on golden loaf on rough shelf, single candlelight reflecting in her iris, 35 mm lens, f/1.4, shallow depth isolates bread and eyes, muted ochre palette, visible skin pores and crust cracks, contemplative mood, 6K cinematic realism.|Ἡ_ἀδελφὴ_βλέπει_τὸν_ἄρτον_0020
Ἡ ἀδελφὴ ἐσθίει τὸν ἄρτον|The sister eats the bread|Photorealistic close-up of a young woman in a sun-drenched ancient Greek kitchen, seated on a rough wooden stool beside an open window. She tears a crusty loaf of rustic bread, crumbs catching golden afternoon light streaming through weathered shutters. Her linen chiton drapes softly, revealing delicate collarbones; stray curls glow like burnished bronze. Shallow depth of field: sharp focus on her fingers, bread, and parted lips, background olive-wood beams softly blurred. Warm palette of ochre, toasted umber, and creamy highlights; subtle lens flare, ultra-sharp 85 mm f/1.4 clarity, cinematic 8 K detail, gentle filmic grain.|Ἡ_ἀδελφὴ_ἐσθίει_τὸν_ἄρτον_0021
