ἀνοίγω τήν|I open …|Color pencil sketch of weathered hands gently prying open an ancient wooden door, splinters and grain rendered in layered ochre and burnt umber strokes. Soft morning light filters through the crack, creating warm highlights on knuckles with cool lavender shadows. Loose, expressive pencil hatching suggests stone archway, while the door’s metal hinges gleam with white pencil highlights against textured paper. Ethereal atmosphere with dreamy, unfinished edges.|ἀνοίγω_τήν_0001
βάλλω σοι τήν|I throw / cast … to you|"A color pencil sketch depicting the abstract concept of casting something intangible. The composition focuses on a central figure in mid-motion, arm extended as if throwing a glowing, ethereal orb of light. The ""orb"" trails delicate, wispy lines and symbolic shapes—a small key, a scroll fragment, a single leaf—disintegrating into sketched particles as it arcs towards the viewer. The style is heavily textured, with visible, layered pencil strokes in complementary colors building form. The figure is rendered with loose, expressive lines, details suggested rather than defined, with emphasis on the dynamic pose. Lighting is soft and directional, coming from the glowing orb, casting subtle, sketched shadows and highlighting the textured grain of the paper. The mood is one of gentle offering, connection, and fleeting magic. The color palette is warm and luminous—ochres, burnt sienna, and gold for the light, contrasted against cool, muted blues and greys in the background and the figure's clothing. The paper is a soft cream, with faint smudges and evidence of the artistic hand, celebrating the unfinished, intimate quality of a sketch. The technical aspect emphasizes the medium: the waxiness of the pencil, the blend of strokes, and the rough, organic texture of the paper as an integral part of the image."|βάλλω_σοι_τήν_0002
διδάσκω σε|I teach you|Intimate color pencil scene of mentor and student beneath ancient olive tree, wisdom lines etched with careful graphite strokes over warm olive-green and umber washes. Teacher’s gesturing hands captured with confident, darker lines while student’s attentive posture rendered in lighter, tentative marks. Dappled sunlight creates pattern of golden-yellow and shadow-violet across parchment scrolls. Loose, impressionistic background suggests Mediterranean hillside with quick horizontal strokes.|διδάσκω_σε_0003
εἰμὶ ἐν|I am in …|Contemplative color pencil self-portrait within ancient stone doorway, figure merging with shadows through layered indigo and purple crosshatching. Warm sienna light spills across worn limestone blocks, each texture meticulously rendered with varied pencil pressure. Figure’s edges deliberately blurred where body meets architecture, creating existential mood. Negative space utilized masterfully—unfinished areas suggesting transition between being and place, with tentative white pencil highlights indicating spiritual presence.|εἰμὶ_ἐν_0004
ἐνδύω σε|I clothe you / put (garment) on you|Tender color pencil sketch of elder carefully draping traditional chiton over younger figure’s shoulders, fabric rendered in flowing cerulean and ultramarine strokes with white pencil catching light on folds. Hands—wisdom-worn and youthful—meet at shoulder with intimate detail: every line, vein, and nail captured through varied pencil pressure. Background dissolves into warm ochre wash, while garment’s hem shows quick, gestural marks suggesting movement and care.|ἐνδύω_σε_0005
ἡ ἐλαία|the olive (tree)|Majestic color pencil study of ancient olive tree, trunk twisted with age rendered in layered burnt umber and raw sienna strokes showing every groove and knot. Silver-green leaves captured through quick, impressionistic dashes with white pencil highlights suggesting Mediterranean sunlight. Roots spread across foreground with confident, dark graphite lines while background hills fade into soft violet haze. Negative space emphasizes tree’s sculptural presence, with paper texture adding organic feel.|ἡ_ἐλαία_0006
ἡ ἡμέρα|the day|Luminous color pencil landscape capturing dawn over Aegean hills, sky rendered in graduated washes from pale lemon to warm coral using layered, circular strokes. Sun disc emerges through translucent cloud layers, each wisp carefully hatched with white and cream pencil over soft peach base. Foreground shows suggestion of awakening village—rooftops indicated with quick terracotta marks. Long shadows stretch purple-blue across undulating terrain, creating dramatic sense of day’s birth with spontaneous, energetic mark-making.|ἡ_ἡμέρα_0007
ἡ θύρα|the door, gate|Atmospheric color pencil study of weathered wooden gate in ancient stone wall, planks rendered with obsessive detail: every crack and grain captured through varied pressure of burnt umber and raw sienna strokes. Iron hardware depicted with dense, dark graphite against warm wood, white pencil suggesting years of polish. Shadows pool purple-blue in doorway recess while bright Mediterranean light strikes hinges with sharp contrast. Loose, gestural stone texture provides textural counterpoint to meticulously rendered wood.|ἡ_θύρα_0008
ἡ Ἰουδαία|Judea (the region)|Expansive color pencil vista of Judean hills rolling into heat-hazed distance, rendered in layered washes of raw sienna, burnt umber, and dusty olive. Ancient terraces suggested through horizontal strokes with white pencil highlighting sun-baked stone edges. Sparse vegetation—gnarled olives and cypress—indicated with economical, confident marks. Sky graduates from intense cerulean to palest blue through circular pencil strokes, while distant Jerusalem suggested through mere suggestion of terracotta rooftops in warm haze.|ἡ_Ἰουδαία_0009
ἡ καθέδρα|the seat, chair|Stately color pencil rendering of ancient marble throne-like chair, every vein and chip meticulously captured through layered graphite and white pencil on warm cream paper. Stone’s polished surface shows reflected light in careful horizontal strokes while shadows pool dramatically beneath in dense indigo crosshatching. Carved acanthus leaves suggested through varied line weight, some areas deliberately left unfinished to show artistic process. Background fades into ethereal violet wash, emphasizing chair’s monumental presence through negative space.|ἡ_καθέδρα_0010
ἡ πέτρα|the rock|Color pencil sketch of a weathered limestone outcrop on a Mediterranean hillside, rough texture rendered with cross-hatched ochre, umber, and sienna strokes. Foreground shows fragmented shards with visible paper tooth; background sky a soft wash of pale blue pencil. Side-lit by low afternoon sun, casting sharp violet shadows into crevices; highlights picked out in white pastel pencil. Loose, gestural lines suggest dried grasses at the base, creating depth. Mood: ancient, steadfast, sun-bleached. Keep paper’s warm cream tone as negative space, edges slightly torn for vintage study look.|ἡ_πέτρα_0011
ἡ σκιά|the shadow|Color pencil sketch of a solitary, elongated human shadow cast upon a sun-warmed stone wall. The shadow is the protagonist: sharply defined yet softly textured, drawn with layers of deep indigo, charcoal grey, and cool violet pencil strokes, its edges slightly blurred to suggest a hazy, afternoon light. The figure casting the shadow is only hinted at beyond the frame, leaving the silhouette to tell the story—distorted and stretching, it suggests a person in mid-stride. The wall is rendered with a granular, concrete texture achieved through light, cross-hatched strokes in pale ochre, dusty rose, and warm grey, the paper’s tooth visibly holding the pigment. The lighting is strong, lateral sunlight, creating high contrast and leaving bright, almost white highlights on the wall’s imperfections where the shadow breaks. Mood is contemplative and subtly mysterious, focusing on the silent presence of the unseen. The overall palette is monochromatic with subtle warm undertones, emphasizing the play of light and dark. Style is authentically hand-drawn: visible pencil lines, gentle smudging in the shadow’s core, and the organic, uneven pressure of a colored pencil sketch on heavyweight, slightly textured paper.|ἡ_σκιά_0012
καθεύδω|I sleep|Color pencil sketch of a reclining youth on rumpled linen, viewed from above. Loose, flowing strokes of muted lavender, sage, and warm peach describe drapery; figure’s profile softened with gentle circular shading. Closed eyelids emphasized by delicate burnt-sienna curves. Window light rendered with diagonal cream and pale yellow hatching across sheets, creating quiet noon hush. Background fades into raw paper, giving dreamlike incompleteness. Mood: tranquil, vulnerable, timeless. Visible pencil crumbs and smudges enhance handmade intimacy; keep outlines sketchy to suggest breathing stillness.|καθεύδω_0013
ὁ διδάσκαλος|the teacher|Color pencil sketch of an elder scribe seated on stone bench, half-length portrait. Beard rendered with intertwining sepia and grey strokes; eyes focused, highlighted with pinpoint white pastel. One hand lifts a wax tablet, graphite under-sketch showing faint grid lines. Background olive wall loosely cross-hatched, letting paper grain evoke stucco. Warm terracotta light from right; cool bluish reflected fill on left, modeling wise gravitas. Mood: patient, reverent. Leave margins raw, a few pigment shavings visible, underscoring scholarly craft.|ὁ_διδάσκαλος_0014
ὁ καπνός|the smoke|Color pencil sketch of wispy smoke rising from a clay brazier, edges curling upward in delicate loops. Layered strokes of cool grey, lavender, and faint turquoise overlap, gradually lightening to bare paper. Ember glow below rendered with quick radial scratches of crimson and ochre, paper texture sparkling like ash. Dark indigo background applied with broad vertical hatching to accentuate translucency. Mood: ephemeral, twilight. Keep lines gestural, some erased relicts visible, conveying movement and impermanence.|ὁ_καπνός_0015
ὁ λαός|the people|Color pencil crowd study: overlapping heads and shoulders recede in loose, staggered rows. Varied skin tones—sienna, olive, umber—applied with short curved hatches; clothing hinted through patches of indigo, rust, and faded teal. No single face fully resolved, creating collective energy. Overhead midday sun leaves paper highlights on crowns; shadows beneath brims drawn with cross-hatched violet. Composition slightly elevated, diagonal perspective adds dynamism. Mood: communal, bustling, democratic. Visible construction lines and erased gestures keep sketch spontaneous.|ὁ_λαός_0016
πάντοτε|always|Color pencil sketch of an endless olive grove row vanishing toward horizon. Rolling strokes of grey-green and sage layers create rhythmic tree trunks; foliage suggested with circular scribbles in pale turquoise and yellow ochre. Perspective lines lightly scored with graphite ruler, then partially erased for softness. Early dawn sky a graded wash of blush pink to warm cream, leaving paper highlights for stars. Mood: eternal, quiet continuity. Sparse foreground detail, increasing density toward distance, reinforcing timeless passage.|πάντοτε_0017
τὸ δεῖπνον|the (evening) meal, dinner|Color pencil sketch of a low wooden table set for twilight supper: rough bread, ceramic bowl of olives, and a copper kylix. Warm sienna and burnt umber hatching on table planks; shadows pooled in deep indigo. Single flickering oil lamp casts radial ochre glow, highlights picked out with white pastel. Background room loosely indicated by vertical mauve strokes, merging into dusk. Composition centers on circular plate, inviting viewer. Mood: intimate, hospitable, serene. Visible paper fibers and uneven pigment build rustic texture.|τὸ_δεῖπνον_0018
τὸ δηνάριον|the denarius (silver coin)|Color pencil macro sketch of a silver denarius lying on weathered parchment. Coin rendered with fine circular strokes of graphite and subtle blue-grey, leaving paper speckles to mimic metallic sheen. Emperor profile emphasized via sharp contour line, hair curls hatched in darker lead. Side light from left creates crisp white highlight rim; shadow beneath drawn with layered indigo and sepia, showing parchment wrinkles. Background softly out-of-focus, warm ochre hatches suggesting ancient scroll. Mood: tangible history. Keep edges vignetted, eraser lifts for sparkle.|τὸ_δηνάριον_0019
τὸ ἔργον|the work, deed|Color pencil sketch of calloused hands planing cedar wood: dominant diagonal composition. Skin tones built with cross-hatched raw umber, sienna, and muted rose; wood grain rendered via parallel ochre and chestnut strokes, following tool direction. Shavings curl upward, drawn with light, gestural loops leaving paper highlights for crisp edges. Overhead workshop lamp casts cool bluish highlights on metal blade; shadows filled with indigo cross-hatch. Mood: diligent, reverent craft. Visible pencil guidelines and smudges celebrate process over perfection.|τὸ_ἔργον_0020
τὸ μέτρον|the measure|Color pencil sketch of an ancient bronze balance scale suspended in soft morning light, delicate cross-hatching shading the worn metal pans, a single feather resting on one side, precise graphite guidelines visible beneath layers of burnt umber and raw sienna strokes, subtle violet shadows pooling beneath the base, warm cream paper showing through to create luminous highlights, composition centered with rule-of-thirds placement, gentle atmospheric perspective suggesting depth, loose gestural marks contrasting with tight detailed rendering of the measuring mechanism, overall mood contemplative and serene|τὸ_μέτρον_0021
τὸ πρόσωπον|the face, person|Color pencil portrait study showing three-quarter view of an elderly face, layered ochre and sanguine strokes building warm skin tones, visible construction lines in non-photo blue beneath cross-contoured shading, white chalk highlights on cheekbones and brow ridge, emotional weight conveyed through heavy horizontal hatching around eyes, complementary purple shadows in eye sockets and beneath nose, paper texture creating organic skin pore effect, loose energetic marks around edges dissolving into raw paper, intimate mood with soft diffused lighting from upper left, technical approach blending classical academic drawing with contemporary expressive mark-making|τὸ_πρόσωπον_0022
τὸ σημεῖον|the sign, miracle|"A close-up, intimate color pencil sketch of a mysterious and awe-inspiring sign. The central focus is a single, weathered hand, palm upturned, cradling a softly glowing, intricate symbol that seems to hover just above the skin. The symbol is a complex, geometric pattern of light, reminiscent of ancient sacred geometry, drawn with sharp, precise lines of luminous gold and silver pencil, contrasting with the organic textures around it. The hand is rendered with meticulous, visible cross-hatching and blending, showing details like creases in the palm, faint scars, and dirt under the fingernails, all in muted earth tones—burnt sienna, ochre, and slate gray.

The background is a faded, textured parchment, suggesting an ancient scroll, with faint, half-erased diagrams and unreadable script lightly sketched in the margins. The lighting is soft and directional, as if from a low candle, casting deep, soft shadows that make the glowing sign appear as the only source of light in the scene, illuminating the hand from below. The overall mood is one of quiet revelation, profound mystery, and hushed reverence. The texture of the paper should be subtly visible beneath the pencil strokes, with the characteristic grain and slight smudges of a hand-drawn sketch, emphasizing the tactile, human-made artistry of the medium. The glow of the sign should feel ethereal and impossible, a stark, miraculous contrast to the tangible, physical reality of the sketched hand and parchment."|τὸ_σημεῖον_0023
τὸ συνέδριον|the council, Sanhedrin|Color pencil architectural study of ancient semicircular stone seating, rows of empty thrones receding in perspective, warm sienna and burnt umber layers building weathered marble textures, precise two-point perspective construction lines visible beneath color layers, dramatic raking light from left creating strong shadows between seats, distant figures suggested through minimal vertical strokes in indigo and violet, foreground shows detailed carving on armrests with white chalk highlights, atmospheric perspective created through progressively lighter pressure and cooler tones, composition emphasizes monumental scale and collective authority, technique balances accurate architectural drafting with expressive gestural marks suggesting human presence|τὸ_συνέδριον_0024
