Ἐγὼ νεύω.|I nod.|Photorealistic close-up of a bearded ancient Greek man in warm side-lighting, subtle downward tilt of head, eyes half-lidded in calm assent, olive skin with faint stubble, white linen chiton collar visible, soft bokeh of marble columns behind, golden hour sun casting soft amber on cheekbones, 85 mm lens f/1.4, shallow depth, serene muted earth tones, slight film grain for timelessness, captured at decisive micro-gesture peak.|Ἐγὼ_νεύω_0001
Σὺ νεύεις.|You nod.|Photorealistic POV shot: viewer looks up at a young Greek woman nodding affirmatively, curly black hair backlit by blazing sky, gentle smile, white peplos shoulder clasp glinting, sun-flares halo around her head, 50 mm lens f/2, handheld intimacy, high-contrast midday blues and whites, subtle motion blur at hair edges, cinematic realism, inviting mood.|Σὺ_νεύεις_0002
Ἐγὼ κράζω.|I shout.|Photorealistic mid-shot of muscular Greek soldier in crimson chiton, mouth wide open mid-roar, neck tendons strained, dust swirling at sandaled feet, low afternoon sun carving deep shadows across face, 135 mm lens f/2.8, high shutter 1/2000 freezing spittle, desaturated war palette, dramatic rim-light on helmet crest, gritty texture, visceral energy.|Ἐγὼ_κράζω_0003
Σὺ κράζεις.|You shout.|Photorealistic frontal portrait of anguished woman on agora steps, mouth open in silent scream, wind whipping dark hair, ochre stole slipping off shoulder, background crowd blurred, overcast sky giving softbox lighting, 85 mm lens f/1.8, cool desaturated tones, sharp iris detail, emotional peak frozen, documentary style.|Σὺ_κράζεις_0004
Σὺ κράζεις.|You shout.|Photorealistic low-angle shot of barefoot boy atop limestone wall, arms flung wide shouting toward Aegean sea, midday sun blasting highlights on white-washed houses behind, vibrant cobalt and turquoise palette, 24 mm lens f/5.6, polarizer deepening sky, crisp shadows, exuberant motion, holiday realism.|Σὺ_κράζεις_0005
Ἐγὼ ἐσθίω.|I eat.|Photorealistic macro of weathered male hand tearing honey-glazed flatbread, sesame seeds falling, glistening olive oil on fingertips, shallow depth 100 mm macro f/2.8, warm tavern lamplight, rustic wooden table surface in soft blur, rich amber and brown tones, subtle steam wisps, tactile still-life realism, inviting comfort.|Ἐγὼ_ἐσθίω_0006
Σὺ ἐσθίεις.|You eat.|Photorealistic side-profile of elderly Greek woman biting into ripe fig, juice catching side-light like liquid gold, deep wrinkles highlighted, black headscarf absorbing shadow, background orchard softly bokeh, 85 mm lens f/1.6, late-summer palette of purples and greens, serene satisfaction, lifelike texture.|Σὺ_ἐσθίεις_0007
Ἐγὼ τύπτω τὸν δοῦλον|I hit the slave|Photorealistic frozen moment: bronze-muscled arm mid-swing, leather strap blur, cowering male slave in torn tunic flinching, dust motes in shaft of courtyard sun, sharp shadows on stone floor, 70-200 mm at 1/1000 s, muted earthy palette, brutal tension, crisp detail on clenched knuckles, moral weight in every pore.|Ἐγὼ_τύπτω_τὸν_δοῦλον_0008
Ὁ δοῦλος τύπτει με|The slave hits me|Photorealistic, cinematic close-up inside a dim Roman atrium: a sun-scorched marble floor fills the foreground, its veins catching a shaft of late-afternoon golden light that slices through an open oculus overhead, scattering dust motes like powdered gold. Center-left stands a young enslaved man, bare-chested, muscled torso slick with sweat, linen loincloth knotted at his hip; his right arm, tendons taut, is mid-swing, a thin leather strap arcing toward the viewer. Motion blur on the strap’s tip conveys imminent impact. Opposite him, the viewer’s perspective—shot from chest height, 35 mm lens, shallow DOF—catches the instant before the blow lands on the viewer’s unseen cheek, cheek flushed, a bead of blood at the corner of the lip already glistening. Behind, a faded crimson wall, cracked fresco of Mars peeling, and the soft bokeh of a bronze oil lamp flickering amber. Palette: warm siennas, bruised purples, metallic highlights on copper vessels, skin tones hyper-real with subsurface scattering. Mood: tense, claustrophobic, historical authenticity—grit under fingernails, sweat beads sharp. Ultra-sharp 8 K clarity, HDR, subtle film grain, shutter 1/1000 to freeze motion, f/1.4, ISO 200, color-graded for desaturated earth tones punctuated by arterial red.|Ὁ_δοῦλος_τύπτει_με_0009
Ἐγὼ ἄγω τὴν ἀδελφήν|I lead the sister|Photorealistic, golden-hour scene on a dusty footpath through an ancient olive grove: a tall woman in her late twenties—wind-tousled auburn hair, white linen chiton hitched at the shoulder with a bronze fibula—walks barefoot, her right hand gently clasping the wrist of a younger girl in a pale sky-blue peplos who follows half a step behind. Both faces catch the low, honeyed sun from camera-left; rim-light halos their hair and picks out floating dust motes. Depth-of-field: f/1.8, 85 mm full-frame, subject tack-sharp at 3 m, background olive trunks and distant sea melting into creamy bokeh. Color palette: warm ochres, desaturated greens, subtle violet shadows; sky a gradient from peach to cobalt. Mood: quiet guardianship, timeless Mediterranean serenity. Composition: rule-of-thirds, sisters placed right-of-center, path leading diagonally toward a sliver of turquoise horizon; low angle (knee height) to emphasize the leader’s forward stride. Technical: ultra-sharp 8 K clarity, visible fabric weave, pores and sun-freckles, chromatic aberration minimized, high dynamic range retaining highlight detail in the white cloth and shadow texture in the folds.|Ἐγὼ_ἄγω_τὴν_ἀδελφήν_0010
Ἡ ἀδελφὴ ἄγει με|The sister leads me|Photorealistic, cinematic shot of a young woman in her late-20s—olive skin, wind-tossed black hair, flowing white linen dress—walking barefoot along a narrow, sun-bleached Cycladic footpath, leading a 7-year-old boy by the hand; she glances back, eyes soft and protective, golden hour light skimming the Aegean behind them, lens flares dancing off marble dust. Camera at waist height, 35 mm prime, f/1.4, shallow depth: sharp focus on their interlaced fingers and wind-whipped hems, background cliffs and cubed white villages dissolving into creamy bokeh. Palette: warm ivory, cerulean, sun-gold, subtle magenta shadows; high-dynamic-range capture, ultra-fine skin pores, faint sunburn on child’s cheeks, flying grains of earth caught in backlight. Mood: tender, mythic, timeless; distant chapel bell echo implied through empty path. Technical: 8 K clarity, chromatic aberration minimized, slight anamorphic stretch for epic width, no filters, no text, no logo.|Ἡ_ἀδελφὴ_ἄγει_με_0011
Ἐγὼ κρύπτω τὸ τέκνον|I hide the child|Photorealistic close-up inside a dim alcove of an ancient courtyard: a strong male hand pulls a small terrified child behind a heavy rough-hewn drapery. Single candlelight from the left creates chiaroscuro, highlighting dust motes and the child’s wide brown eyes. Tension is visible in clenched fingers and the fabric’s coarse weave. Color palette of earthy browns and deep umbers, captured with 35 mm lens, high dynamic range, crisp micro-detail on skin pores and cloth fibers, cinematic realism.|Ἐγὼ_κρύπτω_τὸ_τέκνον_0012
Τὸ τέκνον κρύπτει με|The child hides me|Photorealistic, late-afternoon golden-hour scene: inside a dusty, sun-washed attic of an old Mediterranean house, wooden beams and rafters visible. A small barefoot child, 5–6 years old, olive skin, tousled dark curls, wearing a slightly oversized white linen shirt, crouches behind an antique wooden trunk; only wide, mischievous hazel eyes peek over the lid, catchlight sparkling. Clutched against the child’s chest and half-hidden by shadows is a weather-worn, life-sized ventriloquist dummy of an adult—its cracked porcelain face, glass eyes, and worn velvet suit partly visible—creating the uncanny impression that the child is literally concealing “me,” the viewer or the dummy-self. Dust motes drift in diagonal shafts of amber light streaming through a small round window, backlighting the child’s hair into a glowing halo while leaving the dummy’s face in cool, soft shadow for contrast. Color palette: warm ochres, muted siennas, deep browns, and cool slate blues; hyper-real textures in wood grain, fabric fibers, and skin pores. Shot on virtual 50 mm lens, f/1.8, shallow depth of field: tack-sharp focus on the child’s eyes and the dummy’s cracked cheek, foreground and background falling into creamy bokeh; subtle volumetric light, high dynamic range, 8 K clarity, cinematic realism, quiet suspenseful mood.|Τὸ_τέκνον_κρύπτει_με_0013
Σὺ βλέπεις τὸν δοῦλον|You see the slave|Photorealistic first-person perspective: foreground fingertips faintly frame the shot as you gaze across a bustling agora toward a weary male slave carrying a bronze water vessel. Late-afternoon sun backlights his muscled silhouette, sweat glistening on dusty skin. Background merchants blur into warm marble whites and deep sky blues. 35 mm lens, high shutter speed freezes flying dust, razor-sharp subject with gradual bokeh, true-to-life color grading, subtle chromatic aberration for authenticity.|Σὺ_βλέπεις_τὸν_δοῦλον_0014
Ὁ δοῦλος βλέπει σε|The slave sees you|Photorealistic reverse shot: the slave’s weathered face fills the frame, eyes locking with the viewer, mixture of caution and curiosity. Soft diffused morning light bounces off white limestone walls, filling wrinkles and scars with delicate detail. Behind, out-of-focus market stalls hint at olives and woven baskets. 85 mm portrait lens, f/1.2, creamy background separation, 8 K resolution, natural chroma, cinematic teal-and-ochre palette.|Ὁ_δοῦλος_βλέπει_σε_0015
Σὺ ἄγεις τὴν ἀδελφήν|You lead the sister|Photorealistic golden-hour scene on a narrow Cycladic island footpath: a tall, barefoot young woman in a flowing white linen dress leads her smaller sister—same wind-tousled dark hair, dust on her calves—by the hand. The elder’s back is to camera, dress catching the warm 35 mm sun, hem translucent against the light; the little sister looks up at her, eyes sparkling, mouth open in mid-laugh. Path cuts between whitewashed cube houses, blue shutters ajar; fuchsia bougainvillea spills over a wall, petals sharp in 50 mm f/1.4 shallow depth, background melting into creamy bokeh. Far below, the Aegean glitters like shattered glass; a single fishing boat trails a silver wake. Low sun backlights the pair, rim-lighting hair and cotton, long shadows stretching forward; color palette: sun-bleached whites, cobalt accents, warm amber skin tones, subtle magenta flower highlights. Hyper-real 8 K clarity, cinematic 21:9 aspect, no filters, natural filmic grain, shot from waist height on virtual ARRI Alexa at ISO 100 for zero noise, capturing every pore, every dust mote suspended in honeyed air—an intimate, hopeful, timeless moment of guidance and love.|Σὺ_ἄγεις_τὴν_ἀδελφήν_0016
Ἡ ἀδελφὴ ἄγει σε|The sister leads you|Golden-hour, photorealistic shot: a narrow, stone-walled alley in old Thessaloniki, late afternoon sun slicing through laundry lines, dust motes sparkling. In the foreground, a 7-year-old girl in a simple linen dress, barefoot, turns back to camera, hand outstretched toward the viewer; her dark curls rim-lit, eyes reflecting warm amber light. Behind her, the alley recedes into cobalt shadows where a Byzantine church dome peeks out. Shallow depth of field: her face and hand tack-sharp at f/1.4, background creamy bokeh; 50 mm full-frame lens, ISO 100, 1/400 s. Color palette: sun-bleached ochre walls, cerulean sky fragments, sienna tiles, the girl’s dress a faded ivory. Cinematic contrast, subtle lens flare, high dynamic range retaining detail in highlights and deep shadows. Mood: intimate trust, quiet adventure, the hush before twilight.|Ἡ_ἀδελφὴ_ἄγει_σε_0017
Σὺ κρύπτεις τὸ τέκνον|You hide the child|Photorealistic medium shot at dusk inside a candle-lit library: you crouch, wrapping a frightened child in a thick wool cloak, scroll racks towering behind. Flickering flames highlight anxious eyes and embossed leather volumes. Warm amber and deep shadow dominate; 50 mm lens, high ISO noise for period realism, sharp facial detail, gentle roll-off into darkness.|Σὺ_κρύπτεις_τὸ_τέκνον_0018
Τὸ τέκνον κρύπτει σε|The child hides you|Photorealistic playful scene beneath a bright blue sky: a small child pulls you down behind a low white-washed garden wall dotted with blooming rosemary. Sunlight saturates greens and purples; shallow depth isolates the child’s mischievous grin and your surprised eyes peeking over rough plaster. 85 mm lens, polarized sky, micro-detail on herb leaves, lifelike skin luminosity.|Τὸ_τέκνον_κρύπτει_σε_0019
Ὁ δοῦλος ἄγει τὸ τέκνον πρὸς τὸν ἄνθρωπον|The slave leads the child to the person|Photorealistic three-quarter shot on a marble quay at golden hour: a shackled but gentle slave guides a small child toward a robed figure waiting in soft backlight. Rippling seawater reflects warm oranges and purples; distant trireme masts punctuate a hazy horizon. 50 mm lens, high dynamic range captures subtle iron texture on cuffs, fluttering garments, and glowing skin, cinematic color grade, ultra-real clarity.|Ὁ_δοῦλος_ἄγει_τὸ_τέκνον_πρὸς_τ_0020
Ὁ δοῦλος ἄγει τὸ τέκνον πρὸς τὴν ἀδελφήν|The slave leads the child to the sister|Photorealistic scene set in a sun-drenched ancient Greek courtyard at golden hour. A weathered male slave in a simple earth-toned tunic gently guides a small barefoot child by the hand across worn limestone flagstones toward a young woman waiting in a shaded portico. Warm amber light filters through olive branches, casting dappled shadows and rim-lighting the figures. The slave’s expression is stoic yet tender; the child’s chiton is pale linen, catching the light. Background: white-plastered walls, a terracotta amphora, distant blue Aegean sea. Shot on a 50 mm lens, f/1.8, ultra-sharp focus on the clasped hands, shallow depth of field, cinematic color grading, subtle film grain, 8 K clarity.|Ὁ_δοῦλος_ἄγει_τὸ_τέκνον_πρὸς_τ_0021
Ἡ ἀδελφὴ πέμπει τὸν δοῦλον πρὸς τὸν ἄνθρωπον|The sister sends the slave to the person|Golden-hour light slants through the colonnade of a 5th-century-BCE Athenian courtyard: fluted marble columns glow honey-amber, their shadows slicing a geometric grid across the pale limestone floor. In the left foreground a young woman—himátion of Tyrian purple draped over a pleated linen chitôn, hair coiled in a classic krobylos—leans forward from the shaded portico, right hand extended, fingers mid-gesture as she dispatches the slave. Her almond eyes catch a pinpoint of sun, sparkling determination mixed with quiet sorrow. Center-middle distance, a barefoot male slave—bronzed skin lacquered with a faint sheen of sweat, short rough exomis belted at the waist—steps into the blazing light, left foot lifting on the first shallow stair that leads to the street beyond. A rolled wax tablet tucked beneath his arm and a simple leather pouch slapping against his thigh imply the importance of the errand. Behind him the courtyard opens to a sun-bleached alley receding into dusty atmospheric haze, suggesting the wider city and the unknown “person” awaiting the message. Shot with a virtual 50 mm full-frame lens at ƒ/1.8, subject isolation crisp, background bokeh creamy; white balance skewed warm to accentuate marble golds and the ochre earth. Ultra-sharp 8-K photorealism, micro-details in fabric weave and stone grain visible; subtle chromatic aberration on backlit edges for cinematic authenticity. Mood: anticipatory, the weight of unspoken words suspended in vibrating summer air.|Ἡ_ἀδελφὴ_πέμπει_τὸν_δοῦλον_πρὸ_0022
Ἡ ἀδελφὴ πέμπει τὸν δοῦλον πρὸς τὸ τέκνον|The sister sends the slave to the child|Photorealistic late-afternoon scene on a shaded villa terrace overlooking olive groves. A serene young woman in a soft rose chiton kneels, placing a gentle hand on a loyal slave’s shoulder while pointing toward a solitary toddler playing with clay toys near a low stone wall. Warm backlighting from the setting sun creates a glowing halo around her braided hair and translucent fabric. The slave’s profile is etched in warm sidelight; distant hills are hazy indigo. Captured on 85 mm lens, f/2.2, creamy bokeh isolating the trio, ultra-fine skin texture, subtle lens flare, accurate ancient costume stitching, 32-bit color depth, lifelike atmospheric perspective.|Ἡ_ἀδελφὴ_πέμπει_τὸν_δοῦλον_πρὸ_0023
