ἅμαρτάνω εἰς σέ|I sin against you|Art Deco stained-glass triptych, central panel a black-gold figure kneeling on chevron marble steps, arms flung back in geometric contrition; flanking sunburst panes radiate stepped chrome rays, scarlet zig-zag lightning splitting ivory sky. Gilded foil halo fractures into repeating triangles, low raking light casts sharp Deco shadows, palette of onyx, metallic gold, blood-orange, and alabaster. High-detail vector lines, 8K clarity, subtle brass bevels, solemn penitential mood.|ἅμαρτάνω_εἰς_σέ_0001
εὐχαριστεῖ σοι|he/she gives thanks to you|Towering Art Deco cathedral mural, stylized figure raising symmetric wheat sheaves forming fan patterns; background sunrise built from concentric semicircles in rose-gold foil, chrome linework. Spotlight from upper left creates dramatic chiaroscuro, gilded tessellated floor reflects gratitude. Palette: warm champagne, turquoise, jade, and bronze; glossy lacquer finish, precise engraving texture, triumphant yet reverent atmosphere.|εὐχαριστεῖ_σοι_0002
ἡ αἰτία|the cause / reason / charge|Monumental Art Deco bas-relief plaque, central polished onyx disc embossed with radiating lightning bolts converging on an electrum point; fluted chrome pillars frame the scene. Illuminated by narrow axial spotlight producing stark shadows, color scheme of obsidian, platinum, and vermilion accents. Sharp stepped geometry, mirror gloss surfaces, air of solemn determination, ultra-sharp focus, minimal negative space.|ἡ_αἰτία_0003
ἡ ἀνάστασις|the resurrection|Grand Art Deco fresco, ascending phoenix rendered in angular gold and crimson tessellations, wings unfolding into repeating fan motifs. Background dawn sky of concentric salmon-pink arcs edged with chrome. Uplighting from below casts luminous halo, palette includes ivory, sun-yellow, and metallic graphite. Sleek lacquer sheen, precise linear engraving, triumphant vertical composition, 8K resolution, uplifting yet majestic mood.|ἡ_ἀνάστασις_0004
ἡ βροντή|the thunder|Sleek Art Deco poster, jagged platinum lightning bolt zig-zagging across midnight-blue enamel field, framed by stepped chrome chevrons. Low side light emphasizes embossed facets, palette of gunmetal, electric cyan, and matte black. High contrast, mirror gloss highlights, dynamic diagonal composition evoking power and speed, ultra-crisp vector edges, dramatic nocturnal atmosphere.|ἡ_βροντή_0005
ἡ διαθήκη|the covenant / testament|Elegant Art Deco altar screen, twin black-marble tablets engraved with gold leaf geometric script, topped by radiating sun disk in polished brass. Symmetrical peacock-feather fans form backdrop, lit by centered spotlight creating velvet shadows. Palette: obsidian, antique gold, lapis, and ivory; high-gloss lacquer finish, precise bevel cuts, solemn yet hopeful ambience, 8K clarity.|ἡ_διαθήκη_0006
ἡ κτίσις|the creation / creature|Lustrous Art Deco medallion, spiral galaxy rendered as stepped concentric circles in platinum and teal enamel, encircled by stylized flora-fauna silhouettes in chrome. Soft axial light produces satin reflections, palette of moon-silver, jade, and ebony. Ultra-smooth gradients, sharp radial lines, sense of genesis and order, high-resolution vector detailing, contemplative tone.|ἡ_κτίσις_0007
ἡ οἰκουμένη|the inhabited world / earth|Panoramic Art Deco mural, global hemisphere composed of staggered geometric continents in polished brass and malachite, surrounded by repeating ziggurat skyscrapers. Overhead skylight casts even glow, palette of verdigris, champagne, and lapis. Sleek enamel finish, precise linear perspective, celebratory yet orderly mood, 8K definition, symmetrical composition.|ἡ_οἰκουμένη_0008
ἡ περιστερά|the dove|Refined Art Deco sculpture, alabaster dove in flight, wings stylized into layered chrome chevrons, perched on sun-ray pedestal of rose-gold. Backlit by warm spotlight creating soft halo, color accents of ivory, coral, and metallic graphite. High-gloss polish, sharp beveled edges, peaceful yet triumphant aura, ultra-detailed 8K render.|ἡ_περιστερά_0009
ἡ συκῆ|the fig-tree|Stylized Art Deco panel, symmetrical fig tree with geometric fan foliage in emerald and gold foil, trunk formed of stacked black-marble rectangles. Low raking light emphasizes stepped canopy shadows, palette of jade, onyx, and antique brass. Satin lacquer finish, precise engraved veins, serene pastoral mood, high-resolution clarity, balanced vertical composition.|ἡ_συκῆ_0010
ἡ ὑπομονή|the patience / endurance|Art Deco bronze sculpture of a robed woman seated on a stylized ziggurat throne, her elongated arms cradling an endless serpent that forms a perfect geometric loop. Polished brass and obsidian inlays create sunburst rays behind her, while chevron-cut emerald glass panels echo her calm gaze. Low raking light from a stepped skylight casts crisp shadows across chrome-finished surfaces, emphasizing the symmetry and metallic sheen. Palette: deep jade, antique gold, and onyx black. Sharp focus, high contrast, 8K clarity.|ἡ_ὑπομονή_0011
λαμβάνω πρόσωπον|I show partiality / respect persons|Art Deco courtroom frieze: two identical marble masks—one plated in rose gold, the other in weathered copper—emerge from a fan-shaped marble wall. A black-and-gold checkerboard floor recedes in forced perspective toward a radiant crystal scales motif etched in silver leaf. Overhead, a stepped cornice of polished mahogany catches a single spotlight, creating halos that favor the golden mask. Palette: warm metallics against cool Carrara white. Dramatic chiaroscuro, crisp edges, ultra-sharp 8K render.|λαμβάνω_πρόσωπον_0012
μέλλω ποιεῖν|I am about to do|Art Deco machine-age tableau: a chrome silhouette poised on a skyscraper ledge, one foot forward, body a series of streamlined chevrons catching sunrise. Behind, a monumental gear-shaped sun bursts in enamel reds and chrome yellows, its rays aligning with the figure’s angular costume. Plate-glass windows reflect repeating zigzag patterns, amplifying momentum. Palette: sunrise coral, brushed nickel, and cobalt shadows. High-key backlighting, lens flare on metal, razor-sharp 8K detail.|μέλλω_ποιεῖν_0013
μισεῖ αὐτήν|he/she hates it (fem.)|Art Deco nightclub vignette: a lacquered ebony mannequin turns away from a shattered mirror mosaic, each shard edged in blood-orange enamel. Her gown—black sequins forming jagged lightning—catches a single violet spotlight from a stepped ceiling. Negative space shaped like an inverted heart isolates her profile. Palette: noir black, bruised violet, molten orange. Sharp shadows, glossy finishes, ultra-resolution 8K.|μισεῖ_αὐτήν_0014
ὁ κράβαττος|the pallet / stretcher / poor bed|Art Deco charity ward: a minimalist stretcher of polished aluminum and ivory leather suspended between two angular chrome pylons. A single folded geometric blanket—stitched in gold lamé triangles—casts a stepped shadow onto a terrazzo floor inlaid with stylized wheat motifs. Cool north-light from a frosted glass-block wall evokes quiet dignity. Palette: hospital white, muted gold, cool grey. Soft diffused lighting, immaculate surfaces, 8K clarity.|ὁ_κράβαττος_0015
ὁ φαλμός|the palm (of hand)|Art Deco palm study: an oversized gilded bronze hand sculpture, fingers slightly bent to form a perfect fan of symmetrical curves, rests on a black Belgian marble pedestal. Behind, a silver-leafed sunburst panel echoes the palm’s lines, each ray inlaid with tiny mirrors that catch a spotlight. Palette: molten gold, onyx, mirror silver. High-contrast lighting, reflective highlights, 8K macro detail.|ὁ_φαλμός_0016
οὐδείς|no one, nobody|Art Deco absinthe bar at 3 a.m.: an empty hexagonal stool upholstered in sharkskin grey faces a polished mahogany counter whose edge forms an endless zigzag. Overhead, a stylized neon eye is switched off, leaving only a faint cyan afterglow on chrome fixtures. Dust motes illuminated by a single gold spotlight create an invisible portrait of absence. Palette: desaturated teal, smoked bronze, obsidian. Moody low-key lighting, mirror-sharp 8K.|οὐδείς_0017
παραγγέλλω σοι ποιῆσαι|I command you to do|Art Deco military office: a tall commander in a sharply creased navy coat with gold chevron epaulettes points a chrome baton toward a wall-sized mechanical map lit by emerald cathode tubes. The baton’s tip aligns with a glowing crimson arrow that commands miniature chrome locomotives across polished brass rails. Palette: midnight blue, acid green, imperial gold. Harsh overhead spotlights create knife-edge shadows, ultra-sharp 8K resolution.|παραγγέλλω_σοι_ποιῆσαι_0018
παραχρῆμα|immediately, on the spot|Art Deco stock-exchange freeze-frame: a telephone handset of polished nickel hovers mid-air above a ticker-tape machine spitting gold-leaf paper strips that form instantaneous zigzag patterns. A strobe-like ceiling light captures the moment in crisp stillness, reflections multiplying across glossy macassar ebony desks. Palette: chrome, molten gold, espresso brown. High-speed lighting, frozen motion blur on tapes, 8K detail.|παραχρῆμα_0019
τελεῖ ἔργον|he/she finishes / accomplishes (the) work|Art Deco factory finale: a statuesque worker in chrome coveralls places the last enameled cobalt tile into a towering sunburst mural. Riveted steel beams converge behind her like a cathedral nave, while a single overhead spotlight ignites a golden halo around her rivet gun. Palette: industrial silver, royal blue, triumphal gold. Crisp symmetrical composition, high-gloss surfaces, 8K clarity.|τελεῖ_ἔργον_0020
τὸ λοιπόν|the remainder / henceforth|Art-Deco vision of time’s remainder: a monumental stepped-pyramid clock, its polished obsidian tiers edged in sunburst gold, levitating above a midnight-blue lacquer floor. Stylized bronze hourglides—streamlined into zig-zag chevrons—pour molten ivory light upward, reversing entropy. Background fan motifs in teal and vermilion radiate from a single crystal sphere, suggesting future possibility. Low-angle cinematic lighting, sharp shadows, high-gloss surfaces, metallic accents, symmetrical composition, 8K clarity.|τὸ_λοιπόν_0021
τοιοῦτος|such, of such a kind|Art-Deco personification of quintessential form: twin jade-black marble statues, mirror-identical, stand on chrome semicircles that fuse into an infinite-loop ziggurat. Their gowns are inlaid with repeating triangle patterns in champagne gold, catching razor-edge spotlights. Behind, a stained-glass fan window refracts emerald, coral, and onyx rays, bathing the scene in saturated symmetry. Geometric inlays on the floor echo the same ratios, emphasizing sameness. Crisp contrast, metallic highlights, luxurious palette, ultra-sharp focus.|τοιοῦτος_0022
ὑπακούω αὐτῆς|I obey her/it (fem.)|Art-Deco allegiance: a stylized bronze female figure, draped in cascading chrome beadwork, releases concentric sound-wave fans from an outstretched palm. Before her, a kneeling automaton of polished brass and malachite, designed with streamline ridges, tilts its angular head in perfect symmetry. Background pylons rise in diminishing perspective, trimmed with gold chevrons, under a sweeping searchlight sky. Palette of ebonized walnut, antique gold, and jade green; dramatic rim lighting, glossy finishes, symmetrical grandeur.|ὑπακούω_αὐτῆς_0023
φείδομαί σου|I spare / have mercy on you|Art-Deco mercy scene atop a skyscraper ziggurat terrace: an elegant guardian in ivory silk gown with black onyx chevron panels extends a silver-gilt hand toward a supplicant rendered in angular shadows. Between them, a translucent alabaster disk—etched with stylized lightning sunbursts—floats, symbolizing withheld judgment. Night skyline glows in sapphire and gold, illuminated by sweeping searchlights creating dramatic diagonal shafts. Mirror-polished floors reflect every line; palette of ivory, obsidian, and warm gold; high-contrast, crystalline detail.|φείδομαί_σου_0024
