ἄγω σε πρός |I lead / bring you to …|Color pencil sketch: a cloaked guide gently leading a small figure forward along a narrow path that disappears into misty distance. Composition uses strong diagonal motion—flowing robes and outstretched arms draw the eye. Layered strokes of indigo, lavender, and warm sienna build depth; highlights picked out in white pencil. Soft, dawn side-lighting creates long, hopeful shadows; paper grain visible, giving tactile charm. Subtle cross-hatching defines folds, while loose, gestural lines convey movement and anticipation. Mood is quiet, inviting, and gently mysterious. Leave edges unfinished to suggest the unknown destination ahead.|ἄγω_σε_πρός_0001
 ἔτι |still, yet, even now|Color pencil sketch: a single candle burned low, its tiny flame reflected in a cracked window at midnight. Tight, circular composition centers on glowing amber and cobalt blues of night. Smooth tonal layers and circular burnishing make the flame almost luminous against rough paper texture. Sparse, vertical hatch marks hint at falling rain outside, reinforcing stillness. Limited palette—sepia, ultramarine, touches of vermilion—keeps focus on quiet persistence. Soft vignette edges and untouched paper speckles evoke suspended time; mood is calm, resilient, quietly defiant, capturing the moment ‘yet’ endures.|ἔτι_0002
 ἔχω τήν |I have / hold …|Color pencil sketch: close-up of weathered hands cradling a fragile bird, fingers intertwined with feathers. Tight framing fills the page, knuckles rendered with short, directional strokes of burnt umber and muted olive, while the bird glows in soft creams and sky-blue shadows. Gentle overhead lighting emphasizes protective gesture; negative space left raw to heighten tenderness. Fine line hatching builds volume; occasional colored-pencil ‘dust’ smudged for softness. Palette is warm earth against cool highlights, conveying quiet guardianship. Mood is intimate, reverent, capturing secure yet delicate possession.|ἔχω_τήν_0003
 ἡ κλίνη |the bed / couch / bier|Color pencil sketch: an empty, draped couch beneath a high window, sheet folds cascading like gentle waves. Low, oblique viewpoint creates solemn monumentality. Layered violet and Payne’s-grey strokes define shadows; highlights in pale lilac and warm peach give linen a luminous quality. Rough paper tooth catches pigment, echoing fabric texture. Sparse background lines suggest stone walls, enhancing silence. Lighting is cool moonlight from left, casting elongated, melancholic shadows. Edges left unfinished, implying transience. Mood is hushed, meditative, hovering between rest and farewell.|ἡ_κλίνη_0004
 ἡ νεφέλη |the cloud|Color pencil sketch: a towering cumulus cloud drawn with swirling, organic strokes that dissolve at edges. Composition floats in mid-page, surrounded by untouched white paper suggesting open sky. Soft, circular burnishing blends powder-blue, lavender, and warm grey, while quick, lifted pencil flicks create wispy filaments. Subtle hatch marks underneath hint of drifting motion. Diffused, high sunlight gives gentle radial glow; no hard lines, keeping forms airy. Palette limited to cool pastels with a single blush of rose near core, evoking fleeting beauty. Mood is light, contemplative, ephemeral.|ἡ_νεφέλη_0005
 ἡ στολή |the robe / long garment, festive dress|Color pencil sketch: full-length, flowing festival robe hung on an ornate hook, hem pooling into curling shadows. Vertical format emphasizes elegance; layered scarlet, gold ochre, and indigo strokes build rich, tapestry-like folds. Metallic highlights added with firm pressure to mimic embroidered shimmer. Cross-hatching and diagonal lines suggest weight and texture of heavy silk. Warm side-lighting from right creates dramatic crimson glow against cool background washes. Rough paper grain adds tactile authenticity. Some outlines deliberately broken, conveying gentle movement. Mood is celebratory yet stately, poised for ceremony.|ἡ_στολή_0006
 κρύπτω τήν |I hide / conceal …|Color pencil sketch: hands pulling a translucent veil across a small, glowing object, half-submerged in deep shadow. Tight, square composition focuses on interplay of concealment—diagonal veil rendered with whisper-light cyan and lavender strokes, softly smudged. Object hinted by warm amber glow beneath, edges left indistinct. Surrounding darkness built with dense, crisscross layers of indigo and sepia, gradually lightening toward veil for subtle gradation. Highlight accents scratched out with stylus to restore paper white, suggesting glints of curiosity. Mood is secretive, tender, charged with quiet suspense.|κρύπτω_τήν_0007
 λύω τήν |I loose / untie / destroy …|Color pencil sketch: a thick rope fraying apart mid-air, individual fibers exploding outward in dynamic radial burst. Diagonal composition conveys sudden release; vigorous, directional strokes in burnt umber and charcoal grey show tension giving way. Negative space spattered with colored-pencil dust mimics flying splinters. Background kept minimal—loose, gestural arcs implying force. Sharp, white-pencil highlights on frayed ends add kinetic sparkle. Lighting is high-contrast, as if a flash captures the instant of rupture. Edges sketchy, unfinished, echoing dissolution. Mood is energetic, liberating, slightly chaotic.|λύω_τήν_0008
 ὁ ἄγγελος |the messenger, angel|Color pencil sketch: winged messenger alighting on a crumbling stone step, robes billowing. Figure drawn with elongated, graceful proportions; wings suggested by layered, curved strokes of ivory and pale turquoise, edges feathered with lifted pigment. Face in gentle three-quarter light, eyes downcast, rendered with soft peach and subtle violet shadows. Warm sienna and cool indigo build drapery folds; cross-hatching indicates ancient fabric. Background outlines of distant columns fade into blank paper, evoking timeless realm. Diffused golden light from upper left creates ethereal halo. Mood is serene, anticipatory, quietly authoritative.|ὁ_ἄγγελος_0009
 ὁ ἀγρός |the field / countryside|Color pencil sketch: expansive countryside seen from low hill—undulating wheat rows rendered with horizontal, rhythmic strokes of ochre and olive, converging toward a distant copse. Sky layered in soft cerulean, gently blended with tissue to create chalky atmosphere. Sporadic, impasto-like pencil dabs suggest wildflowers—poppy red, cornflower blue—imparting texture. Rough paper tooth catches pigment, mimicking earthy granularity. Lighting is bright midday, casting short, dense shadows beneath occasional oak. Foreground left loosely sketched with visible construction lines, inviting viewer into scene. Mood is open, peaceful, warmly pastoral.|ὁ_ἀγρός_0010
 ὁ ἀπόστολος |the apostle, sent one|Color pencil sketch of a robed figure standing on a rocky hillside at dawn, one hand raised in blessing, the other clutching a scroll. Warm ochre and burnt sienna strokes define weathered skin; indigo and violet cross-hatching shadows the mantle. Back-lighting from a low, golden sun creates a glowing halo effect around unkempt hair and beard. Loose, gestural lines suggest wind-tossed olive branches in the background, while fine, directional pencil marks radiate outward, symbolizing divine sending. Keep composition vertical,三分法 off-center, with textured paper grain visible beneath layered color washes for an ancient parchment mood.|ὁ_ἀπόστολος_0011
 ὁ δοῦλος |the slave, servant|Color-pencil sketch on cold-press ivory paper: a lone male figure kneels on weathered stone steps, wrists crossed and loosely bound with a frayed linen cord that drapes to the ground like a quiet surrender. He wears a coarse undyed rough-spun tunic, edges sun-bleached to warm oat and umber, folds scribbled with cross-hatched sepia and burnt sienna strokes. Head bowed, profile barely lifted, eyes hidden beneath a fall of charcoal-brown hair; subtle rose and terracotta blush along cheekbones suggests living breath beneath humility. Behind him, a low horizon of broken marble columns sketched in pale venetian red and Payne’s grey, edges left unfinished so white paper glints through like fading empire. Foreground pebbles and scattered olive leaves rendered with flicked pencil taps, creating granular texture. Lighting: soft dawn sidelight from left, warm peach and Naples yellow, leaving the right side in cool lavender shadow to heighten quiet drama. Background sky a loose, swirling mash of powder-blue and lilac pencil, smudged with tissue for cloudlike softness, contrasting the sharp linear strokes of the figure. Overall mood: reverent, subdued, a fragile dignity within servitude. Technical notes: keep pencil lines visible, embrace slight wobble for handmade honesty, use limited palette (earth reds, muted blues, ochres), leave 15 % paper bare for luminous highlights, apply heavier pressure on contours, lighter feathery shading for volume, no ink outlines, maintain rough sketch edges for raw emotional immediacy.|ὁ_δοῦλος_0012
 ὁ λύχνος |the lamp|Color pencil close-up of a small terracotta oil lamp resting on weathered stone, flame flickering. Bright cadmium orange and yellow circular strokes radiate from the wick, transitioning into layered vermilion and magenta mid-tones, then cooler indigo shadows beneath the dish. Dramatic chiaroscuro: deep violet background blended with heavy diagonal hatching, spotlighting the warm glow. Fine sgraffito scratches reveal paper white for highlights on the flame tip; granular paper texture catches ochre dust around the base, suggesting ancient use. Horizontal composition, centered, evokes stillness and quiet vigil, inviting contemplation of light amidst darkness.|ὁ_λύχνος_0013
 ὁ οἶκος |the house / household|Color pencil sketch of a sun-bleached Mediterranean courtyard viewed from above at an angled perspective. Terra-cotta roof tiles rendered with overlapping burnt sienna and rust strokes; shaded eaves in indigo and Payne’s grey create depth. A central fig tree, drawn with loose, swirling olive-green lines, anchors the composition; chalky white and pale yellow dry-brushed walls suggest stucco texture. Soft morning light from upper left casts gentle lavender shadows across stone pavers, while cross-hatched window recesses imply cool interior refuge. Include faint pencil outlines of household objects—clay jar, woven mat—to imply dwelling and belonging, maintaining warm, hospitable mood.|ὁ_οἶκος_0014
 ὁ πρεσβύτερος |the elder, presbyter, old man|Color pencil portrait bust of an elderly man, three-quarter view, chin slightly lifted. Silver-white and cool grey circular strokes craft a flowing beard; interwoven sepia and muted violet define aged skin creases. Soft north-light from right produces delicate tonal modeling on cheekbones; ear and temple areas left loosely sketched for ethereal dignity. Cross-hatched indigo cloak contrasts with warm ochre background, suggesting wisdom and authority. Paper grain visible through layered color provides tactile authenticity; subtle use of erasable white pencil adds catch-lights in eyes, conveying perceptive serenity. Overall mood: reverent, calm, time-honored.|ὁ_πρεσβύτερος_0015
 ὁ υἱός |the son|Color pencil sketch of a young shepherd boy standing on a verdant ridge, staff in hand, looking toward distant hills. Fresh sap green and light cobalt loops render grassy movement; face illuminated by late afternoon gold with peachy cross-hatching for youthful warmth. Backlight outlines curly hair with radiant ochre strokes, creating filial halo effect. Loose, upward gestural lines in sky imply hope and inheritance. Keep composition low on horizon, negative space above suggesting future promise; paper tooth exposed in clouds balances detailed figure. Mood: innocent, expectant, beloved.|ὁ_υἱός_0016
 πέμπω σε πρός |I send you to …|Color pencil narrative scene: foreground sandal-bound foot stepping onto a dusty path that winds toward distant, faintly sketched city walls. Dynamic diagonal composition, motion left-to-right. Sender’s robe edge and extended hand visible at left, drawn with quick vermilion and burnt umber strokes implying momentum. Path rendered in layered ochre and raw sienna with violet shadows; cross-directional hatching conveys gritty texture. Early sunrise palette—soft pinks, pale oranges—infuses atmosphere with purpose. Loose, broken line work around hems suggests wind and movement; sparse white negative space keeps focus on the act of commissioning, evoking eager obedience.|πέμπω_σε_πρός_0017
 πίνω τήν |I drink …|Color pencil study of weathered hands cradling a simple wooden cup at spring water source. Turquoise and cerulean circular swirls indicate rippling surface; droplets highlighted with white pencil speckles. Hands modeled using burnt umber and sienna layered over cool violet shadows, tendons accented with fine linear strokes. Soft overhead light creates gentle gradient on forearms, implying sacred act. Background suggested through loose vertical green and grey lines of reeds, kept out of focus. Tight framing, shallow depth, evokes intimacy and sustenance; textured paper left partly visible to convey humility and necessity.|πίνω_τήν_0018
 σῴζω σε |I save / rescue you|Color pencil dramatic scene viewed from below: outstretched arm plunging into turbulent teal and indigo waves, grasping a sinking wrist. Rescuer’s sleeve rendered with quick vermilion and cadmium red strokes against foaming white gouache-like highlights scratched into paper. Turbid water created via overlapping curved pencil lines, alternating ultramarine and emerald, leaving jagged paper specks for spray. Strong diagonal axis enhances urgency; distant storm clouds hatched in violet and grey heighten peril. Subtle golden glow where hands meet implies divine intervention; overall mood: immediate, hopeful, liberating.|σῴζω_σε_0019
 τὸ δαιμόνιον |the demon, evil spirit|Color pencil surreal sketch of a shadowy, semi-abstract figure dissolving amid swirling graphite and crimson strokes. Angular, jagged lines intersect the form, suggesting torment; negative space carved out with eraser creates piercing eyes. Background layered with chaotic cross-hatching—deep purple, black, and scarlet—leaving raw paper flashes like trapped light. Low, unsettling sidelight from below casts upward shadows, producing ominous presence. Rough, toothy paper enhances gritty texture; occasional broken lines and splattered pigment evoke unrest. Keep composition centrally weighted yet fragmented, conveying spiritual disturbance while maintaining color-pencil softness that hints the entity’s grasp can be overcome.|τὸ_δαιμόνιον_0020
 τὸ δένδρον |the tree|Color pencil sketch of a solitary ancient oak, trunk slightly off-center following rule of thirds, bark rendered with cross-hatched umber and sienna strokes, gnarled roots gripping earthy ochre soil. Early morning side-light filters from left, casting long violet shadows; foliage layered in jade, emerald, and olive scribbles, negative space suggesting sky in pale cerulean washes. Paper texture visible, gentle graphite under-drawing, faint white gel-pen highlights on leaf edges, creating dewy sparkle. Mood: quiet endurance, timeless watchfulness.|τὸ_δένδρον_0021
 τὸ ζῷον |the living creature, animal|τὸ ζῷον, a graceful wild animal rendered as a vibrant color‑pencil sketch – imagine a majestic stag poised on a moss‑covered rock at the edge of an ancient olive grove. The composition centers the creature in a three‑quarter view, antlers extending upward like delicate crown filigree, with soft, expressive eyes that convey quiet intelligence. Warm sunrise light filters through olive branches, casting gentle, elongated shadows across the stag’s muscular neck and the textured ground, creating a luminous halo of amber and golden‑ochre. The background is a misty, pastel‑green forest fade, sketched with loose, overlapping pencil strokes that suggest depth without overpowering the subject. Use rich, layered color‑pencil techniques: cross‑hatching for fur texture, subtle blending for the sheen on the antlers, and fine stippling for the dew‑kissed grass. Emphasize the tactile quality of high‑grade paper, with visible paper grain and occasional eraser highlights to reveal light. Mood: serene, reverent, timeless. Render in ultra‑high resolution (8K) with crisp detail, emphasizing the delicate balance of line, color, and light typical of a masterful color pencil illustration.|τὸ_ζῷον_0022
 τὸ πρόβατον |the sheep|Color pencil sketch of a fluffy ewe, three-quarter view facing viewer, body centered but head tilted for gentle eye contact. Wool rendered in swirling layers of cream, warm grey, and faint lavender, varying pencil pressure to create cloud-like volume; individual curls suggested by spiral line work. Soft diffused daylight from above produces delicate charcoal shadows beneath belly and legs. Pasture merely hinted with muted moss and celadon horizontal strokes, giving pastoral calm. Light smudging on fleece edges enhances softness; tiny graphite hoof details anchor the animal. Mood: serene, nurturing countryside.|τὸ_πρόβατον_0023
 τὸ σχοινίον|the rope / cord|Color pencil sketch of a thick hemp rope loosely coiled on rough wooden deck, concentric loops forming rhythmic spiral composition. Fibers drawn with intertwined sepia, raw umber, and sand strokes, alternating line weight to show frayed strands catching light. Strong directional light from upper right casts deep sienna shadows within coils, highlighting twisted ridges with pale beige. Wood planks sketched in muted grey-violet, grain lines perpendicular to rope for contrast. Visible paper tooth adds tactile roughness; selective burnishing on rope edges creates subtle sheen, implying coarse strength. Mood: maritime nostalgia, quiet readiness.|τὸ_σχοινίον_0024
