ἄγοράζω αὐτήν|I buy it (fem.)|Ancient Mediterranean marketplace at golden hour, a veiled woman in flowing indigo stola examines a delicate silver hand-mirror offered by a sun-weathered merchant; terracotta pots of saffron and purple dye glow like jewels, marble colonnade behind catching warm low-angle light, dust motes swirling in air, rich palette of ochre, ultramarine and burnished bronze, shallow depth of field focusing on the mirror’s reflective flash and the buyer’s intent gaze, cinematic chiaroscuro, 35 mm film grain, subtle lens flare, composition anchored by the diagonal of her outstretched arm, classical yet timeless mood of quiet decision, captured in ultra-realistic style with slight romantic softness, 8K resolution.|ἄγοράζω_αὐτήν_0001
βαπτίζομαι|I am baptized / immerse myself|A lone figure stands waist-deep in a crystalline mountain pool at twilight, surrounded by towering cypress trees that arch like cathedral pillars. Their white linen robe clings translucently, water beading like liquid mercury on the fabric. Golden hour light filters through cypress needles, creating a dappled halo effect around the figure's tilted head, eyes closed in transcendent surrender. The water's surface mirrors both sky and subject—dual realities merging where flesh meets liquid. Microscopic details: individual droplets suspended mid-air, each containing refracted sunset colors; submerged skin showing delicate blue-green veins; hair floating like dark silk ribbons. The scene captures the precise moment of immersion—one bare foot lifting from moss-covered stone beneath, sending concentric ripples across the pool. Background fades into impressionistic brushstrokes of viridian and ultramarine, while the foreground maintains photorealistic clarity. Color palette: warm ochres and siennas contrasting with cool viridian and cerulean, creating spiritual tension between earthly and divine. Shot from a low angle, three-quarter profile, using a 35mm lens equivalent with shallow depth of field (f/1.4) to isolate the subject in a cocoon of bokeh. Style blends Pre-Raphaelite romanticism with contemporary hyperrealism—think Waterhouse meets Gregory Crewdson. The mood evokes sacred vulnerability, that liminal space between death and rebirth, fear and liberation. Technical specifications: 8K resolution, ray-traced reflections, subsurface scattering on skin, volumetric god rays, chromatic aberration on water droplets.|βαπτίζομαι_0002
διαπορεύομαι διά|I travel through / journey across …|Lone traveler on stone Roman road stretching through golden wheat fields toward distant mountains, aerial perspective haze, midday sun casting short shadows, billowing dust behind sandals, palette of earthy siennas, cerulean sky, viridian cypresses, cinematic widescreen 2.39:1, slight lens vignette, National Geographic clarity, evocative of classical history illustrations.|διαπορεύομαι_διά_0003
ἐν ὀνόματι|in (the) name of … (+ gen.)|Close-up of calligrapher’s hand writing Greek letters on papyrus scroll by oil-lamp glow, warm umber light carving deep shadows, ink glistening, parchment texture hyper-detailed, shallow depth-of-field, atmosphere reverent and intimate, palette of sepia, burnt amber, ivory, Rembrandt lighting, 85 mm macro realism, 8 K surface detail.|ἐν_ὀνόματι_0004
ἡ βουλή|the counsel / plan / council|Torch-lit marble council chamber, circle of robed elders leaning over engraved bronze table maps, dramatic low-key lighting, orange flame reflections on white stone, deep crimson drapes, serious expressions, Caravaggio-style chiaroscuro, 24 mm wide-angle to emphasize grandeur, high contrast, cinematic grain, 4 K texture on stone and skin.|ἡ_βουλή_0005
ἡ διδαχή|the teaching / instruction|Sun-dappled olive grove classroom, bearded teacher seated on limestone block gesturing while youths with wax tablets listen, soft morning backlight filtering through silver-green leaves, gentle bokeh, palette of sage, warm terracotta, parchment beige, serene scholarly mood, Studio Ghibli meets classical realism, 50 mm softness, subtle volumetric light rays.|ἡ_διδαχή_0006
ἡ ἐντολή|the commandment / order|High-angle shot of bronze-armored commander holding engraved brass tablet up against storm-dark sky, lightning flash illuminating stern face, wind whipping crimson cloak, palette of gunmetal, slate clouds, electric white, dramatic noir contrast, 200 mm telephoto compression, crisp rain droplets, epic history-painting vibe, 8 K metal reflections.|ἡ_ἐντολή_0007
ἡ ἐρημία|the wilderness / desert place|Vast Judean desert at first light, solitary figure in rough wool robe walking narrow path between towering eroded cliffs, cool violet shadows retreating from warm sandstone, distant Dead Sea glinting, palette of ochre, mauve, pale turquoise, contemplative silence, Ansel-Adams-like monochrome undertone, 70 mm panorama, razor-sharp strata textures, subtle heat shimmer.|ἡ_ἐρημία_0008
ἡ παιδίσκη|the slave-girl / young girl|Soft afternoon interior of ancient kitchen, young girl in simple tunic kneeling by stone hearth feeding olive branches into fire, warm glowing embers lighting hopeful eyes, gentle rim light from doorway, palette of muted rust, creamy plaster, charcoal, impressionistic brush-stroke softness, 35 mm humanist realism, shallow depth-of-field, delicate emotion.|ἡ_παιδίσκη_0009
ἡ παρθένος|the virgin|Blue-hour temple portico, young woman in white himation holding lit oil lamp, moonlight and flame mixing on serene face, cool cerulean shadows against warm amber highlights, marble columns glowing softly, palette of ivory, indigo, gold leaf accents, pre-Raphaelite purity, 85 mm portrait lens, subtle lens bloom, ultra-fine fabric texture, 8 K clarity.|ἡ_παρθένος_0010
ἡ τρίβος|the worn path / track|Ancient, stone-slab footpath cutting across a sun-bleached Mediterranean hillside, edges rounded by centuries of sandals and hooves, sparse thyme and dry grass pressing in. Shot at late golden hour, low raking light carving long shadows into ruts and wheel-grooves, dust motes glowing. Warm ochre earth, muted sage greens, weathered gray stones. Cinematic 35 mm style, f/2.8 shallow depth, rule-of-thirds with the path snaking from lower left toward a distant olive grove, horizon low for vast sky. Mood: quiet endurance, timeless pilgrimage.|ἡ_τρίβος_0011
κάθημαι ἐπὶ τόπου|I sit / am seated on (a) place|Lone figure in rough linen robe seated cross-legged atop a weathered limestone outcrop overlooking the sea, back to viewer, wind lifting cloak folds. Late-afternoon side light, rim-lighting hair and fabric, Mediterranean azure below, scattered whitecaps. Palette: sun-bleached neutrals, deep ultramarine water, warm skin highlights. Composition: centered vertical, negative sky for contemplation, 50 mm lens realism, soft bokeh on distant sail. Mood: meditative stillness, quiet authority over space.|κάθημαι_ἐπὶ_τόπου_0012
νηστεύω|I fast|A solitary figure sits cross-legged on weathered stone steps of a Byzantine monastery at dawn, wearing simple rough linen robes in muted earth tones. The scene captures spiritual asceticism through chiaroscuro lighting - warm golden sunlight streams through arched windows, creating dramatic shadows that emphasize the hollow cheeks and closed eyes of the fasting monk. His emaciated hands rest palms-up in meditation, rosary beads scattered beside a simple wooden bowl containing only drops of water. The composition uses the rule of thirds, with the figure positioned left of center, gazing toward an ancient icon barely visible in candlelight. Deep crimson and purple vestments hang in the background, symbolizing both sacrifice and royalty, while dust motes dance in the light beams like ascending prayers. The photographic style evokes Caravaggio's dramatic realism with contemporary sharpness - shot on 50mm lens, f/1.4 aperture creating shallow depth of field, ISO 800 capturing texture of rough stone walls. The mood transcends physical deprivation, revealing transcendent peace through subtle facial expression. Cool blue shadows contrast with warm amber highlights, creating visual metaphor for the intersection of earthly suffering and divine light. Technical specifications include ultra-realistic detail, 8K resolution, HDR processing to capture the full dynamic range from deepest shadows to brightest highlights, with particular attention to skin texture showing the authentic marks of extended fasting while maintaining human dignity.|νηστεύω_0013
ὁ κάμηλος|the camel|Single dromedary camel standing regally amid rolling Sahara dunes at first light, long shadow stretching across rippled sand. Rich warm oranges and cool violet shadows, sky gradating from rose to cobalt. Ornate woven saddle with tassels, small leather scroll pouches. Low camera angle, 24 mm lens, slight upward tilt for monumentality. Sharp focus on eye, lashes catching sun, breath visible as faint vapor. Mood: resilient dignity, silent endurance of desert caravans.|ὁ_κάμηλος_0014
ὁ κλῆρος|the lot / share / inheritance|Dusty clay vessel shattered on flagstones, terra-cotta shards encircling five smooth white pebbles, one painted with a blue alpha symbol catching a beam of late window light. Background: dim storeroom, wooden inheritance chest ajar, hint of rolled parchments. Deep browns, muted terracotta, single spot of cobalt for focal emphasis. Top-down 45° still-life, Caravaggio-style lighting, sharp contrast. Mood: fateful division, silent anticipation of destiny assigned.|ὁ_κλῆρος_0015
ὁ Μωϋσῆς|Moses|Elderly Moses in wind-torn striped mantle standing on craggy Sinai ridge, staff of knotted acacia planted beside him, white beard catching moonlight under brooding storm clouds split by distant fork of lightning. Palette: slate blues, iron grays, warm skin luminescence. Wide 24 mm lens, low horizon, turbulent sky dominating two-thirds frame. Hyper-real detail on weathered hands, tablets half-visible under arm. Mood: awe-laden authority, covenantal tension between earth and heaven.|ὁ_Μωϋσῆς_0016
ὁ πόλεμος|the war / battle|Chaotic melee at twilight plain, bronze spears and shields catching last crimson sun, dust cloud glowing amber against bruised violet sky. Foreground: fallen helmet half-buried, shallow depth, droplets of blood on metallic dents. Impressionistic motion blur on clashing silhouettes beyond, expressive brush-stroke texture reminiscent of Delacroix. Palette: blood reds, burnished bronze, cooling twilight blues. Wide aspect 16:9, diagonal composition for dynamism. Mood: visceral turmoil, ephemeral glory swallowed by night.|ὁ_πόλεμος_0017
ὁ ψεύστης|the liar|A gaunt man in a tattered baroque doublet stands before a cracked Venetian mirror that multiplies his profile into seven overlapping reflections, each mouth spewing a different colored smoke—vermillion, viridian, sulfurous yellow—that braids into a noose-shaped cloud above his head. Chiaroscuro candlelight carves his hollow cheeks while a single phosphorescent moth perches on his lip, wings spelling out “ψεύστης” in microscopic Greek. The foreground table is littered with broken hourglasses whose spilled sand forms tiny serpents that crawl toward the viewer; one serpent’s eye is a miniature human face screaming. Background dissolves into a Caravaggio-style void of velvety indigo, punctuated by faint constellations shaped like court jesters’ masks. Palette: desaturated umber, oxidized copper, and arterial red highlights on the smoke noose. Shot on a 50 mm lens, f/1.4, shallow depth of field so only the central reflection is tack-sharp while the rest melt into buttery bokeh; ultra-high-resolution 8 K, subtle film grain, aspect ratio 4:5. Mood: ominous theatricality, moral allegory, whispers of guilt curling outward like cold breath.|ὁ_ψεύστης_0018
πάλαι|long ago, of old|A lone marble Doric column emerges from the Aegean shallows at twilight, its fluted shaft half-eaten by barnacles and time; the capital is crowned by a tattered olive branch whose silver-green leaves flicker like ghosts. Behind it, the sunken outline of an ancient temple floor glimmers beneath transparent turquoise water, mosaics of dolphins and labyrinths still visible where sunlight shafts strike through broken waves. The sky is a bruised gradient of indigo and rose, with one star—Eosphoros—already burning low on the horizon. A weather-stained papyrus scroll unfurls mid-air, its edges curling into golden ash that drifts upward and becomes constellations spelling forgotten Linear B symbols. In the foreground, a translucent elderly man in a coarse himation kneels, touching the column; his outline dissolves into drifting particles of marble dust that catch the last light. Palette: oxidized bronze, wet limestone, deep Tyrian purple, and the warm amber of fading memory. Shot on a virtual large-format sensor, 50 mm tilt-shift lens, f/1.4, shallow depth of field isolating the figure while the background melts into mythic bokeh. Cinematic chiaroscuro: warm tungsten rim light from an unseen oil lamp contrasts with cool underwater caustics, evoking longing and impermanence. Style: hyper-realistic archaeological fantasy fused with classical academic painting—think Alma-Taderma meets Gregory Crewdson. Ultra-sharp 8 K clarity, subtle film-grain overlay, 16:9 aspect ratio for epic nostalgia.|πάλαι_0019
πονηρός|evil, wicked|Figure cloaked in tattered black robes standing at mouth of subterranean tunnel, torch held low casting long red-orange flare across wet walls; face hidden except for glint of eyes. Iron chains dangling, water puddles reflecting infernal glow. Palette: desaturated near-monochrome with selective blood-red accents. Low-key lighting, high contrast noir style, 35 mm grain. Dutch angle for unease, negative space behind inviting yet menacing. Mood: lurking malice, temptation beckoning inward.|πονηρός_0020
προσέρχομαί σοι|I come / approach you|Cinematic, golden-hour scene: a solitary figure in a flowing ivory himation walks barefoot across a marble-paved agora toward the viewer, sun-low warm backlight rim-lighting the robe’s edges and scattering motes of dust, shallow depth of field, 35 mm lens, soft bokeh of distant columns, palette of burnt umber, honey, and pale stone, quiet reverent mood, ultra-sharp 8 K, subtle film grain, rule-of-thirds placement with negative space ahead to suggest anticipation.|προσέρχομαί_σοι_0021
τὸ σχίσμα|the division / split|A vast obsidian monolith cleaves the center of an endless alabaster desert, its surfaces mirror-polished yet fractured by a single, glowing fissure that pulses with auroral light—electric violets, magma oranges, and glacier blues—spilling outward like veins of living plasma. The split is not clean: shards of stone hover mid-explosion, frozen in time, each fragment reflecting a divergent world—one side showing a utopian city of crystalline spires under golden sunrise, the other a storm-wracked wasteland under bruised twilight. Low, raking light from a bifurcated sun casts razor shadows that bend toward the chasm, creating a visual gravity pulling the viewer’s eye into the divide. Hyper-real, 16-bit color depth, shot with an 85 mm tilt-shift lens at f/1.4 for infinite depth of field and creamy bokeh on drifting dust particles. Style fusion of monumental brutalist architecture and ethereal digital surrealism, textured with micro-cracks and subsurface scattering. Mood: awe-laden tension, the silent instant before reality chooses its path.|τὸ_σχίσμα_0022
χωλός|lame, crippled|Neo-noir street scene at cobalt twilight: a lone man leaning on a worn wooden crutch beneath a flickering neon sign, wet asphalt reflecting turquoise and magenta, low-key lighting with hard rim-edge from a distant streetlamp, shallow depth isolating his weathered face against blurred city haze, palette of desaturated teals, rust, and bruised purples, mood of resilient solitude, 50 mm lens, cinematic 2.39:1, 8 K clarity, subtle rain beads on coat.|χωλός_0023
ὡς|as, like, about, when|Abstract impressionist vignette: translucent layers of liquid color—turquoise, rose-gold, and lunar silver—flow and merge like time-lapsed clouds inside a glass orb, soft diffused rim-light creating halos at each intersection, colors bleeding into one another to evoke simile and transition, 85 mm lens, f/1.4, creamy bokeh, gentle motion blur, dreamlike serenity, pastel palette, high-resolution 8 K, centered orb with generous negative space for contemplation.|ὡς_0024
